2026-04-20T14:47:04.0000000000Z	121224	/mnt/h/AETHIEAOPSYS/DATA/apt_installed_lolita.txt
2026-04-20T14:47:04.0000000000Z	15581	/mnt/h/AETHIEAOPSYS/DATA/apt_upgradable_lolita.txt
2026-04-20T16:36:00.0000000000Z	247	/mnt/h/AETHIEAOPSYS/DATA/MEMORY/ANCHORS/2026-04-20.json
2026-04-20T16:42:40.0000000000Z	170	/mnt/h/AETHIEAOPSYS/DATA/MEMORY/SYSTEM/aethiea.json
2026-04-20T21:35:28.0000000000Z	18	/mnt/h/AETHIEAOPSYS/DATA/MEMORY/NODES/nodes.json
2026-04-20T21:38:10.0000000000Z	72	/mnt/h/AETHIEAOPSYS/DATA/MEMORY/ANCHORS/2026-04-20_anchor.json
2026-04-20T22:08:40.0000000000Z	77	/mnt/h/AETHIEAOPSYS/DATA/MEMORY/ANCHORS/2026-04-21T02-08-39Z.json
2026-04-20T22:22:38.0000000000Z	76	/mnt/h/AETHIEAOPSYS/DATA/MEMORY/ANCHORS/2026-04-21T02-22-36Z.json
2026-04-23T17:58:04.0000000000Z	829	/mnt/h/AETHIEAOPSYS/MODS/B43-RU5/000/config.json
2026-04-23T17:58:12.0000000000Z	593	/mnt/h/AETHIEAOPSYS/MODS/B43-RU5/000/rules.txt
2026-04-23T17:58:54.0000000000Z	500	/mnt/h/AETHIEAOPSYS/MODS/B43-RU5/000/README.md
2026-04-23T18:01:34.0000000000Z	206	/mnt/h/AETHIEAOPSYS/MODS/B43-RU5/000/role.txt
2026-04-23T18:08:30.0000000000Z	893	/mnt/h/AETHIEAOPSYS/MODS/B43-RU5/001/config.json
2026-04-23T18:09:02.0000000000Z	548	/mnt/h/AETHIEAOPSYS/MODS/B43-RU5/001/role.txt
2026-04-23T18:09:10.0000000000Z	554	/mnt/h/AETHIEAOPSYS/MODS/B43-RU5/001/rules.txt
2026-04-23T18:09:16.0000000000Z	540	/mnt/h/AETHIEAOPSYS/MODS/B43-RU5/001/README.md
2026-04-23T18:20:44.0000000000Z	876	/mnt/h/AETHIEAOPSYS/MODS/B43-RU5/002/config.json
2026-04-23T18:20:52.0000000000Z	488	/mnt/h/AETHIEAOPSYS/MODS/B43-RU5/002/role.txt
2026-04-23T18:21:02.0000000000Z	557	/mnt/h/AETHIEAOPSYS/MODS/B43-RU5/002/rules.txt
2026-04-23T18:21:08.0000000000Z	520	/mnt/h/AETHIEAOPSYS/MODS/B43-RU5/002/README.md
2026-04-23T18:22:10.0000000000Z	955	/mnt/h/AETHIEAOPSYS/MODS/B43-RU5/003/config.json
2026-04-23T18:22:16.0000000000Z	546	/mnt/h/AETHIEAOPSYS/MODS/B43-RU5/003/role.txt
2026-04-23T18:22:24.0000000000Z	534	/mnt/h/AETHIEAOPSYS/MODS/B43-RU5/003/rules.txt
2026-04-23T18:22:30.0000000000Z	510	/mnt/h/AETHIEAOPSYS/MODS/B43-RU5/003/README.md
2026-04-23T18:30:34.0000000000Z	997	/mnt/h/AETHIEAOPSYS/MODS/B43-RU5/004/config.json
2026-04-23T18:30:40.0000000000Z	528	/mnt/h/AETHIEAOPSYS/MODS/B43-RU5/004/role.txt
2026-04-23T18:30:48.0000000000Z	459	/mnt/h/AETHIEAOPSYS/MODS/B43-RU5/004/rules.txt
2026-04-23T18:30:54.0000000000Z	487	/mnt/h/AETHIEAOPSYS/MODS/B43-RU5/004/README.md
2026-04-23T18:33:44.0000000000Z	992	/mnt/h/AETHIEAOPSYS/MODS/B43-RU5/005/config.json
2026-04-23T18:33:52.0000000000Z	512	/mnt/h/AETHIEAOPSYS/MODS/B43-RU5/005/role.txt
2026-04-23T18:33:58.0000000000Z	500	/mnt/h/AETHIEAOPSYS/MODS/B43-RU5/005/rules.txt
2026-04-23T18:34:04.0000000000Z	501	/mnt/h/AETHIEAOPSYS/MODS/B43-RU5/005/README.md
2026-04-23T18:36:14.0000000000Z	906	/mnt/h/AETHIEAOPSYS/MODS/B43-RU5/007/config.json
2026-04-23T18:37:34.0000000000Z	434	/mnt/h/AETHIEAOPSYS/MODS/B43-RU5/007/role.txt
2026-04-23T18:37:52.0000000000Z	484	/mnt/h/AETHIEAOPSYS/MODS/B43-RU5/007/rules.txt
2026-04-23T18:38:00.0000000000Z	489	/mnt/h/AETHIEAOPSYS/MODS/B43-RU5/007/README.md
2026-04-23T18:39:08.0000000000Z	1023	/mnt/h/AETHIEAOPSYS/MODS/B43-RU5/008/config.json
2026-04-23T18:39:14.0000000000Z	559	/mnt/h/AETHIEAOPSYS/MODS/B43-RU5/008/role.txt
2026-04-23T18:39:20.0000000000Z	501	/mnt/h/AETHIEAOPSYS/MODS/B43-RU5/008/rules.txt
2026-04-23T18:39:28.0000000000Z	517	/mnt/h/AETHIEAOPSYS/MODS/B43-RU5/008/README.md
2026-04-23T18:40:20.0000000000Z	982	/mnt/h/AETHIEAOPSYS/MODS/B43-RU5/009/config.json
2026-04-23T18:41:16.0000000000Z	534	/mnt/h/AETHIEAOPSYS/MODS/B43-RU5/009/role.txt
2026-04-23T18:41:24.0000000000Z	467	/mnt/h/AETHIEAOPSYS/MODS/B43-RU5/009/rules.txt
2026-04-23T18:41:42.0000000000Z	478	/mnt/h/AETHIEAOPSYS/MODS/B43-RU5/009/README.md
2026-04-23T18:43:24.0000000000Z	985	/mnt/h/AETHIEAOPSYS/MODS/B43-RU5/010/config.json
2026-04-23T18:43:30.0000000000Z	548	/mnt/h/AETHIEAOPSYS/MODS/B43-RU5/010/role.txt
2026-04-23T18:43:36.0000000000Z	450	/mnt/h/AETHIEAOPSYS/MODS/B43-RU5/010/rules.txt
2026-04-23T18:43:42.0000000000Z	561	/mnt/h/AETHIEAOPSYS/MODS/B43-RU5/010/README.md
2026-04-23T18:45:02.0000000000Z	983	/mnt/h/AETHIEAOPSYS/MODS/B43-RU5/011/config.json
2026-04-23T18:45:08.0000000000Z	463	/mnt/h/AETHIEAOPSYS/MODS/B43-RU5/011/role.txt
2026-04-23T18:45:12.0000000000Z	476	/mnt/h/AETHIEAOPSYS/MODS/B43-RU5/011/rules.txt
2026-04-23T18:45:18.0000000000Z	448	/mnt/h/AETHIEAOPSYS/MODS/B43-RU5/011/README.md
2026-04-23T18:49:40.0000000000Z	1037	/mnt/h/AETHIEAOPSYS/MODS/B43-RU5/012/config.json
2026-04-23T18:49:46.0000000000Z	564	/mnt/h/AETHIEAOPSYS/MODS/B43-RU5/012/role.txt
2026-04-23T18:49:54.0000000000Z	483	/mnt/h/AETHIEAOPSYS/MODS/B43-RU5/012/rules.txt
2026-04-23T18:50:10.0000000000Z	549	/mnt/h/AETHIEAOPSYS/MODS/B43-RU5/012/README.md
2026-04-23T18:54:26.0000000000Z	1015	/mnt/h/AETHIEAOPSYS/MODS/B43-RU5/013/config.json
2026-04-23T18:54:36.0000000000Z	604	/mnt/h/AETHIEAOPSYS/MODS/B43-RU5/013/role.txt
2026-04-23T18:54:44.0000000000Z	520	/mnt/h/AETHIEAOPSYS/MODS/B43-RU5/013/rules.txt
2026-04-23T18:54:48.0000000000Z	553	/mnt/h/AETHIEAOPSYS/MODS/B43-RU5/013/README.md
2026-04-23T18:56:30.0000000000Z	1046	/mnt/h/AETHIEAOPSYS/MODS/B43-RU5/014/config.json
2026-04-23T18:56:36.0000000000Z	585	/mnt/h/AETHIEAOPSYS/MODS/B43-RU5/014/role.txt
2026-04-23T18:56:42.0000000000Z	536	/mnt/h/AETHIEAOPSYS/MODS/B43-RU5/014/rules.txt
2026-04-23T18:57:10.0000000000Z	554	/mnt/h/AETHIEAOPSYS/MODS/B43-RU5/014/README.md
2026-04-23T18:58:48.0000000000Z	1023	/mnt/h/AETHIEAOPSYS/MODS/B43-RU5/015/config.json
2026-04-23T18:58:56.0000000000Z	530	/mnt/h/AETHIEAOPSYS/MODS/B43-RU5/015/role.txt
2026-04-23T18:59:02.0000000000Z	484	/mnt/h/AETHIEAOPSYS/MODS/B43-RU5/015/rules.txt
2026-04-23T18:59:08.0000000000Z	480	/mnt/h/AETHIEAOPSYS/MODS/B43-RU5/015/README.md
2026-04-23T19:00:02.0000000000Z	956	/mnt/h/AETHIEAOPSYS/MODS/B43-RU5/016/config.json
2026-04-23T19:00:08.0000000000Z	526	/mnt/h/AETHIEAOPSYS/MODS/B43-RU5/016/role.txt
2026-04-23T19:00:46.0000000000Z	467	/mnt/h/AETHIEAOPSYS/MODS/B43-RU5/016/rules.txt
2026-04-23T19:00:54.0000000000Z	540	/mnt/h/AETHIEAOPSYS/MODS/B43-RU5/016/README.md
2026-04-23T21:08:50.0000000000Z	993	/mnt/h/AETHIEAOPSYS/MODS/B43-RU5/006/config.json
2026-04-23T21:08:58.0000000000Z	523	/mnt/h/AETHIEAOPSYS/MODS/B43-RU5/006/role.txt
2026-04-23T21:09:04.0000000000Z	549	/mnt/h/AETHIEAOPSYS/MODS/B43-RU5/006/rules.txt
2026-04-23T21:09:10.0000000000Z	514	/mnt/h/AETHIEAOPSYS/MODS/B43-RU5/006/README.md
2026-04-24T05:24:56.0000000000Z	172	/mnt/h/AETHIEAOPSYS/DOMAINS/FOR PROFIT/MULTIMEDIA S-CORP/config.json
2026-04-24T05:25:06.0000000000Z	607	/mnt/h/AETHIEAOPSYS/DOMAINS/FOR PROFIT/MULTIMEDIA S-CORP/routes.json
2026-04-24T23:30:16.0000000000Z	565	/mnt/h/AETHIEAOPSYS/GCR/README.md
2026-04-24T23:30:30.0000000000Z	117	/mnt/h/AETHIEAOPSYS/DATA/MEMORY/ANCHORS/2026-04-25T03-30-27Z.json
2026-04-24T23:51:40.0000000000Z	282	/mnt/h/AETHIEAOPSYS/DOMAINS/FOR PROFIT/The Chrysalis State LLC/MAPPING.json
2026-04-24T23:51:48.0000000000Z	210	/mnt/h/AETHIEAOPSYS/DOMAINS/FOR PROFIT/SLove 1of1 Solutions & Consultation LLC/MAPPING.json
2026-04-24T23:52:12.0000000000Z	238	/mnt/h/AETHIEAOPSYS/DOMAINS/FOR PROFIT/Jutsu Boyzz LLC/MAPPING.json
2026-04-24T23:52:40.0000000000Z	273	/mnt/h/AETHIEAOPSYS/DOMAINS/FOR PROFIT/MULTIMEDIA S-CORP/MAPPING.json
2026-04-24T23:55:26.0000000000Z	281	/mnt/h/AETHIEAOPSYS/DOMAINS/PRIVATE/Private Express Ministry Trust/MAPPING.json
2026-04-24T23:56:06.0000000000Z	244	/mnt/h/AETHIEAOPSYS/DOMAINS/NONPROFIT/The Church of Power & Poise/MAPPING.json
2026-04-24T23:58:36.0000000000Z	117	/mnt/h/AETHIEAOPSYS/DATA/MEMORY/ANCHORS/2026-04-25T03-58-34Z.json
2026-04-25T07:21:58.0000000000Z	86	/mnt/h/AETHIEAOPSYS/DATA/MEMORY/ANCHORS/2026-04-25T11-21-57Z.json
2026-04-25T08:21:14.0000000000Z	512	/mnt/h/AETHIEAOPSYS/EXECUTION/README.md
2026-04-25T08:21:22.0000000000Z	100	/mnt/h/AETHIEAOPSYS/DATA/MEMORY/ANCHORS/2026-04-25T12-21-21Z.json
2026-04-25T09:09:32.0000000000Z	281	/mnt/h/AETHIEAOPSYS/LAYERS/AETHER/README.md
2026-04-25T09:09:34.0000000000Z	302	/mnt/h/AETHIEAOPSYS/LAYERS/AETHER/MAPPING.json
2026-04-25T09:09:40.0000000000Z	314	/mnt/h/AETHIEAOPSYS/LAYERS/AENET/MAPPING.json
2026-04-25T09:09:46.0000000000Z	320	/mnt/h/AETHIEAOPSYS/LAYERS/UAER/MAPPING.json
2026-04-25T09:09:46.0000000000Z	322	/mnt/h/AETHIEAOPSYS/LAYERS/UAER/README.md
2026-04-25T09:10:08.0000000000Z	271	/mnt/h/AETHIEAOPSYS/LAYERS/AAE/README.md
2026-04-25T09:10:10.0000000000Z	306	/mnt/h/AETHIEAOPSYS/LAYERS/AAE/MAPPING.json
2026-04-25T09:10:14.0000000000Z	292	/mnt/h/AETHIEAOPSYS/LAYERS/AE1OF1/README.md
2026-04-25T09:10:16.0000000000Z	308	/mnt/h/AETHIEAOPSYS/LAYERS/AE1OF1/MAPPING.json
2026-04-25T09:10:22.0000000000Z	506	/mnt/h/AETHIEAOPSYS/LAYERS/README.md
2026-04-25T09:10:46.0000000000Z	125	/mnt/h/AETHIEAOPSYS/DATA/MEMORY/ANCHORS/2026-04-25T13-10-43Z.json
2026-04-25T09:21:32.0000000000Z	533	/mnt/h/AETHIEAOPSYS/DATA/MEMORY/ROUTES/layer_map.json
2026-04-25T09:21:40.0000000000Z	487	/mnt/h/AETHIEAOPSYS/DATA/MEMORY/ROUTES/domain_gcr_execution_map.json
2026-04-25T09:21:56.0000000000Z	106	/mnt/h/AETHIEAOPSYS/DATA/MEMORY/ANCHORS/2026-04-25T13-21-53Z.json
2026-04-25T10:24:48.0000000000Z	93	/mnt/h/AETHIEAOPSYS/DATA/MEMORY/ANCHORS/2026-04-25T14-24-45Z.json
2026-04-25T11:36:24.0000000000Z	93	/mnt/h/AETHIEAOPSYS/DATA/MEMORY/ANCHORS/2026-04-25T15-36-21Z.json
2026-04-25T11:36:44.0000000000Z	93	/mnt/h/AETHIEAOPSYS/DATA/MEMORY/ANCHORS/2026-04-25T15-36-41Z.json
2026-04-25T11:51:26.0000000000Z	192	/mnt/h/AETHIEAOPSYS/DATA/MEMORY/ANCHORS/2026-04-25T15-51-23Z.json
2026-04-25T11:58:40.0000000000Z	487	/mnt/h/AETHIEAOPSYS/DATA/MEMORY/ROUTES/domain_gcr_execution_map.json.bak.20260425T155840Z
2026-04-25T11:59:02.0000000000Z	124	/mnt/h/AETHIEAOPSYS/DATA/MEMORY/ANCHORS/2026-04-25T15-59-00Z.json
2026-04-25T12:31:34.0000000000Z	95	/mnt/h/AETHIEAOPSYS/DATA/MEMORY/ANCHORS/2026-04-25T16-31-33Z.json
2026-04-25T12:46:58.0000000000Z	137	/mnt/h/AETHIEAOPSYS/DATA/MEMORY/ANCHORS/2026-04-25T16-46-56Z.json
2026-04-25T12:55:10.0000000000Z	283	/mnt/h/AETHIEAOPSYS/EXECUTION/registry.json
2026-04-25T12:55:42.0000000000Z	194	/mnt/h/AETHIEAOPSYS/EXECUTION/PIPELINES/README.md
2026-04-25T12:56:48.0000000000Z	126	/mnt/h/AETHIEAOPSYS/DATA/MEMORY/ANCHORS/2026-04-25T16-56-45Z.json
2026-04-25T13:08:26.0000000000Z	1042	/mnt/h/AETHIEAOPSYS/DOMAINS/FOR PROFIT/MULTIMEDIA S-CORP/PIPELINE.sh
2026-04-25T13:08:34.0000000000Z	191	/mnt/h/AETHIEAOPSYS/DOMAINS/FOR PROFIT/MULTIMEDIA S-CORP/LOGS/pipeline.log
2026-04-25T13:08:34.0000000000Z	486	/mnt/h/AETHIEAOPSYS/DOMAINS/FOR PROFIT/MULTIMEDIA S-CORP/OUTPUT/2026-04-25T17-08-31Z_audio_youtube.json
2026-04-25T13:08:44.0000000000Z	130	/mnt/h/AETHIEAOPSYS/DATA/MEMORY/ANCHORS/2026-04-25T17-08-44Z.json
2026-04-25T13:49:24.0000000000Z	130	/mnt/h/AETHIEAOPSYS/EXECUTION/PIPELINES/MULTIMEDIA/PROCESS/sample_job.done.json
2026-04-25T13:49:50.0000000000Z	144	/mnt/h/AETHIEAOPSYS/DATA/MEMORY/ANCHORS/2026-04-25T17-49-48Z.json
2026-04-25T14:07:46.0000000000Z	130	/mnt/h/AETHIEAOPSYS/EXECUTION/PIPELINES/MULTIMEDIA/PROCESS/sample_job.json
2026-04-25T14:07:46.0000000000Z	133	/mnt/h/AETHIEAOPSYS/EXECUTION/PIPELINES/MULTIMEDIA/OUTPUT/sample_job.processed.json
2026-04-25T14:16:10.0000000000Z	134	/mnt/h/AETHIEAOPSYS/EXECUTION/PIPELINES/MULTIMEDIA/PROCESS/sample_job_002.done.json
2026-04-25T14:16:18.0000000000Z	134	/mnt/h/AETHIEAOPSYS/EXECUTION/PIPELINES/MULTIMEDIA/PROCESS/sample_job_002.json
2026-04-25T14:16:18.0000000000Z	207	/mnt/h/AETHIEAOPSYS/EXECUTION/PIPELINES/MULTIMEDIA/OUTPUT/sample_job_002.processed.json
2026-04-25T14:16:50.0000000000Z	143	/mnt/h/AETHIEAOPSYS/DATA/MEMORY/ANCHORS/2026-04-25T18-16-48Z.json
2026-04-25T14:27:26.0000000000Z	632	/mnt/h/AETHIEAOPSYS/DOMAINS/FOR PROFIT/MULTIMEDIA S-CORP/BINDING.json
2026-04-25T14:27:26.0000000000Z	642	/mnt/h/AETHIEAOPSYS/DOMAINS/FOR PROFIT/Jutsu Boyzz LLC/BINDING.json
2026-04-25T14:27:26.0000000000Z	649	/mnt/h/AETHIEAOPSYS/DOMAINS/FOR PROFIT/The Chrysalis State LLC/BINDING.json
2026-04-25T14:27:26.0000000000Z	695	/mnt/h/AETHIEAOPSYS/DOMAINS/NONPROFIT/The Church of Power & Poise/BINDING.json
2026-04-25T14:27:26.0000000000Z	697	/mnt/h/AETHIEAOPSYS/DOMAINS/FOR PROFIT/SLove 1of1 Solutions & Consultation LLC/BINDING.json
2026-04-25T14:27:30.0000000000Z	108	/mnt/h/AETHIEAOPSYS/EXECUTION/PIPELINES/MULTIMEDIA/PROCESS/mm_audio.done.json
2026-04-25T14:27:30.0000000000Z	112	/mnt/h/AETHIEAOPSYS/EXECUTION/PIPELINES/CHRYSALIS/PROCESS/chrysalis_text.done.json
2026-04-25T14:27:30.0000000000Z	112	/mnt/h/AETHIEAOPSYS/EXECUTION/PIPELINES/JUTSUBOYZZ/PROCESS/jbz_data.done.json
2026-04-25T14:27:30.0000000000Z	124	/mnt/h/AETHIEAOPSYS/EXECUTION/PIPELINES/SOLUTIONS/PROCESS/solutions_content.done.json
2026-04-25T14:27:32.0000000000Z	124	/mnt/h/AETHIEAOPSYS/EXECUTION/PIPELINES/CHURCH/PROCESS/church_text.done.json
2026-04-25T14:28:18.0000000000Z	108	/mnt/h/AETHIEAOPSYS/EXECUTION/PIPELINES/MULTIMEDIA/PROCESS/mm_audio.json
2026-04-25T14:28:18.0000000000Z	226	/mnt/h/AETHIEAOPSYS/EXECUTION/PIPELINES/MULTIMEDIA/OUTPUT/AUDIO/mm_audio.processed.json
2026-04-25T14:28:20.0000000000Z	112	/mnt/h/AETHIEAOPSYS/EXECUTION/PIPELINES/CHRYSALIS/PROCESS/chrysalis_text.json
2026-04-25T14:28:20.0000000000Z	112	/mnt/h/AETHIEAOPSYS/EXECUTION/PIPELINES/JUTSUBOYZZ/PROCESS/jbz_data.json
2026-04-25T14:28:20.0000000000Z	228	/mnt/h/AETHIEAOPSYS/EXECUTION/PIPELINES/CHRYSALIS/OUTPUT/TEXT/chrysalis_text.processed.json
2026-04-25T14:28:20.0000000000Z	229	/mnt/h/AETHIEAOPSYS/EXECUTION/PIPELINES/JUTSUBOYZZ/OUTPUT/DATA/jbz_data.processed.json
2026-04-25T14:28:20.0000000000Z	322	/mnt/h/AETHIEAOPSYS/EXECUTION/PIPELINES/JUTSUBOYZZ/LOGS/pipeline.log
2026-04-25T14:28:34.0000000000Z	328	/mnt/h/AETHIEAOPSYS/EXECUTION/PIPELINES/CHRYSALIS/LOGS/pipeline.log
2026-04-25T14:28:42.0000000000Z	124	/mnt/h/AETHIEAOPSYS/EXECUTION/PIPELINES/SOLUTIONS/PROCESS/solutions_content.json
2026-04-25T14:28:46.0000000000Z	243	/mnt/h/AETHIEAOPSYS/EXECUTION/PIPELINES/SOLUTIONS/OUTPUT/CONTENT/solutions_content.processed.json
2026-04-25T14:28:52.0000000000Z	124	/mnt/h/AETHIEAOPSYS/EXECUTION/PIPELINES/CHURCH/PROCESS/church_text.json
2026-04-25T14:28:52.0000000000Z	237	/mnt/h/AETHIEAOPSYS/EXECUTION/PIPELINES/CHURCH/OUTPUT/TEXT/church_text.processed.json
2026-04-25T14:28:52.0000000000Z	343	/mnt/h/AETHIEAOPSYS/EXECUTION/PIPELINES/SOLUTIONS/LOGS/pipeline.log
2026-04-25T14:29:30.0000000000Z	135	/mnt/h/AETHIEAOPSYS/DATA/MEMORY/ANCHORS/2026-04-25T18-29-28Z.json
2026-04-25T14:37:20.0000000000Z	446	/mnt/h/AETHIEAOPSYS/EXECUTION/PIPELINES/MULTIMEDIA/CONFIG/pipeline.json
2026-04-25T14:37:20.0000000000Z	451	/mnt/h/AETHIEAOPSYS/EXECUTION/PIPELINES/JUTSUBOYZZ/CONFIG/pipeline.json
2026-04-25T14:37:20.0000000000Z	467	/mnt/h/AETHIEAOPSYS/EXECUTION/PIPELINES/CHRYSALIS/CONFIG/pipeline.json
2026-04-25T14:37:20.0000000000Z	476	/mnt/h/AETHIEAOPSYS/EXECUTION/PIPELINES/SOLUTIONS/CONFIG/pipeline.json
2026-04-25T14:37:20.0000000000Z	481	/mnt/h/AETHIEAOPSYS/EXECUTION/PIPELINES/CHURCH/CONFIG/pipeline.json
2026-04-25T14:37:34.0000000000Z	107	/mnt/h/AETHIEAOPSYS/EXECUTION/PIPELINES/MULTIMEDIA/PROCESS/mm_good_validation.done.json
2026-04-25T14:37:34.0000000000Z	109	/mnt/h/AETHIEAOPSYS/EXECUTION/PIPELINES/MULTIMEDIA/PROCESS/mm_bad_validation.rejected.source.json
2026-04-25T14:37:36.0000000000Z	107	/mnt/h/AETHIEAOPSYS/EXECUTION/PIPELINES/MULTIMEDIA/PROCESS/QUARANTINE_20260502T235728Z/mm_good_validation.json
2026-04-25T14:37:36.0000000000Z	225	/mnt/h/AETHIEAOPSYS/EXECUTION/PIPELINES/MULTIMEDIA/OUTPUT/AUDIO/mm_good_validation.processed.json
2026-04-25T14:37:36.0000000000Z	235	/mnt/h/AETHIEAOPSYS/EXECUTION/PIPELINES/MULTIMEDIA/REJECTED_ARCHIVE_20260503T005422Z/mm_bad_validation.rejected.json
2026-04-25T14:37:54.0000000000Z	130	/mnt/h/AETHIEAOPSYS/DATA/MEMORY/ANCHORS/2026-04-25T18-37-53Z.json
2026-04-25T14:45:24.0000000000Z	121	/mnt/h/AETHIEAOPSYS/EXECUTION/PIPELINES/CHURCH/PROCESS/church_bad_private.rejected.source.json
2026-04-25T14:45:32.0000000000Z	243	/mnt/h/AETHIEAOPSYS/EXECUTION/PIPELINES/CHURCH/REJECTED_ARCHIVE_20260503T010250Z/church_bad_private.rejected.json
2026-04-25T14:45:34.0000000000Z	390	/mnt/h/AETHIEAOPSYS/EXECUTION/PIPELINES/CHURCH/LOGS_ARCHIVE_20260503T010249Z/pipeline.log
2026-04-25T14:45:46.0000000000Z	113	/mnt/h/AETHIEAOPSYS/DATA/MEMORY/ANCHORS/2026-04-25T18-45-45Z.json
2026-04-25T15:31:12.0000000000Z	117	/mnt/h/AETHIEAOPSYS/DATA/MEMORY/ANCHORS/2026-04-25T19-31-11Z.json
2026-04-25T15:32:02.0000000000Z	114	/mnt/h/AETHIEAOPSYS/DATA/MEMORY/ANCHORS/2026-04-25T19-32-01Z.json
2026-04-25T15:32:22.0000000000Z	93	/mnt/h/AETHIEAOPSYS/DATA/MEMORY/ANCHORS/2026-04-25T19-32-21Z.json
2026-04-25T15:41:52.0000000000Z	109	/mnt/h/AETHIEAOPSYS/EXECUTION/PIPELINES/MULTIMEDIA/PROCESS/mm_bad_severity.rejected.source.json
2026-04-25T15:42:04.0000000000Z	259	/mnt/h/AETHIEAOPSYS/EXECUTION/PIPELINES/MULTIMEDIA/REJECTED_ARCHIVE_20260503T005422Z/mm_bad_severity.rejected.json
2026-04-25T15:51:46.0000000000Z	109	/mnt/h/AETHIEAOPSYS/EXECUTION/PIPELINES/MULTIMEDIA/PROCESS/mm_bad_severity2.rejected.source.json
2026-04-25T15:51:54.0000000000Z	259	/mnt/h/AETHIEAOPSYS/EXECUTION/PIPELINES/MULTIMEDIA/REJECTED_ARCHIVE_20260503T005422Z/mm_bad_severity2.rejected.json
2026-04-25T15:57:30.0000000000Z	2692	/mnt/h/AETHIEAOPSYS/EXECUTION/PIPELINES/CHURCH/run.sh
2026-04-25T15:57:30.0000000000Z	2719	/mnt/h/AETHIEAOPSYS/EXECUTION/PIPELINES/CHRYSALIS/run.sh
2026-04-25T15:57:30.0000000000Z	2719	/mnt/h/AETHIEAOPSYS/EXECUTION/PIPELINES/SOLUTIONS/run.sh
2026-04-25T15:57:30.0000000000Z	2728	/mnt/h/AETHIEAOPSYS/EXECUTION/PIPELINES/JUTSUBOYZZ/run.sh
2026-04-25T15:57:44.0000000000Z	116	/mnt/h/AETHIEAOPSYS/EXECUTION/PIPELINES/MULTIMEDIA/PROCESS/mm_bad_securitylog_fix.rejected.source.json
2026-04-25T15:57:44.0000000000Z	266	/mnt/h/AETHIEAOPSYS/EXECUTION/PIPELINES/MULTIMEDIA/REJECTED_ARCHIVE_20260503T005422Z/mm_bad_securitylog_fix.rejected.json
2026-04-25T21:44:02.0000000000Z	2960	/mnt/h/AETHIEAOPSYS/EXECUTION/PIPELINES/MULTIMEDIA/run.sh
2026-04-25T21:44:08.0000000000Z	117	/mnt/h/AETHIEAOPSYS/EXECUTION/PIPELINES/MULTIMEDIA/PROCESS/mm_test_reject.rejected.source.json
2026-04-25T21:44:12.0000000000Z	267	/mnt/h/AETHIEAOPSYS/EXECUTION/PIPELINES/MULTIMEDIA/REJECTED_ARCHIVE_20260503T005422Z/mm_test_reject.rejected.json
2026-04-25T21:44:42.0000000000Z	111	/mnt/h/AETHIEAOPSYS/DATA/MEMORY/ANCHORS/2026-04-26T01-44-40Z.json
2026-04-25T22:02:46.0000000000Z	114	/mnt/h/AETHIEAOPSYS/DATA/MEMORY/ANCHORS/2026-04-26T02-02-44Z.json
2026-04-25T22:40:32.0000000000Z	133	/mnt/h/AETHIEAOPSYS/DATA/MEMORY/ANCHORS/2026-04-26T02-40-30Z.json
2026-04-27T10:42:18.0000000000Z	18012	/mnt/h/AETHIEAOPSYS/DATA/MEMORY/SNAPSHOTS/inner_file_snapshot_20260427T144213Z.txt
2026-04-27T10:42:32.0000000000Z	18095	/mnt/h/AETHIEAOPSYS/DATA/MEMORY/SNAPSHOTS/inner_file_snapshot_20260427T144223Z.txt
2026-04-27T11:05:58.0000000000Z	24089	/mnt/h/AETHIEAOPSYS/DATA/MEMORY/SNAPSHOTS/snapshot_20260427T150548Z.txt
2026-04-27T11:06:20.0000000000Z	24161	/mnt/h/AETHIEAOPSYS/DATA/MEMORY/SNAPSHOTS/snapshot_20260427T150610Z.txt
2026-04-27T11:07:16.0000000000Z	24233	/mnt/h/AETHIEAOPSYS/DATA/MEMORY/SNAPSHOTS/snapshot_20260427T150705Z.txt
2026-04-27T11:14:12.0000000000Z	196	/mnt/h/AETHIEAOPSYS/DATA/MEMORY/ANCHORS/2026-04-27T15-14-10Z.json
2026-04-27T12:46:30.0000000000Z	157	/mnt/h/AETHIEAOPSYS/DATA/MEMORY/ANCHORS/2026-04-27T16-46-28Z.json
2026-04-27T12:49:30.0000000000Z	178	/mnt/h/AETHIEAOPSYS/DATA/MEMORY/ANCHORS/2026-04-27T16-49-27Z.json
2026-04-27T12:50:48.0000000000Z	148	/mnt/h/AETHIEAOPSYS/DATA/MEMORY/ANCHORS/2026-04-27T16-50-46Z.json
2026-04-27T12:56:34.0000000000Z	292	/mnt/h/AETHIEAOPSYS/DATA/MEMORY/ANCHORS/2026-04-27T16-56-32Z.json
2026-04-27T12:56:38.0000000000Z	165	/mnt/h/AETHIEAOPSYS/DATA/MEMORY/ANCHORS/2026-04-27T16-56-37Z.json
2026-04-27T12:58:32.0000000000Z	143	/mnt/h/AETHIEAOPSYS/DATA/MEMORY/ANCHORS/2026-04-27T16-58-31Z.json
2026-04-27T13:01:56.0000000000Z	291	/mnt/h/AETHIEAOPSYS/DATA/MEMORY/SNAPSHOTS/snapshot_lite_20260427T170153Z.txt
2026-04-27T13:02:04.0000000000Z	25191	/mnt/h/AETHIEAOPSYS/DATA/MEMORY/SNAPSHOTS/snapshot_20260427T170153Z.txt
2026-04-27T13:02:08.0000000000Z	185	/mnt/h/AETHIEAOPSYS/DATA/MEMORY/ANCHORS/2026-04-27T17-02-05Z.json
2026-04-27T13:07:56.0000000000Z	148	/mnt/h/AETHIEAOPSYS/DATA/MEMORY/ANCHORS/2026-04-27T17-07-55Z.json
2026-04-27T13:22:40.0000000000Z	132	/mnt/h/AETHIEAOPSYS/DATA/MEMORY/ANCHORS/2026-04-27T17-22-38Z.json
2026-04-27T13:24:44.0000000000Z	291	/mnt/h/AETHIEAOPSYS/DATA/MEMORY/SNAPSHOTS/snapshot_lite_20260427T172443Z.txt
2026-04-27T13:24:56.0000000000Z	245	/mnt/h/AETHIEAOPSYS/DATA/MEMORY/ANCHORS/2026-04-27T17-24-54Z.json
2026-04-27T13:25:10.0000000000Z	245	/mnt/h/AETHIEAOPSYS/DATA/MEMORY/ANCHORS/2026-04-27T17-25-08Z.json
2026-04-27T13:25:10.0000000000Z	291	/mnt/h/AETHIEAOPSYS/DATA/MEMORY/SNAPSHOTS/snapshot_lite_20260427T172507Z.txt
2026-04-27T13:25:34.0000000000Z	291	/mnt/h/AETHIEAOPSYS/DATA/MEMORY/SNAPSHOTS/snapshot_lite_20260427T172532Z.txt
2026-04-27T13:26:02.0000000000Z	245	/mnt/h/AETHIEAOPSYS/DATA/MEMORY/ANCHORS/2026-04-27T17-26-02Z.json
2026-04-27T13:35:46.0000000000Z	179	/mnt/h/AETHIEAOPSYS/DATA/MEMORY/ANCHORS/2026-04-27T17-35-45Z.json
2026-05-01T13:12:44.0000000000Z	305	/mnt/h/AETHIEAOPSYS/DOMAINS/thematriculation.cc/aether/PORTAL/index.html
2026-05-02T17:35:20.0000000000Z	332	/mnt/h/AETHIEAOPSYS/LOGS/SYSTEM/2026-05-02_olivia_stack_verified.log
2026-05-02T17:40:44.0000000000Z	14	/mnt/h/AETHIEAOPSYS/EXECUTION/PIPELINE_ARCHIVE/_test_ARCHIVE_20260503T010717Z/input.txt
2026-05-02T17:47:18.0000000000Z	237	/mnt/h/AETHIEAOPSYS/EXECUTION/VALIDATORS/validate_input.sh
2026-05-02T17:51:04.0000000000Z	12	/mnt/h/AETHIEAOPSYS/EXECUTION/PIPELINE_ARCHIVE/_test_ARCHIVE_20260503T010717Z/bad_input.txt
2026-05-02T17:51:24.0000000000Z	12	/mnt/h/AETHIEAOPSYS/REJECTED/bad_input.txt
2026-05-02T17:51:24.0000000000Z	297	/mnt/h/AETHIEAOPSYS/LOGS/SYSTEM/pipeline.log
2026-05-02T19:22:46.0000000000Z	321	/mnt/h/AETHIEAOPSYS/DATA/MEMORY/SNAPSHOTS/snapshot_lite_20260502T232243Z.txt
2026-05-02T19:26:14.0000000000Z	25697	/mnt/h/AETHIEAOPSYS/DATA/MEMORY/SNAPSHOTS/snapshot_20260502T232606Z.txt
2026-05-02T19:26:14.0000000000Z	321	/mnt/h/AETHIEAOPSYS/DATA/MEMORY/SNAPSHOTS/snapshot_lite_20260502T232613Z.txt
2026-05-02T19:26:32.0000000000Z	321	/mnt/h/AETHIEAOPSYS/DATA/MEMORY/SNAPSHOTS/snapshot_lite_20260502T232631Z.txt
2026-05-02T19:30:44.0000000000Z	3320	/mnt/h/AETHIEAOPSYS/DATA/MEMORY/SNAPSHOTS/snapshot_xofit_20260502T233037Z.txt
2026-05-02T19:37:34.0000000000Z	1555	/mnt/h/AETHIEAOPSYS/DATA/MEMORY/SNAPSHOTS/domains_xofit_20260502T233730Z.txt
2026-05-02T19:37:34.0000000000Z	3496	/mnt/h/AETHIEAOPSYS/DATA/MEMORY/SNAPSHOTS/domains_xofit_20260502T233730Z.json
2026-05-02T19:41:28.0000000000Z	415	/mnt/h/AETHIEAOPSYS/DOMAINS/FOR PROFIT/MULTIMEDIA S-CORP/README.md
2026-05-02T19:41:28.0000000000Z	436	/mnt/h/AETHIEAOPSYS/DOMAINS/FOR PROFIT/SLove 1of1 Solutions & Consultation LLC/README.md
2026-05-02T19:41:28.0000000000Z	720	/mnt/h/AETHIEAOPSYS/DOMAINS/FOR PROFIT/SLove 1of1 Solutions & Consultation LLC/routes.json
2026-05-02T19:41:30.0000000000Z	1170	/mnt/h/AETHIEAOPSYS/LOGS/SYSTEM/domains_programmed_xofit_20260502T234127Z.log
2026-05-02T19:41:30.0000000000Z	413	/mnt/h/AETHIEAOPSYS/DOMAINS/FOR PROFIT/Jutsu Boyzz LLC/README.md
2026-05-02T19:41:30.0000000000Z	413	/mnt/h/AETHIEAOPSYS/DOMAINS/thematriculation.cc/aether/PORTAL/README.md
2026-05-02T19:41:30.0000000000Z	420	/mnt/h/AETHIEAOPSYS/DOMAINS/FOR PROFIT/The Chrysalis State LLC/README.md
2026-05-02T19:41:30.0000000000Z	420	/mnt/h/AETHIEAOPSYS/DOMAINS/NONPROFIT/The Church of Power & Poise/README.md
2026-05-02T19:41:30.0000000000Z	425	/mnt/h/AETHIEAOPSYS/DOMAINS/PRIVATE/Private Express Ministry Trust/README.md
2026-05-02T19:41:30.0000000000Z	639	/mnt/h/AETHIEAOPSYS/DOMAINS/thematriculation.cc/aether/PORTAL/routes.json
2026-05-02T19:41:30.0000000000Z	651	/mnt/h/AETHIEAOPSYS/DOMAINS/PRIVATE/Private Express Ministry Trust/routes.json
2026-05-02T19:41:30.0000000000Z	695	/mnt/h/AETHIEAOPSYS/DOMAINS/NONPROFIT/The Church of Power & Poise/routes.json
2026-05-02T19:41:30.0000000000Z	700	/mnt/h/AETHIEAOPSYS/DOMAINS/FOR PROFIT/Jutsu Boyzz LLC/routes.json
2026-05-02T19:41:30.0000000000Z	704	/mnt/h/AETHIEAOPSYS/DOMAINS/FOR PROFIT/The Chrysalis State LLC/routes.json
2026-05-02T19:42:30.0000000000Z	3477	/mnt/h/AETHIEAOPSYS/DATA/MEMORY/SNAPSHOTS/snapshot_xofit_20260502T234225Z.txt
2026-05-02T19:53:40.0000000000Z	205	/mnt/h/AETHIEAOPSYS/EXECUTION/PIPELINES/MULTIMEDIA/PROCESS/QUARANTINE_20260502T235728Z/mm_bad_validation.json
2026-05-02T19:53:42.0000000000Z	198	/mnt/h/AETHIEAOPSYS/EXECUTION/PIPELINES/MULTIMEDIA/PROCESS/QUARANTINE_20260502T235728Z/test_valid.json
2026-05-02T19:53:42.0000000000Z	199	/mnt/h/AETHIEAOPSYS/EXECUTION/PIPELINES/MULTIMEDIA/PROCESS/QUARANTINE_20260502T235728Z/test_allowed.json
2026-05-02T19:53:42.0000000000Z	205	/mnt/h/AETHIEAOPSYS/EXECUTION/PIPELINES/MULTIMEDIA/PROCESS/QUARANTINE_20260502T235728Z/mm_bad_severity.json
2026-05-02T19:53:42.0000000000Z	205	/mnt/h/AETHIEAOPSYS/EXECUTION/PIPELINES/MULTIMEDIA/PROCESS/QUARANTINE_20260502T235728Z/mm_bad_severity2.json
2026-05-02T19:53:42.0000000000Z	212	/mnt/h/AETHIEAOPSYS/EXECUTION/PIPELINES/MULTIMEDIA/PROCESS/QUARANTINE_20260502T235728Z/mm_bad_securitylog_fix.json
2026-05-02T19:53:42.0000000000Z	213	/mnt/h/AETHIEAOPSYS/EXECUTION/PIPELINES/MULTIMEDIA/PROCESS/QUARANTINE_20260502T235728Z/mm_test_reject.json
2026-05-02T19:55:30.0000000000Z	199	/mnt/h/AETHIEAOPSYS/EXECUTION/PIPELINES/MULTIMEDIA/PROCESS/test_allowed.rejected.source.json
2026-05-02T19:55:32.0000000000Z	198	/mnt/h/AETHIEAOPSYS/EXECUTION/PIPELINES/MULTIMEDIA/PROCESS/test_valid.rejected.source.json
2026-05-02T19:55:40.0000000000Z	324	/mnt/h/AETHIEAOPSYS/EXECUTION/PIPELINES/MULTIMEDIA/REJECTED_ARCHIVE_20260503T005422Z/test_valid.rejected.json
2026-05-02T19:55:40.0000000000Z	325	/mnt/h/AETHIEAOPSYS/EXECUTION/PIPELINES/MULTIMEDIA/REJECTED_ARCHIVE_20260503T005422Z/test_allowed.rejected.json
2026-05-02T19:55:40.0000000000Z	3408	/mnt/h/AETHIEAOPSYS/EXECUTION/PIPELINES/MULTIMEDIA/LOGS_ARCHIVE_20260503T005208Z/pipeline.log
2026-05-02T19:55:40.0000000000Z	561	/mnt/h/AETHIEAOPSYS/EXECUTION/REPORTS/security.log
2026-05-02T20:31:42.0000000000Z	225	/mnt/h/AETHIEAOPSYS/DOMAINS/FOR PROFIT/Moor Melanin LLC/BINDING.json
2026-05-02T20:31:42.0000000000Z	225	/mnt/h/AETHIEAOPSYS/DOMAINS/FOR PROFIT/Omega Omerta LLC/BINDING.json
2026-05-02T20:31:42.0000000000Z	233	/mnt/h/AETHIEAOPSYS/DOMAINS/FOR PROFIT/Start Small Move Big LLC/BINDING.json
2026-05-02T20:31:42.0000000000Z	266	/mnt/h/AETHIEAOPSYS/DOMAINS/FOR PROFIT/Moor Melanin LLC/MAPPING.json
2026-05-02T20:31:42.0000000000Z	266	/mnt/h/AETHIEAOPSYS/DOMAINS/FOR PROFIT/Omega Omerta LLC/MAPPING.json
2026-05-02T20:31:42.0000000000Z	274	/mnt/h/AETHIEAOPSYS/DOMAINS/FOR PROFIT/Start Small Move Big LLC/MAPPING.json
2026-05-02T20:31:44.0000000000Z	224	/mnt/h/AETHIEAOPSYS/DOMAINS/thematriculation.cc/aether/BINDING.json
2026-05-02T20:31:44.0000000000Z	231	/mnt/h/AETHIEAOPSYS/DOMAINS/FOR PROFIT/Any & Every Global LLC/BINDING.json
2026-05-02T20:31:44.0000000000Z	236	/mnt/h/AETHIEAOPSYS/DOMAINS/PRIVATE/Private Express Ministry Trust/BINDING.json
2026-05-02T20:31:44.0000000000Z	239	/mnt/h/AETHIEAOPSYS/DOMAINS/FOR PROFIT/Everyday Empress Worldwide LLC/BINDING.json
2026-05-02T20:31:44.0000000000Z	265	/mnt/h/AETHIEAOPSYS/DOMAINS/thematriculation.cc/aether/MAPPING.json
2026-05-02T20:31:44.0000000000Z	272	/mnt/h/AETHIEAOPSYS/DOMAINS/FOR PROFIT/Any & Every Global LLC/MAPPING.json
2026-05-02T20:31:44.0000000000Z	280	/mnt/h/AETHIEAOPSYS/DOMAINS/FOR PROFIT/Everyday Empress Worldwide LLC/MAPPING.json
2026-05-02T20:55:58.0000000000Z	82	/mnt/h/AETHIEAOPSYS/EXECUTION/PIPELINES/MULTIMEDIA/LOGS/pipeline.log
2026-05-02T20:59:18.0000000000Z	4006	/mnt/h/AETHIEAOPSYS/DATA/MEMORY/SNAPSHOTS/snapshot_xofit_20260503T005909Z.txt
2026-05-02T21:04:34.0000000000Z	74	/mnt/h/AETHIEAOPSYS/EXECUTION/PIPELINES/CHURCH/LOGS/pipeline.log
2026-05-02T21:10:24.0000000000Z	3978	/mnt/h/AETHIEAOPSYS/DATA/MEMORY/SNAPSHOTS/snapshot_xofit_20260503T011016Z.txt
2026-05-02T21:10:26.0000000000Z	320	/mnt/h/AETHIEAOPSYS/DATA/MEMORY/SNAPSHOTS/snapshot_lite_20260503T011024Z.txt
2026-05-02T21:16:18.0000000000Z	170	/mnt/h/AETHIEAOPSYS/MODS/P47H30N/STATE/state.json
2026-05-02T21:16:20.0000000000Z	238	/mnt/h/AETHIEAOPSYS/MODS/P47H30N/README.md
2026-05-02T21:16:20.0000000000Z	268	/mnt/h/AETHIEAOPSYS/MODS/P47H30N/LINKS/links.json
2026-05-02T21:17:52.0000000000Z	3978	/mnt/h/AETHIEAOPSYS/DATA/MEMORY/SNAPSHOTS/snapshot_xofit_20260503T011744Z.txt
2026-05-02T21:24:22.0000000000Z	134	/mnt/h/AETHIEAOPSYS/LAYERS/AENET/STATE/transport_state.json
2026-05-02T21:24:22.0000000000Z	944	/mnt/h/AETHIEAOPSYS/LAYERS/AENET/CONFIG/transport_stack.json
2026-05-02T21:26:36.0000000000Z	3978	/mnt/h/AETHIEAOPSYS/DATA/MEMORY/SNAPSHOTS/snapshot_xofit_20260503T012628Z.txt
2026-05-03T05:41:10.0000000000Z	646	/mnt/h/AETHIEAOPSYS/DATA/MEMORY/HOSTS/olivia.json
2026-05-03T05:50:12.0000000000Z	955	/mnt/h/AETHIEAOPSYS/LOGS/SYSTEM/2026-05-03_system_checkpoint.log
2026-05-03T05:50:22.0000000000Z	3319	/mnt/h/AETHIEAOPSYS/EXECUTION/REPORTS/latest_report.json
2026-05-03T05:50:24.0000000000Z	1086	/mnt/h/AETHIEAOPSYS/EXECUTION/REPORTS/latest_report.txt
2026-05-03T05:50:28.0000000000Z	3978	/mnt/h/AETHIEAOPSYS/DATA/MEMORY/SNAPSHOTS/snapshot_xofit_20260503T095022Z.txt
2026-05-03T06:10:34.0000000000Z	78275	/mnt/h/AETHIEAOPSYS/DATA/MEMORY/MAPS/aethieaopsys_map_20260503T100955Z.json
2026-05-03T06:18:14.0000000000Z	893	/mnt/h/AETHIEAOPSYS/TOOLIO/aeth_rebind.py
2026-05-03T06:18:16.0000000000Z	948	/mnt/h/AETHIEAOPSYS/TOOLIO/aeth_diff.py
2026-05-03T06:18:46.0000000000Z	226	/mnt/h/AETHIEAOPSYS/DATA/MEMORY/STATE/current_host.json
2026-05-05T08:30:10.0000000000Z	10129	/mnt/h/AETHIEAOPSYS/LOGS/folder_index.txt
2026-05-05T08:30:10.0000000000Z	21599	/mnt/h/AETHIEAOPSYS/LOGS/file_index.txt
2026-05-05T08:30:16.0000000000Z	60624	/mnt/h/AETHIEAOPSYS/LOGS/full_audit.txt
2026-05-05T09:54:44.0000000000Z	564	/mnt/h/AETHIEAOPSYS/LAYERS/AE1OF1/HUD/dionysus_hud.sh.bak.1777989285
2026-05-05T09:54:44.0000000000Z	62205	/mnt/h/AETHIEAOPSYS/CORE/aeth.py.bak.1777989285
2026-05-05T11:54:06.0000000000Z	992	/mnt/h/AETHIEAOPSYS/TOOLIO/patch_cloudflare_aenet.py
2026-05-05T11:55:34.0000000000Z	356	/mnt/h/AETHIEAOPSYS/DATA/MEMORY/ANCHORS/2026-05-05_cloudflare_aenet_patch.json
2026-05-05T12:31:48.0000000000Z	135	/mnt/h/AETHIEAOPSYS/ENV/SHELL/dionysus_prompt.sh
2026-05-05T14:47:34.0000000000Z	123	/mnt/h/AETHIEAOPSYS/ENV/SHELL/dny5u5_prompt.sh
2026-05-05T14:47:34.0000000000Z	62	/mnt/h/AETHIEAOPSYS/DATA/MEMORY/ROUTES/routes.json
2026-05-05T15:04:54.0000000000Z	141	/mnt/h/AETHIEAOPSYS/MODS/P47H30N/NODES/DNY-5U5/route.json
2026-05-05T15:05:42.0000000000Z	259	/mnt/h/AETHIEAOPSYS/MODS/P47H30N/NODES/DNY-5U5/config.json
2026-05-05T15:06:00.0000000000Z	169	/mnt/h/AETHIEAOPSYS/MODS/P47H30N/NODES/DNY-5U5/role.txt
2026-05-05T15:06:14.0000000000Z	203	/mnt/h/AETHIEAOPSYS/MODS/P47H30N/NODES/DNY-5U5/rules.txt
2026-05-05T15:06:28.0000000000Z	149	/mnt/h/AETHIEAOPSYS/MODS/P47H30N/NODES/DNY-5U5/README.md
2026-05-05T16:10:14.0000000000Z	829	/mnt/h/AETHIEAOPSYS/TOOLIO/patch_ae_aenet_first.py
2026-05-05T16:49:04.0000000000Z	119	/mnt/h/AETHIEAOPSYS/DOMAINS/FOR PROFIT/huggingface/BINDING.json
2026-05-05T16:49:04.0000000000Z	161	/mnt/h/AETHIEAOPSYS/DOMAINS/FOR PROFIT/huggingface/MAPPING.json
2026-05-05T16:49:04.0000000000Z	180	/mnt/h/AETHIEAOPSYS/EXECUTION/PIPELINES/_HF/CONFIG/pipeline.json
2026-05-05T16:49:04.0000000000Z	192	/mnt/h/AETHIEAOPSYS/LAYERS/AENET/EXTERNAL/huggingface.json
2026-05-05T16:49:04.0000000000Z	296	/mnt/h/AETHIEAOPSYS/MODELS/huggingface/runtime/hf_runtime.json
2026-05-05T16:55:16.0000000000Z	343	/mnt/h/AETHIEAOPSYS/DATA/MEMORY/ANCHORS/2026-05-05_hf_aenet_router_fix.json
2026-05-05T16:57:00.0000000000Z	1390	/mnt/h/AETHIEAOPSYS/TOOLIO/patch_router_clean.py
2026-05-05T17:00:56.0000000000Z	468	/mnt/h/AETHIEAOPSYS/TOOLIO/patch_router_root_fix.py
2026-05-05T17:02:42.0000000000Z	10467	/mnt/h/AETHIEAOPSYS/CORE/router.py
2026-05-05T18:02:10.0000000000Z	254	/mnt/h/AETHIEAOPSYS/DATA/MEMORY/ANCHORS/2026-05-05_aethernet_lolita_live.json
2026-05-05T18:04:40.0000000000Z	105	/mnt/h/AETHIEAOPSYS/DATA/MEMORY/ANCHORS/2026-05-05_22-04-38_anchor.json
2026-05-05T18:05:30.0000000000Z	155	/mnt/h/AETHIEAOPSYS/DATA/MEMORY/ANCHORS/2026-05-05_22-05-28_anchor.json
2026-05-05T18:08:22.0000000000Z	166	/mnt/h/AETHIEAOPSYS/DATA/MEMORY/ANCHORS/2026-05-05_22-08-21_anchor.json
2026-05-05T18:12:04.0000000000Z	145	/mnt/h/AETHIEAOPSYS/DATA/MEMORY/ANCHORS/2026-05-05_22-12-02_anchor.json
2026-05-05T18:13:44.0000000000Z	178	/mnt/h/AETHIEAOPSYS/DATA/MEMORY/ANCHORS/2026-05-05_22-13-42_anchor.json
2026-05-05T19:27:46.0000000000Z	170	/mnt/h/AETHIEAOPSYS/CLOUD_CLONE/DATA/MEMORY/SYSTEM/aethiea.json
2026-05-05T19:29:22.0000000000Z	3297	/mnt/h/AETHIEAOPSYS/TOOLIO/aeth_cloud_clone.py
2026-05-05T19:29:28.0000000000Z	100	/mnt/h/AETHIEAOPSYS/CLOUD_CLONE/DATA/MEMORY/ANCHORS/2026-04-25T12-21-21Z.json
2026-05-05T19:29:28.0000000000Z	106	/mnt/h/AETHIEAOPSYS/CLOUD_CLONE/DATA/MEMORY/ANCHORS/2026-04-25T13-21-53Z.json
2026-05-05T19:29:28.0000000000Z	117	/mnt/h/AETHIEAOPSYS/CLOUD_CLONE/DATA/MEMORY/ANCHORS/2026-04-25T03-30-27Z.json
2026-05-05T19:29:28.0000000000Z	117	/mnt/h/AETHIEAOPSYS/CLOUD_CLONE/DATA/MEMORY/ANCHORS/2026-04-25T03-58-34Z.json
2026-05-05T19:29:28.0000000000Z	124	/mnt/h/AETHIEAOPSYS/CLOUD_CLONE/DATA/MEMORY/ANCHORS/2026-04-25T15-59-00Z.json
2026-05-05T19:29:28.0000000000Z	125	/mnt/h/AETHIEAOPSYS/CLOUD_CLONE/DATA/MEMORY/ANCHORS/2026-04-25T13-10-43Z.json
2026-05-05T19:29:28.0000000000Z	18	/mnt/h/AETHIEAOPSYS/CLOUD_CLONE/DATA/MEMORY/NODES/nodes.json
2026-05-05T19:29:28.0000000000Z	192	/mnt/h/AETHIEAOPSYS/CLOUD_CLONE/DATA/MEMORY/ANCHORS/2026-04-25T15-51-23Z.json
2026-05-05T19:29:28.0000000000Z	226	/mnt/h/AETHIEAOPSYS/CLOUD_CLONE/DATA/MEMORY/STATE/current_host.json
2026-05-05T19:29:28.0000000000Z	247	/mnt/h/AETHIEAOPSYS/CLOUD_CLONE/DATA/MEMORY/ANCHORS/2026-04-20.json
2026-05-05T19:29:28.0000000000Z	249	/mnt/h/AETHIEAOPSYS/CLOUD_CLONE/DATA/MEMORY/SESSIONS/latest.json
2026-05-05T19:29:28.0000000000Z	407	/mnt/h/AETHIEAOPSYS/CLOUD_CLONE/DATA/MEMORY/STATE/current.json
2026-05-05T19:29:28.0000000000Z	487	/mnt/h/AETHIEAOPSYS/CLOUD_CLONE/DATA/MEMORY/ROUTES/domain_gcr_execution_map.json
2026-05-05T19:29:28.0000000000Z	487	/mnt/h/AETHIEAOPSYS/CLOUD_CLONE/DATA/MEMORY/ROUTES/domain_gcr_execution_map.json.bak.20260425T155840Z
2026-05-05T19:29:28.0000000000Z	533	/mnt/h/AETHIEAOPSYS/CLOUD_CLONE/DATA/MEMORY/ROUTES/layer_map.json
2026-05-05T19:29:28.0000000000Z	62	/mnt/h/AETHIEAOPSYS/CLOUD_CLONE/DATA/MEMORY/ROUTES/routes.json
2026-05-05T19:29:28.0000000000Z	72	/mnt/h/AETHIEAOPSYS/CLOUD_CLONE/DATA/MEMORY/ANCHORS/2026-04-20_anchor.json
2026-05-05T19:29:28.0000000000Z	76	/mnt/h/AETHIEAOPSYS/CLOUD_CLONE/DATA/MEMORY/ANCHORS/2026-04-21T02-22-36Z.json
2026-05-05T19:29:28.0000000000Z	77	/mnt/h/AETHIEAOPSYS/CLOUD_CLONE/DATA/MEMORY/ANCHORS/2026-04-21T02-08-39Z.json
2026-05-05T19:29:28.0000000000Z	86	/mnt/h/AETHIEAOPSYS/CLOUD_CLONE/DATA/MEMORY/ANCHORS/2026-04-25T11-21-57Z.json
2026-05-05T19:29:28.0000000000Z	93	/mnt/h/AETHIEAOPSYS/CLOUD_CLONE/DATA/MEMORY/ANCHORS/2026-04-25T14-24-45Z.json
2026-05-05T19:29:28.0000000000Z	93	/mnt/h/AETHIEAOPSYS/CLOUD_CLONE/DATA/MEMORY/ANCHORS/2026-04-25T15-36-21Z.json
2026-05-05T19:29:28.0000000000Z	93	/mnt/h/AETHIEAOPSYS/CLOUD_CLONE/DATA/MEMORY/ANCHORS/2026-04-25T15-36-41Z.json
2026-05-05T19:29:28.0000000000Z	95	/mnt/h/AETHIEAOPSYS/CLOUD_CLONE/DATA/MEMORY/ANCHORS/2026-04-25T16-31-33Z.json
2026-05-05T19:29:30.0000000000Z	111	/mnt/h/AETHIEAOPSYS/CLOUD_CLONE/DATA/MEMORY/ANCHORS/2026-04-26T01-44-40Z.json
2026-05-05T19:29:30.0000000000Z	113	/mnt/h/AETHIEAOPSYS/CLOUD_CLONE/DATA/MEMORY/ANCHORS/2026-04-25T18-45-45Z.json
2026-05-05T19:29:30.0000000000Z	114	/mnt/h/AETHIEAOPSYS/CLOUD_CLONE/DATA/MEMORY/ANCHORS/2026-04-25T19-32-01Z.json
2026-05-05T19:29:30.0000000000Z	114	/mnt/h/AETHIEAOPSYS/CLOUD_CLONE/DATA/MEMORY/ANCHORS/2026-04-26T02-02-44Z.json
2026-05-05T19:29:30.0000000000Z	117	/mnt/h/AETHIEAOPSYS/CLOUD_CLONE/DATA/MEMORY/ANCHORS/2026-04-25T19-31-11Z.json
2026-05-05T19:29:30.0000000000Z	126	/mnt/h/AETHIEAOPSYS/CLOUD_CLONE/DATA/MEMORY/ANCHORS/2026-04-25T16-56-45Z.json
2026-05-05T19:29:30.0000000000Z	130	/mnt/h/AETHIEAOPSYS/CLOUD_CLONE/DATA/MEMORY/ANCHORS/2026-04-25T17-08-44Z.json
2026-05-05T19:29:30.0000000000Z	130	/mnt/h/AETHIEAOPSYS/CLOUD_CLONE/DATA/MEMORY/ANCHORS/2026-04-25T18-37-53Z.json
2026-05-05T19:29:30.0000000000Z	132	/mnt/h/AETHIEAOPSYS/CLOUD_CLONE/DATA/MEMORY/ANCHORS/2026-04-27T17-22-38Z.json
2026-05-05T19:29:30.0000000000Z	133	/mnt/h/AETHIEAOPSYS/CLOUD_CLONE/DATA/MEMORY/ANCHORS/2026-04-26T02-40-30Z.json
2026-05-05T19:29:30.0000000000Z	135	/mnt/h/AETHIEAOPSYS/CLOUD_CLONE/DATA/MEMORY/ANCHORS/2026-04-25T18-29-28Z.json
2026-05-05T19:29:30.0000000000Z	137	/mnt/h/AETHIEAOPSYS/CLOUD_CLONE/DATA/MEMORY/ANCHORS/2026-04-25T16-46-56Z.json
2026-05-05T19:29:30.0000000000Z	143	/mnt/h/AETHIEAOPSYS/CLOUD_CLONE/DATA/MEMORY/ANCHORS/2026-04-25T18-16-48Z.json
2026-05-05T19:29:30.0000000000Z	143	/mnt/h/AETHIEAOPSYS/CLOUD_CLONE/DATA/MEMORY/ANCHORS/2026-04-27T16-58-31Z.json
2026-05-05T19:29:30.0000000000Z	144	/mnt/h/AETHIEAOPSYS/CLOUD_CLONE/DATA/MEMORY/ANCHORS/2026-04-25T17-49-48Z.json
2026-05-05T19:29:30.0000000000Z	148	/mnt/h/AETHIEAOPSYS/CLOUD_CLONE/DATA/MEMORY/ANCHORS/2026-04-27T16-50-46Z.json
2026-05-05T19:29:30.0000000000Z	148	/mnt/h/AETHIEAOPSYS/CLOUD_CLONE/DATA/MEMORY/ANCHORS/2026-04-27T17-07-55Z.json
2026-05-05T19:29:30.0000000000Z	157	/mnt/h/AETHIEAOPSYS/CLOUD_CLONE/DATA/MEMORY/ANCHORS/2026-04-27T16-46-28Z.json
2026-05-05T19:29:30.0000000000Z	165	/mnt/h/AETHIEAOPSYS/CLOUD_CLONE/DATA/MEMORY/ANCHORS/2026-04-27T16-56-37Z.json
2026-05-05T19:29:30.0000000000Z	178	/mnt/h/AETHIEAOPSYS/CLOUD_CLONE/DATA/MEMORY/ANCHORS/2026-04-27T16-49-27Z.json
2026-05-05T19:29:30.0000000000Z	179	/mnt/h/AETHIEAOPSYS/CLOUD_CLONE/DATA/MEMORY/ANCHORS/2026-04-27T17-35-45Z.json
2026-05-05T19:29:30.0000000000Z	185	/mnt/h/AETHIEAOPSYS/CLOUD_CLONE/DATA/MEMORY/ANCHORS/2026-04-27T17-02-05Z.json
2026-05-05T19:29:30.0000000000Z	196	/mnt/h/AETHIEAOPSYS/CLOUD_CLONE/DATA/MEMORY/ANCHORS/2026-04-27T15-14-10Z.json
2026-05-05T19:29:30.0000000000Z	245	/mnt/h/AETHIEAOPSYS/CLOUD_CLONE/DATA/MEMORY/ANCHORS/2026-04-27T17-24-54Z.json
2026-05-05T19:29:30.0000000000Z	245	/mnt/h/AETHIEAOPSYS/CLOUD_CLONE/DATA/MEMORY/ANCHORS/2026-04-27T17-25-08Z.json
2026-05-05T19:29:30.0000000000Z	245	/mnt/h/AETHIEAOPSYS/CLOUD_CLONE/DATA/MEMORY/ANCHORS/2026-04-27T17-26-02Z.json
2026-05-05T19:29:30.0000000000Z	292	/mnt/h/AETHIEAOPSYS/CLOUD_CLONE/DATA/MEMORY/ANCHORS/2026-04-27T16-56-32Z.json
2026-05-05T19:29:30.0000000000Z	356	/mnt/h/AETHIEAOPSYS/CLOUD_CLONE/DATA/MEMORY/ANCHORS/2026-05-05_cloudflare_aenet_patch.json
2026-05-05T19:29:30.0000000000Z	93	/mnt/h/AETHIEAOPSYS/CLOUD_CLONE/DATA/MEMORY/ANCHORS/2026-04-25T19-32-21Z.json
2026-05-05T19:29:32.0000000000Z	105	/mnt/h/AETHIEAOPSYS/CLOUD_CLONE/DATA/MEMORY/ANCHORS/2026-05-05_22-04-38_anchor.json
2026-05-05T19:29:32.0000000000Z	145	/mnt/h/AETHIEAOPSYS/CLOUD_CLONE/DATA/MEMORY/ANCHORS/2026-05-05_22-12-02_anchor.json
2026-05-05T19:29:32.0000000000Z	155	/mnt/h/AETHIEAOPSYS/CLOUD_CLONE/DATA/MEMORY/ANCHORS/2026-05-05_22-05-28_anchor.json
2026-05-05T19:29:32.0000000000Z	166	/mnt/h/AETHIEAOPSYS/CLOUD_CLONE/DATA/MEMORY/ANCHORS/2026-05-05_22-08-21_anchor.json
2026-05-05T19:29:32.0000000000Z	178	/mnt/h/AETHIEAOPSYS/CLOUD_CLONE/DATA/MEMORY/ANCHORS/2026-05-05_22-13-42_anchor.json
2026-05-05T19:29:32.0000000000Z	18012	/mnt/h/AETHIEAOPSYS/CLOUD_CLONE/DATA/MEMORY/SNAPSHOTS/inner_file_snapshot_20260427T144213Z.txt
2026-05-05T19:29:32.0000000000Z	18095	/mnt/h/AETHIEAOPSYS/CLOUD_CLONE/DATA/MEMORY/SNAPSHOTS/inner_file_snapshot_20260427T144223Z.txt
2026-05-05T19:29:32.0000000000Z	24089	/mnt/h/AETHIEAOPSYS/CLOUD_CLONE/DATA/MEMORY/SNAPSHOTS/snapshot_20260427T150548Z.txt
2026-05-05T19:29:32.0000000000Z	24161	/mnt/h/AETHIEAOPSYS/CLOUD_CLONE/DATA/MEMORY/SNAPSHOTS/snapshot_20260427T150610Z.txt
2026-05-05T19:29:32.0000000000Z	24233	/mnt/h/AETHIEAOPSYS/CLOUD_CLONE/DATA/MEMORY/SNAPSHOTS/snapshot_20260427T150705Z.txt
2026-05-05T19:29:32.0000000000Z	25191	/mnt/h/AETHIEAOPSYS/CLOUD_CLONE/DATA/MEMORY/SNAPSHOTS/snapshot_20260427T170153Z.txt
2026-05-05T19:29:32.0000000000Z	254	/mnt/h/AETHIEAOPSYS/CLOUD_CLONE/DATA/MEMORY/ANCHORS/2026-05-05_aethernet_lolita_live.json
2026-05-05T19:29:32.0000000000Z	291	/mnt/h/AETHIEAOPSYS/CLOUD_CLONE/DATA/MEMORY/SNAPSHOTS/snapshot_lite_20260427T170153Z.txt
2026-05-05T19:29:32.0000000000Z	291	/mnt/h/AETHIEAOPSYS/CLOUD_CLONE/DATA/MEMORY/SNAPSHOTS/snapshot_lite_20260427T172443Z.txt
2026-05-05T19:29:32.0000000000Z	291	/mnt/h/AETHIEAOPSYS/CLOUD_CLONE/DATA/MEMORY/SNAPSHOTS/snapshot_lite_20260427T172507Z.txt
2026-05-05T19:29:32.0000000000Z	291	/mnt/h/AETHIEAOPSYS/CLOUD_CLONE/DATA/MEMORY/SNAPSHOTS/snapshot_lite_20260427T172532Z.txt
2026-05-05T19:29:32.0000000000Z	343	/mnt/h/AETHIEAOPSYS/CLOUD_CLONE/DATA/MEMORY/ANCHORS/2026-05-05_hf_aenet_router_fix.json
2026-05-05T19:29:32.0000000000Z	646	/mnt/h/AETHIEAOPSYS/CLOUD_CLONE/DATA/MEMORY/HOSTS/olivia.json
2026-05-05T19:29:34.0000000000Z	1555	/mnt/h/AETHIEAOPSYS/CLOUD_CLONE/DATA/MEMORY/SNAPSHOTS/domains_xofit_20260502T233730Z.txt
2026-05-05T19:29:34.0000000000Z	206	/mnt/h/AETHIEAOPSYS/CLOUD_CLONE/MODS/B43-RU5/000/role.txt
2026-05-05T19:29:34.0000000000Z	25697	/mnt/h/AETHIEAOPSYS/CLOUD_CLONE/DATA/MEMORY/SNAPSHOTS/snapshot_20260502T232606Z.txt
2026-05-05T19:29:34.0000000000Z	320	/mnt/h/AETHIEAOPSYS/CLOUD_CLONE/DATA/MEMORY/SNAPSHOTS/snapshot_lite_20260503T011024Z.txt
2026-05-05T19:29:34.0000000000Z	321	/mnt/h/AETHIEAOPSYS/CLOUD_CLONE/DATA/MEMORY/SNAPSHOTS/snapshot_lite_20260502T232243Z.txt
2026-05-05T19:29:34.0000000000Z	321	/mnt/h/AETHIEAOPSYS/CLOUD_CLONE/DATA/MEMORY/SNAPSHOTS/snapshot_lite_20260502T232613Z.txt
2026-05-05T19:29:34.0000000000Z	321	/mnt/h/AETHIEAOPSYS/CLOUD_CLONE/DATA/MEMORY/SNAPSHOTS/snapshot_lite_20260502T232631Z.txt
2026-05-05T19:29:34.0000000000Z	3320	/mnt/h/AETHIEAOPSYS/CLOUD_CLONE/DATA/MEMORY/SNAPSHOTS/snapshot_xofit_20260502T233037Z.txt
2026-05-05T19:29:34.0000000000Z	3477	/mnt/h/AETHIEAOPSYS/CLOUD_CLONE/DATA/MEMORY/SNAPSHOTS/snapshot_xofit_20260502T234225Z.txt
2026-05-05T19:29:34.0000000000Z	3496	/mnt/h/AETHIEAOPSYS/CLOUD_CLONE/DATA/MEMORY/SNAPSHOTS/domains_xofit_20260502T233730Z.json
2026-05-05T19:29:34.0000000000Z	3978	/mnt/h/AETHIEAOPSYS/CLOUD_CLONE/DATA/MEMORY/SNAPSHOTS/snapshot_xofit_20260503T011016Z.txt
2026-05-05T19:29:34.0000000000Z	3978	/mnt/h/AETHIEAOPSYS/CLOUD_CLONE/DATA/MEMORY/SNAPSHOTS/snapshot_xofit_20260503T011744Z.txt
2026-05-05T19:29:34.0000000000Z	3978	/mnt/h/AETHIEAOPSYS/CLOUD_CLONE/DATA/MEMORY/SNAPSHOTS/snapshot_xofit_20260503T012628Z.txt
2026-05-05T19:29:34.0000000000Z	3978	/mnt/h/AETHIEAOPSYS/CLOUD_CLONE/DATA/MEMORY/SNAPSHOTS/snapshot_xofit_20260503T095022Z.txt
2026-05-05T19:29:34.0000000000Z	4006	/mnt/h/AETHIEAOPSYS/CLOUD_CLONE/DATA/MEMORY/SNAPSHOTS/snapshot_xofit_20260503T005909Z.txt
2026-05-05T19:29:34.0000000000Z	500	/mnt/h/AETHIEAOPSYS/CLOUD_CLONE/MODS/B43-RU5/000/README.md
2026-05-05T19:29:34.0000000000Z	540	/mnt/h/AETHIEAOPSYS/CLOUD_CLONE/MODS/B43-RU5/001/README.md
2026-05-05T19:29:34.0000000000Z	548	/mnt/h/AETHIEAOPSYS/CLOUD_CLONE/MODS/B43-RU5/001/role.txt
2026-05-05T19:29:34.0000000000Z	554	/mnt/h/AETHIEAOPSYS/CLOUD_CLONE/MODS/B43-RU5/001/rules.txt
2026-05-05T19:29:34.0000000000Z	593	/mnt/h/AETHIEAOPSYS/CLOUD_CLONE/MODS/B43-RU5/000/rules.txt
2026-05-05T19:29:34.0000000000Z	829	/mnt/h/AETHIEAOPSYS/CLOUD_CLONE/MODS/B43-RU5/000/config.json
2026-05-05T19:29:34.0000000000Z	893	/mnt/h/AETHIEAOPSYS/CLOUD_CLONE/MODS/B43-RU5/001/config.json
2026-05-05T19:29:36.0000000000Z	1023	/mnt/h/AETHIEAOPSYS/CLOUD_CLONE/MODS/B43-RU5/008/config.json
2026-05-05T19:29:36.0000000000Z	434	/mnt/h/AETHIEAOPSYS/CLOUD_CLONE/MODS/B43-RU5/007/role.txt
2026-05-05T19:29:36.0000000000Z	459	/mnt/h/AETHIEAOPSYS/CLOUD_CLONE/MODS/B43-RU5/004/rules.txt
2026-05-05T19:29:36.0000000000Z	484	/mnt/h/AETHIEAOPSYS/CLOUD_CLONE/MODS/B43-RU5/007/rules.txt
2026-05-05T19:29:36.0000000000Z	487	/mnt/h/AETHIEAOPSYS/CLOUD_CLONE/MODS/B43-RU5/004/README.md
2026-05-05T19:29:36.0000000000Z	488	/mnt/h/AETHIEAOPSYS/CLOUD_CLONE/MODS/B43-RU5/002/role.txt
2026-05-05T19:29:36.0000000000Z	489	/mnt/h/AETHIEAOPSYS/CLOUD_CLONE/MODS/B43-RU5/007/README.md
2026-05-05T19:29:36.0000000000Z	500	/mnt/h/AETHIEAOPSYS/CLOUD_CLONE/MODS/B43-RU5/005/rules.txt
2026-05-05T19:29:36.0000000000Z	501	/mnt/h/AETHIEAOPSYS/CLOUD_CLONE/MODS/B43-RU5/005/README.md
2026-05-05T19:29:36.0000000000Z	501	/mnt/h/AETHIEAOPSYS/CLOUD_CLONE/MODS/B43-RU5/008/rules.txt
2026-05-05T19:29:36.0000000000Z	510	/mnt/h/AETHIEAOPSYS/CLOUD_CLONE/MODS/B43-RU5/003/README.md
2026-05-05T19:29:36.0000000000Z	512	/mnt/h/AETHIEAOPSYS/CLOUD_CLONE/MODS/B43-RU5/005/role.txt
2026-05-05T19:29:36.0000000000Z	520	/mnt/h/AETHIEAOPSYS/CLOUD_CLONE/MODS/B43-RU5/002/README.md
2026-05-05T19:29:36.0000000000Z	528	/mnt/h/AETHIEAOPSYS/CLOUD_CLONE/MODS/B43-RU5/004/role.txt
2026-05-05T19:29:36.0000000000Z	534	/mnt/h/AETHIEAOPSYS/CLOUD_CLONE/MODS/B43-RU5/003/rules.txt
2026-05-05T19:29:36.0000000000Z	546	/mnt/h/AETHIEAOPSYS/CLOUD_CLONE/MODS/B43-RU5/003/role.txt
2026-05-05T19:29:36.0000000000Z	557	/mnt/h/AETHIEAOPSYS/CLOUD_CLONE/MODS/B43-RU5/002/rules.txt
2026-05-05T19:29:36.0000000000Z	559	/mnt/h/AETHIEAOPSYS/CLOUD_CLONE/MODS/B43-RU5/008/role.txt
2026-05-05T19:29:36.0000000000Z	876	/mnt/h/AETHIEAOPSYS/CLOUD_CLONE/MODS/B43-RU5/002/config.json
2026-05-05T19:29:36.0000000000Z	906	/mnt/h/AETHIEAOPSYS/CLOUD_CLONE/MODS/B43-RU5/007/config.json
2026-05-05T19:29:36.0000000000Z	955	/mnt/h/AETHIEAOPSYS/CLOUD_CLONE/MODS/B43-RU5/003/config.json
2026-05-05T19:29:36.0000000000Z	992	/mnt/h/AETHIEAOPSYS/CLOUD_CLONE/MODS/B43-RU5/005/config.json
2026-05-05T19:29:36.0000000000Z	997	/mnt/h/AETHIEAOPSYS/CLOUD_CLONE/MODS/B43-RU5/004/config.json
2026-05-05T19:29:38.0000000000Z	1015	/mnt/h/AETHIEAOPSYS/CLOUD_CLONE/MODS/B43-RU5/013/config.json
2026-05-05T19:29:38.0000000000Z	1037	/mnt/h/AETHIEAOPSYS/CLOUD_CLONE/MODS/B43-RU5/012/config.json
2026-05-05T19:29:38.0000000000Z	1046	/mnt/h/AETHIEAOPSYS/CLOUD_CLONE/MODS/B43-RU5/014/config.json
2026-05-05T19:29:38.0000000000Z	448	/mnt/h/AETHIEAOPSYS/CLOUD_CLONE/MODS/B43-RU5/011/README.md
2026-05-05T19:29:38.0000000000Z	450	/mnt/h/AETHIEAOPSYS/CLOUD_CLONE/MODS/B43-RU5/010/rules.txt
2026-05-05T19:29:38.0000000000Z	463	/mnt/h/AETHIEAOPSYS/CLOUD_CLONE/MODS/B43-RU5/011/role.txt
2026-05-05T19:29:38.0000000000Z	467	/mnt/h/AETHIEAOPSYS/CLOUD_CLONE/MODS/B43-RU5/009/rules.txt
2026-05-05T19:29:38.0000000000Z	476	/mnt/h/AETHIEAOPSYS/CLOUD_CLONE/MODS/B43-RU5/011/rules.txt
2026-05-05T19:29:38.0000000000Z	478	/mnt/h/AETHIEAOPSYS/CLOUD_CLONE/MODS/B43-RU5/009/README.md
2026-05-05T19:29:38.0000000000Z	483	/mnt/h/AETHIEAOPSYS/CLOUD_CLONE/MODS/B43-RU5/012/rules.txt
2026-05-05T19:29:38.0000000000Z	517	/mnt/h/AETHIEAOPSYS/CLOUD_CLONE/MODS/B43-RU5/008/README.md
2026-05-05T19:29:38.0000000000Z	520	/mnt/h/AETHIEAOPSYS/CLOUD_CLONE/MODS/B43-RU5/013/rules.txt
2026-05-05T19:29:38.0000000000Z	534	/mnt/h/AETHIEAOPSYS/CLOUD_CLONE/MODS/B43-RU5/009/role.txt
2026-05-05T19:29:38.0000000000Z	548	/mnt/h/AETHIEAOPSYS/CLOUD_CLONE/MODS/B43-RU5/010/role.txt
2026-05-05T19:29:38.0000000000Z	549	/mnt/h/AETHIEAOPSYS/CLOUD_CLONE/MODS/B43-RU5/012/README.md
2026-05-05T19:29:38.0000000000Z	553	/mnt/h/AETHIEAOPSYS/CLOUD_CLONE/MODS/B43-RU5/013/README.md
2026-05-05T19:29:38.0000000000Z	561	/mnt/h/AETHIEAOPSYS/CLOUD_CLONE/MODS/B43-RU5/010/README.md
2026-05-05T19:29:38.0000000000Z	564	/mnt/h/AETHIEAOPSYS/CLOUD_CLONE/MODS/B43-RU5/012/role.txt
2026-05-05T19:29:38.0000000000Z	604	/mnt/h/AETHIEAOPSYS/CLOUD_CLONE/MODS/B43-RU5/013/role.txt
2026-05-05T19:29:38.0000000000Z	982	/mnt/h/AETHIEAOPSYS/CLOUD_CLONE/MODS/B43-RU5/009/config.json
2026-05-05T19:29:38.0000000000Z	983	/mnt/h/AETHIEAOPSYS/CLOUD_CLONE/MODS/B43-RU5/011/config.json
2026-05-05T19:29:38.0000000000Z	985	/mnt/h/AETHIEAOPSYS/CLOUD_CLONE/MODS/B43-RU5/010/config.json
2026-05-05T19:29:40.0000000000Z	1023	/mnt/h/AETHIEAOPSYS/CLOUD_CLONE/MODS/B43-RU5/015/config.json
2026-05-05T19:29:40.0000000000Z	141	/mnt/h/AETHIEAOPSYS/CLOUD_CLONE/MODS/P47H30N/NODES/DNY-5U5/route.json
2026-05-05T19:29:40.0000000000Z	149	/mnt/h/AETHIEAOPSYS/CLOUD_CLONE/MODS/P47H30N/NODES/DNY-5U5/README.md
2026-05-05T19:29:40.0000000000Z	170	/mnt/h/AETHIEAOPSYS/CLOUD_CLONE/MODS/P47H30N/STATE/state.json
2026-05-05T19:29:40.0000000000Z	238	/mnt/h/AETHIEAOPSYS/CLOUD_CLONE/MODS/P47H30N/README.md
2026-05-05T19:29:40.0000000000Z	259	/mnt/h/AETHIEAOPSYS/CLOUD_CLONE/MODS/P47H30N/NODES/DNY-5U5/config.json
2026-05-05T19:29:40.0000000000Z	268	/mnt/h/AETHIEAOPSYS/CLOUD_CLONE/MODS/P47H30N/LINKS/links.json
2026-05-05T19:29:40.0000000000Z	467	/mnt/h/AETHIEAOPSYS/CLOUD_CLONE/MODS/B43-RU5/016/rules.txt
2026-05-05T19:29:40.0000000000Z	480	/mnt/h/AETHIEAOPSYS/CLOUD_CLONE/MODS/B43-RU5/015/README.md
2026-05-05T19:29:40.0000000000Z	484	/mnt/h/AETHIEAOPSYS/CLOUD_CLONE/MODS/B43-RU5/015/rules.txt
2026-05-05T19:29:40.0000000000Z	514	/mnt/h/AETHIEAOPSYS/CLOUD_CLONE/MODS/B43-RU5/006/README.md
2026-05-05T19:29:40.0000000000Z	523	/mnt/h/AETHIEAOPSYS/CLOUD_CLONE/MODS/B43-RU5/006/role.txt
2026-05-05T19:29:40.0000000000Z	526	/mnt/h/AETHIEAOPSYS/CLOUD_CLONE/MODS/B43-RU5/016/role.txt
2026-05-05T19:29:40.0000000000Z	530	/mnt/h/AETHIEAOPSYS/CLOUD_CLONE/MODS/B43-RU5/015/role.txt
2026-05-05T19:29:40.0000000000Z	536	/mnt/h/AETHIEAOPSYS/CLOUD_CLONE/MODS/B43-RU5/014/rules.txt
2026-05-05T19:29:40.0000000000Z	540	/mnt/h/AETHIEAOPSYS/CLOUD_CLONE/MODS/B43-RU5/016/README.md
2026-05-05T19:29:40.0000000000Z	549	/mnt/h/AETHIEAOPSYS/CLOUD_CLONE/MODS/B43-RU5/006/rules.txt
2026-05-05T19:29:40.0000000000Z	554	/mnt/h/AETHIEAOPSYS/CLOUD_CLONE/MODS/B43-RU5/014/README.md
2026-05-05T19:29:40.0000000000Z	585	/mnt/h/AETHIEAOPSYS/CLOUD_CLONE/MODS/B43-RU5/014/role.txt
2026-05-05T19:29:40.0000000000Z	956	/mnt/h/AETHIEAOPSYS/CLOUD_CLONE/MODS/B43-RU5/016/config.json
2026-05-05T19:29:40.0000000000Z	993	/mnt/h/AETHIEAOPSYS/CLOUD_CLONE/MODS/B43-RU5/006/config.json
2026-05-05T19:29:42.0000000000Z	134	/mnt/h/AETHIEAOPSYS/CLOUD_CLONE/LAYERS/AENET/STATE/transport_state.json
2026-05-05T19:29:42.0000000000Z	169	/mnt/h/AETHIEAOPSYS/CLOUD_CLONE/MODS/P47H30N/NODES/DNY-5U5/role.txt
2026-05-05T19:29:42.0000000000Z	192	/mnt/h/AETHIEAOPSYS/CLOUD_CLONE/LAYERS/AENET/EXTERNAL/huggingface.json
2026-05-05T19:29:42.0000000000Z	203	/mnt/h/AETHIEAOPSYS/CLOUD_CLONE/MODS/P47H30N/NODES/DNY-5U5/rules.txt
2026-05-05T19:29:42.0000000000Z	271	/mnt/h/AETHIEAOPSYS/CLOUD_CLONE/LAYERS/AAE/README.md
2026-05-05T19:29:42.0000000000Z	281	/mnt/h/AETHIEAOPSYS/CLOUD_CLONE/LAYERS/AETHER/README.md
2026-05-05T19:29:42.0000000000Z	292	/mnt/h/AETHIEAOPSYS/CLOUD_CLONE/LAYERS/AE1OF1/README.md
2026-05-05T19:29:42.0000000000Z	302	/mnt/h/AETHIEAOPSYS/CLOUD_CLONE/LAYERS/AETHER/MAPPING.json
2026-05-05T19:29:42.0000000000Z	306	/mnt/h/AETHIEAOPSYS/CLOUD_CLONE/LAYERS/AAE/MAPPING.json
2026-05-05T19:29:42.0000000000Z	308	/mnt/h/AETHIEAOPSYS/CLOUD_CLONE/LAYERS/AE1OF1/MAPPING.json
2026-05-05T19:29:42.0000000000Z	314	/mnt/h/AETHIEAOPSYS/CLOUD_CLONE/LAYERS/AENET/MAPPING.json
2026-05-05T19:29:42.0000000000Z	320	/mnt/h/AETHIEAOPSYS/CLOUD_CLONE/LAYERS/UAER/MAPPING.json
2026-05-05T19:29:42.0000000000Z	322	/mnt/h/AETHIEAOPSYS/CLOUD_CLONE/LAYERS/UAER/README.md
2026-05-05T19:29:42.0000000000Z	506	/mnt/h/AETHIEAOPSYS/CLOUD_CLONE/LAYERS/README.md
2026-05-05T19:29:42.0000000000Z	561	/mnt/h/AETHIEAOPSYS/CLOUD_CLONE/EXECUTION/REPORTS/security.log
2026-05-05T19:29:42.0000000000Z	564	/mnt/h/AETHIEAOPSYS/CLOUD_CLONE/LAYERS/AE1OF1/HUD/dionysus_hud.sh.bak.1777989285
2026-05-05T19:29:42.0000000000Z	944	/mnt/h/AETHIEAOPSYS/CLOUD_CLONE/LAYERS/AENET/CONFIG/transport_stack.json
2026-05-05T19:29:44.0000000000Z	107	/mnt/h/AETHIEAOPSYS/CLOUD_CLONE/EXECUTION/PIPELINES/MULTIMEDIA/PROCESS/mm_good_validation.done.json
2026-05-05T19:29:44.0000000000Z	108	/mnt/h/AETHIEAOPSYS/CLOUD_CLONE/EXECUTION/PIPELINES/MULTIMEDIA/PROCESS/mm_audio.done.json
2026-05-05T19:29:44.0000000000Z	108	/mnt/h/AETHIEAOPSYS/CLOUD_CLONE/EXECUTION/PIPELINES/MULTIMEDIA/PROCESS/mm_audio.json
2026-05-05T19:29:44.0000000000Z	1086	/mnt/h/AETHIEAOPSYS/CLOUD_CLONE/EXECUTION/REPORTS/latest_report.txt
2026-05-05T19:29:44.0000000000Z	109	/mnt/h/AETHIEAOPSYS/CLOUD_CLONE/EXECUTION/PIPELINES/MULTIMEDIA/PROCESS/mm_bad_severity.rejected.source.json
2026-05-05T19:29:44.0000000000Z	109	/mnt/h/AETHIEAOPSYS/CLOUD_CLONE/EXECUTION/PIPELINES/MULTIMEDIA/PROCESS/mm_bad_severity2.rejected.source.json
2026-05-05T19:29:44.0000000000Z	109	/mnt/h/AETHIEAOPSYS/CLOUD_CLONE/EXECUTION/PIPELINES/MULTIMEDIA/PROCESS/mm_bad_validation.rejected.source.json
2026-05-05T19:29:44.0000000000Z	116	/mnt/h/AETHIEAOPSYS/CLOUD_CLONE/EXECUTION/PIPELINES/MULTIMEDIA/PROCESS/mm_bad_securitylog_fix.rejected.source.json
2026-05-05T19:29:44.0000000000Z	117	/mnt/h/AETHIEAOPSYS/CLOUD_CLONE/EXECUTION/PIPELINES/MULTIMEDIA/PROCESS/mm_test_reject.rejected.source.json
2026-05-05T19:29:44.0000000000Z	130	/mnt/h/AETHIEAOPSYS/CLOUD_CLONE/EXECUTION/PIPELINES/MULTIMEDIA/PROCESS/sample_job.done.json
2026-05-05T19:29:44.0000000000Z	130	/mnt/h/AETHIEAOPSYS/CLOUD_CLONE/EXECUTION/PIPELINES/MULTIMEDIA/PROCESS/sample_job.json
2026-05-05T19:29:44.0000000000Z	134	/mnt/h/AETHIEAOPSYS/CLOUD_CLONE/EXECUTION/PIPELINES/MULTIMEDIA/PROCESS/sample_job_002.done.json
2026-05-05T19:29:44.0000000000Z	134	/mnt/h/AETHIEAOPSYS/CLOUD_CLONE/EXECUTION/PIPELINES/MULTIMEDIA/PROCESS/sample_job_002.json
2026-05-05T19:29:44.0000000000Z	194	/mnt/h/AETHIEAOPSYS/CLOUD_CLONE/EXECUTION/PIPELINES/README.md
2026-05-05T19:29:44.0000000000Z	198	/mnt/h/AETHIEAOPSYS/CLOUD_CLONE/EXECUTION/PIPELINES/MULTIMEDIA/PROCESS/test_valid.rejected.source.json
2026-05-05T19:29:44.0000000000Z	199	/mnt/h/AETHIEAOPSYS/CLOUD_CLONE/EXECUTION/PIPELINES/MULTIMEDIA/PROCESS/test_allowed.rejected.source.json
2026-05-05T19:29:44.0000000000Z	2692	/mnt/h/AETHIEAOPSYS/CLOUD_CLONE/EXECUTION/PIPELINES/CHURCH/run.sh
2026-05-05T19:29:44.0000000000Z	2719	/mnt/h/AETHIEAOPSYS/CLOUD_CLONE/EXECUTION/PIPELINES/CHRYSALIS/run.sh
2026-05-05T19:29:44.0000000000Z	2719	/mnt/h/AETHIEAOPSYS/CLOUD_CLONE/EXECUTION/PIPELINES/SOLUTIONS/run.sh
2026-05-05T19:29:44.0000000000Z	2728	/mnt/h/AETHIEAOPSYS/CLOUD_CLONE/EXECUTION/PIPELINES/JUTSUBOYZZ/run.sh
2026-05-05T19:29:44.0000000000Z	2960	/mnt/h/AETHIEAOPSYS/CLOUD_CLONE/EXECUTION/PIPELINES/MULTIMEDIA/run.sh
2026-05-05T19:29:44.0000000000Z	3319	/mnt/h/AETHIEAOPSYS/CLOUD_CLONE/EXECUTION/REPORTS/latest_report.json
2026-05-05T19:29:46.0000000000Z	133	/mnt/h/AETHIEAOPSYS/CLOUD_CLONE/EXECUTION/PIPELINES/MULTIMEDIA/OUTPUT/sample_job.processed.json
2026-05-05T19:29:48.0000000000Z	107	/mnt/h/AETHIEAOPSYS/CLOUD_CLONE/EXECUTION/PIPELINES/MULTIMEDIA/PROCESS/QUARANTINE_20260502T235728Z/mm_good_validation.json
2026-05-05T19:29:48.0000000000Z	198	/mnt/h/AETHIEAOPSYS/CLOUD_CLONE/EXECUTION/PIPELINES/MULTIMEDIA/PROCESS/QUARANTINE_20260502T235728Z/test_valid.json
2026-05-05T19:29:48.0000000000Z	199	/mnt/h/AETHIEAOPSYS/CLOUD_CLONE/EXECUTION/PIPELINES/MULTIMEDIA/PROCESS/QUARANTINE_20260502T235728Z/test_allowed.json
2026-05-05T19:29:48.0000000000Z	205	/mnt/h/AETHIEAOPSYS/CLOUD_CLONE/EXECUTION/PIPELINES/MULTIMEDIA/PROCESS/QUARANTINE_20260502T235728Z/mm_bad_severity.json
2026-05-05T19:29:48.0000000000Z	205	/mnt/h/AETHIEAOPSYS/CLOUD_CLONE/EXECUTION/PIPELINES/MULTIMEDIA/PROCESS/QUARANTINE_20260502T235728Z/mm_bad_severity2.json
2026-05-05T19:29:48.0000000000Z	205	/mnt/h/AETHIEAOPSYS/CLOUD_CLONE/EXECUTION/PIPELINES/MULTIMEDIA/PROCESS/QUARANTINE_20260502T235728Z/mm_bad_validation.json
2026-05-05T19:29:48.0000000000Z	207	/mnt/h/AETHIEAOPSYS/CLOUD_CLONE/EXECUTION/PIPELINES/MULTIMEDIA/OUTPUT/sample_job_002.processed.json
2026-05-05T19:29:48.0000000000Z	212	/mnt/h/AETHIEAOPSYS/CLOUD_CLONE/EXECUTION/PIPELINES/MULTIMEDIA/PROCESS/QUARANTINE_20260502T235728Z/mm_bad_securitylog_fix.json
2026-05-05T19:29:48.0000000000Z	213	/mnt/h/AETHIEAOPSYS/CLOUD_CLONE/EXECUTION/PIPELINES/MULTIMEDIA/PROCESS/QUARANTINE_20260502T235728Z/mm_test_reject.json
2026-05-05T19:29:48.0000000000Z	226	/mnt/h/AETHIEAOPSYS/CLOUD_CLONE/EXECUTION/PIPELINES/MULTIMEDIA/OUTPUT/AUDIO/mm_audio.processed.json
2026-05-05T19:29:48.0000000000Z	235	/mnt/h/AETHIEAOPSYS/CLOUD_CLONE/EXECUTION/PIPELINES/MULTIMEDIA/REJECTED_ARCHIVE_20260503T005422Z/mm_bad_validation.rejected.json
2026-05-05T19:29:48.0000000000Z	259	/mnt/h/AETHIEAOPSYS/CLOUD_CLONE/EXECUTION/PIPELINES/MULTIMEDIA/REJECTED_ARCHIVE_20260503T005422Z/mm_bad_severity.rejected.json
2026-05-05T19:29:48.0000000000Z	259	/mnt/h/AETHIEAOPSYS/CLOUD_CLONE/EXECUTION/PIPELINES/MULTIMEDIA/REJECTED_ARCHIVE_20260503T005422Z/mm_bad_severity2.rejected.json
2026-05-05T19:29:48.0000000000Z	266	/mnt/h/AETHIEAOPSYS/CLOUD_CLONE/EXECUTION/PIPELINES/MULTIMEDIA/REJECTED_ARCHIVE_20260503T005422Z/mm_bad_securitylog_fix.rejected.json
2026-05-05T19:29:48.0000000000Z	267	/mnt/h/AETHIEAOPSYS/CLOUD_CLONE/EXECUTION/PIPELINES/MULTIMEDIA/REJECTED_ARCHIVE_20260503T005422Z/mm_test_reject.rejected.json
2026-05-05T19:29:48.0000000000Z	324	/mnt/h/AETHIEAOPSYS/CLOUD_CLONE/EXECUTION/PIPELINES/MULTIMEDIA/REJECTED_ARCHIVE_20260503T005422Z/test_valid.rejected.json
2026-05-05T19:29:48.0000000000Z	325	/mnt/h/AETHIEAOPSYS/CLOUD_CLONE/EXECUTION/PIPELINES/MULTIMEDIA/REJECTED_ARCHIVE_20260503T005422Z/test_allowed.rejected.json
2026-05-05T19:29:48.0000000000Z	3408	/mnt/h/AETHIEAOPSYS/CLOUD_CLONE/EXECUTION/PIPELINES/MULTIMEDIA/LOGS_ARCHIVE_20260503T005208Z/pipeline.log
2026-05-05T19:29:48.0000000000Z	446	/mnt/h/AETHIEAOPSYS/CLOUD_CLONE/EXECUTION/PIPELINES/MULTIMEDIA/CONFIG/pipeline.json
2026-05-05T19:29:48.0000000000Z	82	/mnt/h/AETHIEAOPSYS/CLOUD_CLONE/EXECUTION/PIPELINES/MULTIMEDIA/LOGS/pipeline.log
2026-05-05T19:29:50.0000000000Z	112	/mnt/h/AETHIEAOPSYS/CLOUD_CLONE/EXECUTION/PIPELINES/CHRYSALIS/PROCESS/chrysalis_text.done.json
2026-05-05T19:29:50.0000000000Z	112	/mnt/h/AETHIEAOPSYS/CLOUD_CLONE/EXECUTION/PIPELINES/CHRYSALIS/PROCESS/chrysalis_text.json
2026-05-05T19:29:50.0000000000Z	112	/mnt/h/AETHIEAOPSYS/CLOUD_CLONE/EXECUTION/PIPELINES/JUTSUBOYZZ/PROCESS/jbz_data.done.json
2026-05-05T19:29:50.0000000000Z	112	/mnt/h/AETHIEAOPSYS/CLOUD_CLONE/EXECUTION/PIPELINES/JUTSUBOYZZ/PROCESS/jbz_data.json
2026-05-05T19:29:50.0000000000Z	124	/mnt/h/AETHIEAOPSYS/CLOUD_CLONE/EXECUTION/PIPELINES/SOLUTIONS/PROCESS/solutions_content.done.json
2026-05-05T19:29:50.0000000000Z	124	/mnt/h/AETHIEAOPSYS/CLOUD_CLONE/EXECUTION/PIPELINES/SOLUTIONS/PROCESS/solutions_content.json
2026-05-05T19:29:50.0000000000Z	225	/mnt/h/AETHIEAOPSYS/CLOUD_CLONE/EXECUTION/PIPELINES/MULTIMEDIA/OUTPUT/AUDIO/mm_good_validation.processed.json
2026-05-05T19:29:50.0000000000Z	228	/mnt/h/AETHIEAOPSYS/CLOUD_CLONE/EXECUTION/PIPELINES/CHRYSALIS/OUTPUT/TEXT/chrysalis_text.processed.json
2026-05-05T19:29:50.0000000000Z	229	/mnt/h/AETHIEAOPSYS/CLOUD_CLONE/EXECUTION/PIPELINES/JUTSUBOYZZ/OUTPUT/DATA/jbz_data.processed.json
2026-05-05T19:29:50.0000000000Z	322	/mnt/h/AETHIEAOPSYS/CLOUD_CLONE/EXECUTION/PIPELINES/JUTSUBOYZZ/LOGS/pipeline.log
2026-05-05T19:29:50.0000000000Z	328	/mnt/h/AETHIEAOPSYS/CLOUD_CLONE/EXECUTION/PIPELINES/CHRYSALIS/LOGS/pipeline.log
2026-05-05T19:29:50.0000000000Z	343	/mnt/h/AETHIEAOPSYS/CLOUD_CLONE/EXECUTION/PIPELINES/SOLUTIONS/LOGS/pipeline.log
2026-05-05T19:29:50.0000000000Z	451	/mnt/h/AETHIEAOPSYS/CLOUD_CLONE/EXECUTION/PIPELINES/JUTSUBOYZZ/CONFIG/pipeline.json
2026-05-05T19:29:50.0000000000Z	467	/mnt/h/AETHIEAOPSYS/CLOUD_CLONE/EXECUTION/PIPELINES/CHRYSALIS/CONFIG/pipeline.json
2026-05-05T19:29:52.0000000000Z	121	/mnt/h/AETHIEAOPSYS/CLOUD_CLONE/EXECUTION/PIPELINES/CHURCH/PROCESS/church_bad_private.rejected.source.json
2026-05-05T19:29:52.0000000000Z	124	/mnt/h/AETHIEAOPSYS/CLOUD_CLONE/EXECUTION/PIPELINES/CHURCH/PROCESS/church_text.done.json
2026-05-05T19:29:52.0000000000Z	124	/mnt/h/AETHIEAOPSYS/CLOUD_CLONE/EXECUTION/PIPELINES/CHURCH/PROCESS/church_text.json
2026-05-05T19:29:52.0000000000Z	172	/mnt/h/AETHIEAOPSYS/CLOUD_CLONE/DOMAINS/FOR PROFIT/MULTIMEDIA S-CORP/config.json
2026-05-05T19:29:52.0000000000Z	180	/mnt/h/AETHIEAOPSYS/CLOUD_CLONE/EXECUTION/PIPELINES/_HF/CONFIG/pipeline.json
2026-05-05T19:29:52.0000000000Z	237	/mnt/h/AETHIEAOPSYS/CLOUD_CLONE/EXECUTION/PIPELINES/CHURCH/OUTPUT/TEXT/church_text.processed.json
2026-05-05T19:29:52.0000000000Z	243	/mnt/h/AETHIEAOPSYS/CLOUD_CLONE/EXECUTION/PIPELINES/CHURCH/REJECTED_ARCHIVE_20260503T010250Z/church_bad_private.rejected.json
2026-05-05T19:29:52.0000000000Z	243	/mnt/h/AETHIEAOPSYS/CLOUD_CLONE/EXECUTION/PIPELINES/SOLUTIONS/OUTPUT/CONTENT/solutions_content.processed.json
2026-05-05T19:29:52.0000000000Z	390	/mnt/h/AETHIEAOPSYS/CLOUD_CLONE/EXECUTION/PIPELINES/CHURCH/LOGS_ARCHIVE_20260503T010249Z/pipeline.log
2026-05-05T19:29:52.0000000000Z	476	/mnt/h/AETHIEAOPSYS/CLOUD_CLONE/EXECUTION/PIPELINES/SOLUTIONS/CONFIG/pipeline.json
2026-05-05T19:29:52.0000000000Z	481	/mnt/h/AETHIEAOPSYS/CLOUD_CLONE/EXECUTION/PIPELINES/CHURCH/CONFIG/pipeline.json
2026-05-05T19:29:52.0000000000Z	74	/mnt/h/AETHIEAOPSYS/CLOUD_CLONE/EXECUTION/PIPELINES/CHURCH/LOGS/pipeline.log
2026-05-05T19:29:54.0000000000Z	1042	/mnt/h/AETHIEAOPSYS/CLOUD_CLONE/DOMAINS/FOR PROFIT/MULTIMEDIA S-CORP/PIPELINE.sh
2026-05-05T19:29:54.0000000000Z	225	/mnt/h/AETHIEAOPSYS/CLOUD_CLONE/DOMAINS/FOR PROFIT/Moor Melanin LLC/BINDING.json
2026-05-05T19:29:54.0000000000Z	225	/mnt/h/AETHIEAOPSYS/CLOUD_CLONE/DOMAINS/FOR PROFIT/Omega Omerta LLC/BINDING.json
2026-05-05T19:29:54.0000000000Z	231	/mnt/h/AETHIEAOPSYS/CLOUD_CLONE/DOMAINS/FOR PROFIT/Any & Every Global LLC/BINDING.json
2026-05-05T19:29:54.0000000000Z	233	/mnt/h/AETHIEAOPSYS/CLOUD_CLONE/DOMAINS/FOR PROFIT/Start Small Move Big LLC/BINDING.json
2026-05-05T19:29:54.0000000000Z	238	/mnt/h/AETHIEAOPSYS/CLOUD_CLONE/DOMAINS/FOR PROFIT/Jutsu Boyzz LLC/MAPPING.json
2026-05-05T19:29:54.0000000000Z	239	/mnt/h/AETHIEAOPSYS/CLOUD_CLONE/DOMAINS/FOR PROFIT/Everyday Empress Worldwide LLC/BINDING.json
2026-05-05T19:29:54.0000000000Z	266	/mnt/h/AETHIEAOPSYS/CLOUD_CLONE/DOMAINS/FOR PROFIT/Moor Melanin LLC/MAPPING.json
2026-05-05T19:29:54.0000000000Z	266	/mnt/h/AETHIEAOPSYS/CLOUD_CLONE/DOMAINS/FOR PROFIT/Omega Omerta LLC/MAPPING.json
2026-05-05T19:29:54.0000000000Z	272	/mnt/h/AETHIEAOPSYS/CLOUD_CLONE/DOMAINS/FOR PROFIT/Any & Every Global LLC/MAPPING.json
2026-05-05T19:29:54.0000000000Z	273	/mnt/h/AETHIEAOPSYS/CLOUD_CLONE/DOMAINS/FOR PROFIT/MULTIMEDIA S-CORP/MAPPING.json
2026-05-05T19:29:54.0000000000Z	274	/mnt/h/AETHIEAOPSYS/CLOUD_CLONE/DOMAINS/FOR PROFIT/Start Small Move Big LLC/MAPPING.json
2026-05-05T19:29:54.0000000000Z	280	/mnt/h/AETHIEAOPSYS/CLOUD_CLONE/DOMAINS/FOR PROFIT/Everyday Empress Worldwide LLC/MAPPING.json
2026-05-05T19:29:54.0000000000Z	282	/mnt/h/AETHIEAOPSYS/CLOUD_CLONE/DOMAINS/FOR PROFIT/The Chrysalis State LLC/MAPPING.json
2026-05-05T19:29:54.0000000000Z	413	/mnt/h/AETHIEAOPSYS/CLOUD_CLONE/DOMAINS/FOR PROFIT/Jutsu Boyzz LLC/README.md
2026-05-05T19:29:54.0000000000Z	415	/mnt/h/AETHIEAOPSYS/CLOUD_CLONE/DOMAINS/FOR PROFIT/MULTIMEDIA S-CORP/README.md
2026-05-05T19:29:54.0000000000Z	420	/mnt/h/AETHIEAOPSYS/CLOUD_CLONE/DOMAINS/FOR PROFIT/The Chrysalis State LLC/README.md
2026-05-05T19:29:54.0000000000Z	607	/mnt/h/AETHIEAOPSYS/CLOUD_CLONE/DOMAINS/FOR PROFIT/MULTIMEDIA S-CORP/routes.json
2026-05-05T19:29:54.0000000000Z	632	/mnt/h/AETHIEAOPSYS/CLOUD_CLONE/DOMAINS/FOR PROFIT/MULTIMEDIA S-CORP/BINDING.json
2026-05-05T19:29:54.0000000000Z	642	/mnt/h/AETHIEAOPSYS/CLOUD_CLONE/DOMAINS/FOR PROFIT/Jutsu Boyzz LLC/BINDING.json
2026-05-05T19:29:54.0000000000Z	649	/mnt/h/AETHIEAOPSYS/CLOUD_CLONE/DOMAINS/FOR PROFIT/The Chrysalis State LLC/BINDING.json
2026-05-05T19:29:54.0000000000Z	700	/mnt/h/AETHIEAOPSYS/CLOUD_CLONE/DOMAINS/FOR PROFIT/Jutsu Boyzz LLC/routes.json
2026-05-05T19:29:54.0000000000Z	704	/mnt/h/AETHIEAOPSYS/CLOUD_CLONE/DOMAINS/FOR PROFIT/The Chrysalis State LLC/routes.json
2026-05-05T19:29:56.0000000000Z	119	/mnt/h/AETHIEAOPSYS/CLOUD_CLONE/DOMAINS/FOR PROFIT/huggingface/BINDING.json
2026-05-05T19:29:56.0000000000Z	161	/mnt/h/AETHIEAOPSYS/CLOUD_CLONE/DOMAINS/FOR PROFIT/huggingface/MAPPING.json
2026-05-05T19:29:56.0000000000Z	191	/mnt/h/AETHIEAOPSYS/CLOUD_CLONE/DOMAINS/FOR PROFIT/MULTIMEDIA S-CORP/LOGS/pipeline.log
2026-05-05T19:29:56.0000000000Z	210	/mnt/h/AETHIEAOPSYS/CLOUD_CLONE/DOMAINS/FOR PROFIT/SLove 1of1 Solutions & Consultation LLC/MAPPING.json
2026-05-05T19:29:56.0000000000Z	224	/mnt/h/AETHIEAOPSYS/CLOUD_CLONE/DOMAINS/thematriculation.cc/aether/BINDING.json
2026-05-05T19:29:56.0000000000Z	236	/mnt/h/AETHIEAOPSYS/CLOUD_CLONE/DOMAINS/PRIVATE/Private Express Ministry Trust/BINDING.json
2026-05-05T19:29:56.0000000000Z	244	/mnt/h/AETHIEAOPSYS/CLOUD_CLONE/DOMAINS/NONPROFIT/The Church of Power & Poise/MAPPING.json
2026-05-05T19:29:56.0000000000Z	265	/mnt/h/AETHIEAOPSYS/CLOUD_CLONE/DOMAINS/thematriculation.cc/aether/MAPPING.json
2026-05-05T19:29:56.0000000000Z	281	/mnt/h/AETHIEAOPSYS/CLOUD_CLONE/DOMAINS/PRIVATE/Private Express Ministry Trust/MAPPING.json
2026-05-05T19:29:56.0000000000Z	305	/mnt/h/AETHIEAOPSYS/CLOUD_CLONE/DOMAINS/thematriculation.cc/aether/PORTAL/index.html
2026-05-05T19:29:56.0000000000Z	420	/mnt/h/AETHIEAOPSYS/CLOUD_CLONE/DOMAINS/NONPROFIT/The Church of Power & Poise/README.md
2026-05-05T19:29:56.0000000000Z	425	/mnt/h/AETHIEAOPSYS/CLOUD_CLONE/DOMAINS/PRIVATE/Private Express Ministry Trust/README.md
2026-05-05T19:29:56.0000000000Z	436	/mnt/h/AETHIEAOPSYS/CLOUD_CLONE/DOMAINS/FOR PROFIT/SLove 1of1 Solutions & Consultation LLC/README.md
2026-05-05T19:29:56.0000000000Z	486	/mnt/h/AETHIEAOPSYS/CLOUD_CLONE/DOMAINS/FOR PROFIT/MULTIMEDIA S-CORP/OUTPUT/2026-04-25T17-08-31Z_audio_youtube.json
2026-05-05T19:29:56.0000000000Z	639	/mnt/h/AETHIEAOPSYS/CLOUD_CLONE/DOMAINS/thematriculation.cc/aether/PORTAL/routes.json
2026-05-05T19:29:56.0000000000Z	651	/mnt/h/AETHIEAOPSYS/CLOUD_CLONE/DOMAINS/PRIVATE/Private Express Ministry Trust/routes.json
2026-05-05T19:29:56.0000000000Z	695	/mnt/h/AETHIEAOPSYS/CLOUD_CLONE/DOMAINS/NONPROFIT/The Church of Power & Poise/BINDING.json
2026-05-05T19:29:56.0000000000Z	695	/mnt/h/AETHIEAOPSYS/CLOUD_CLONE/DOMAINS/NONPROFIT/The Church of Power & Poise/routes.json
2026-05-05T19:29:56.0000000000Z	697	/mnt/h/AETHIEAOPSYS/CLOUD_CLONE/DOMAINS/FOR PROFIT/SLove 1of1 Solutions & Consultation LLC/BINDING.json
2026-05-05T19:29:56.0000000000Z	720	/mnt/h/AETHIEAOPSYS/CLOUD_CLONE/DOMAINS/FOR PROFIT/SLove 1of1 Solutions & Consultation LLC/routes.json
2026-05-05T19:29:58.0000000000Z	10129	/mnt/h/AETHIEAOPSYS/CLOUD_CLONE/LOGS/folder_index.txt
2026-05-05T19:29:58.0000000000Z	1170	/mnt/h/AETHIEAOPSYS/CLOUD_CLONE/LOGS/SYSTEM/domains_programmed_xofit_20260502T234127Z.log
2026-05-05T19:29:58.0000000000Z	12871	/mnt/h/AETHIEAOPSYS/CLOUD_CLONE/LOGS/system.log
2026-05-05T19:29:58.0000000000Z	1390	/mnt/h/AETHIEAOPSYS/CLOUD_CLONE/TOOLIO/patch_router_clean.py
2026-05-05T19:29:58.0000000000Z	17472	/mnt/h/AETHIEAOPSYS/CLOUD_CLONE/DATA/MEMORY/ANCHORS/2026-05-05T23-29-26Z_cloud_clone_sync.json
2026-05-05T19:29:58.0000000000Z	17472	/mnt/h/AETHIEAOPSYS/DATA/MEMORY/ANCHORS/2026-05-05T23-29-26Z_cloud_clone_sync.json
2026-05-05T19:29:58.0000000000Z	21599	/mnt/h/AETHIEAOPSYS/CLOUD_CLONE/LOGS/file_index.txt
2026-05-05T19:29:58.0000000000Z	297	/mnt/h/AETHIEAOPSYS/CLOUD_CLONE/LOGS/SYSTEM/pipeline.log
2026-05-05T19:29:58.0000000000Z	3297	/mnt/h/AETHIEAOPSYS/CLOUD_CLONE/TOOLIO/aeth_cloud_clone.py
2026-05-05T19:29:58.0000000000Z	332	/mnt/h/AETHIEAOPSYS/CLOUD_CLONE/LOGS/SYSTEM/2026-05-02_olivia_stack_verified.log
2026-05-05T19:29:58.0000000000Z	413	/mnt/h/AETHIEAOPSYS/CLOUD_CLONE/DOMAINS/thematriculation.cc/aether/PORTAL/README.md
2026-05-05T19:29:58.0000000000Z	468	/mnt/h/AETHIEAOPSYS/CLOUD_CLONE/TOOLIO/patch_router_root_fix.py
2026-05-05T19:29:58.0000000000Z	565	/mnt/h/AETHIEAOPSYS/CLOUD_CLONE/GCR/README.md
2026-05-05T19:29:58.0000000000Z	60624	/mnt/h/AETHIEAOPSYS/CLOUD_CLONE/LOGS/full_audit.txt
2026-05-05T19:29:58.0000000000Z	829	/mnt/h/AETHIEAOPSYS/CLOUD_CLONE/TOOLIO/patch_ae_aenet_first.py
2026-05-05T19:29:58.0000000000Z	893	/mnt/h/AETHIEAOPSYS/CLOUD_CLONE/TOOLIO/aeth_rebind.py
2026-05-05T19:29:58.0000000000Z	948	/mnt/h/AETHIEAOPSYS/CLOUD_CLONE/TOOLIO/aeth_diff.py
2026-05-05T19:29:58.0000000000Z	955	/mnt/h/AETHIEAOPSYS/CLOUD_CLONE/LOGS/SYSTEM/2026-05-03_system_checkpoint.log
2026-05-05T19:29:58.0000000000Z	992	/mnt/h/AETHIEAOPSYS/CLOUD_CLONE/TOOLIO/patch_cloudflare_aenet.py
2026-05-05T19:35:12.0000000000Z	71	/mnt/h/AETHIEAOPSYS/TOOLIO/aeth_cloud_clone
2026-05-05T19:35:32.0000000000Z	1063	/mnt/h/AETHIEAOPSYS/CLOUD_CLONE/DATA/MEMORY/ANCHORS/2026-05-05T23-35-21Z_cloud_clone_sync.json
2026-05-05T19:35:32.0000000000Z	1063	/mnt/h/AETHIEAOPSYS/DATA/MEMORY/ANCHORS/2026-05-05T23-35-21Z_cloud_clone_sync.json
2026-05-05T19:35:32.0000000000Z	71	/mnt/h/AETHIEAOPSYS/CLOUD_CLONE/TOOLIO/aeth_cloud_clone
2026-05-05T19:36:08.0000000000Z	1030	/mnt/h/AETHIEAOPSYS/CLOUD_CLONE/DATA/MEMORY/ANCHORS/2026-05-05T23-35-55Z_cloud_clone_sync.json
2026-05-05T19:36:08.0000000000Z	1030	/mnt/h/AETHIEAOPSYS/DATA/MEMORY/ANCHORS/2026-05-05T23-35-55Z_cloud_clone_sync.json
2026-05-05T19:36:18.0000000000Z	187	/mnt/h/AETHIEAOPSYS/DATA/MEMORY/ANCHORS/2026-05-05_23-36-17_anchor.json
2026-05-05T19:43:42.0000000000Z	187	/mnt/h/AETHIEAOPSYS/CLOUD_CLONE/DATA/MEMORY/ANCHORS/2026-05-05_23-36-17_anchor.json
2026-05-05T19:43:50.0000000000Z	1091	/mnt/h/AETHIEAOPSYS/CLOUD_CLONE/DATA/MEMORY/ANCHORS/2026-05-05T23-43-36Z_cloud_clone_sync.json
2026-05-05T19:43:50.0000000000Z	1091	/mnt/h/AETHIEAOPSYS/DATA/MEMORY/ANCHORS/2026-05-05T23-43-36Z_cloud_clone_sync.json
2026-05-05T19:44:10.0000000000Z	211	/mnt/h/AETHIEAOPSYS/DATA/MEMORY/ANCHORS/2026-05-05_23-44-09_anchor.json
2026-05-05T19:48:58.0000000000Z	211	/mnt/h/AETHIEAOPSYS/CLOUD_CLONE/DATA/MEMORY/ANCHORS/2026-05-05_23-44-09_anchor.json
2026-05-05T19:49:06.0000000000Z	1091	/mnt/h/AETHIEAOPSYS/CLOUD_CLONE/DATA/MEMORY/ANCHORS/2026-05-05T23-48-54Z_cloud_clone_sync.json
2026-05-05T19:49:06.0000000000Z	1091	/mnt/h/AETHIEAOPSYS/DATA/MEMORY/ANCHORS/2026-05-05T23-48-54Z_cloud_clone_sync.json
2026-05-05T19:54:24.0000000000Z	1030	/mnt/h/AETHIEAOPSYS/CLOUD_CLONE/DATA/MEMORY/ANCHORS/2026-05-05T23-54-11Z_cloud_clone_sync.json
2026-05-05T19:54:24.0000000000Z	1030	/mnt/h/AETHIEAOPSYS/DATA/MEMORY/ANCHORS/2026-05-05T23-54-11Z_cloud_clone_sync.json
2026-05-05T19:55:56.0000000000Z	246	/mnt/h/AETHIEAOPSYS/DATA/MEMORY/ANCHORS/2026-05-05_23-55-55_anchor.json
2026-05-05T19:58:12.0000000000Z	250	/mnt/h/AETHIEAOPSYS/DATA/MEMORY/ANCHORS/2026-05-05_23-58-10_anchor.json
2026-05-05T19:59:28.0000000000Z	246	/mnt/h/AETHIEAOPSYS/CLOUD_CLONE/DATA/MEMORY/ANCHORS/2026-05-05_23-55-55_anchor.json
2026-05-05T19:59:28.0000000000Z	250	/mnt/h/AETHIEAOPSYS/CLOUD_CLONE/DATA/MEMORY/ANCHORS/2026-05-05_23-58-10_anchor.json
2026-05-05T19:59:40.0000000000Z	1150	/mnt/h/AETHIEAOPSYS/CLOUD_CLONE/DATA/MEMORY/ANCHORS/2026-05-05T23-59-25Z_cloud_clone_sync.json
2026-05-05T19:59:40.0000000000Z	1150	/mnt/h/AETHIEAOPSYS/DATA/MEMORY/ANCHORS/2026-05-05T23-59-25Z_cloud_clone_sync.json
2026-05-05T20:02:54.0000000000Z	6333	/mnt/h/AETHIEAOPSYS/TOOLIO/aeth_buildout_next10.py
2026-05-05T20:02:58.0000000000Z	1615	/mnt/h/AETHIEAOPSYS/DATA/MEMORY/STATE/latest_stack_status.json
2026-05-05T20:02:58.0000000000Z	270	/mnt/h/AETHIEAOPSYS/TOOLIO/aeth_repair_services.py
2026-05-05T20:02:58.0000000000Z	350	/mnt/h/AETHIEAOPSYS/LAYERS/AENET/CONFIG/cloudflare_routes.json
2026-05-05T20:02:58.0000000000Z	424	/mnt/h/AETHIEAOPSYS/DATA/MEMORY/HOSTS/lolita.json
2026-05-05T20:02:58.0000000000Z	967	/mnt/h/AETHIEAOPSYS/TOOLIO/aeth_verify_stack.py
2026-05-05T20:03:00.0000000000Z	220	/mnt/h/AETHIEAOPSYS/DATA/MEMORY/ANCHORS/2026-05-06T00-02-53Z_buildout_next10.json
2026-05-05T20:03:00.0000000000Z	419	/mnt/h/AETHIEAOPSYS/PORTAL/index.html
2026-05-05T20:03:00.0000000000Z	819	/mnt/h/AETHIEAOPSYS/TOOLIO/aeth_run_pipeline.py
2026-05-05T20:04:40.0000000000Z	1615	/mnt/h/AETHIEAOPSYS/CLOUD_CLONE/DATA/MEMORY/STATE/latest_stack_status.json
2026-05-05T20:04:42.0000000000Z	220	/mnt/h/AETHIEAOPSYS/CLOUD_CLONE/DATA/MEMORY/ANCHORS/2026-05-06T00-02-53Z_buildout_next10.json
2026-05-05T20:04:42.0000000000Z	424	/mnt/h/AETHIEAOPSYS/CLOUD_CLONE/DATA/MEMORY/HOSTS/lolita.json
2026-05-05T20:04:44.0000000000Z	350	/mnt/h/AETHIEAOPSYS/CLOUD_CLONE/LAYERS/AENET/CONFIG/cloudflare_routes.json
2026-05-05T20:04:48.0000000000Z	1384	/mnt/h/AETHIEAOPSYS/CLOUD_CLONE/DATA/MEMORY/ANCHORS/2026-05-06T00-04-39Z_cloud_clone_sync.json
2026-05-05T20:04:48.0000000000Z	1384	/mnt/h/AETHIEAOPSYS/DATA/MEMORY/ANCHORS/2026-05-06T00-04-39Z_cloud_clone_sync.json
2026-05-05T20:04:48.0000000000Z	270	/mnt/h/AETHIEAOPSYS/CLOUD_CLONE/TOOLIO/aeth_repair_services.py
2026-05-05T20:04:48.0000000000Z	6333	/mnt/h/AETHIEAOPSYS/CLOUD_CLONE/TOOLIO/aeth_buildout_next10.py
2026-05-05T20:04:48.0000000000Z	819	/mnt/h/AETHIEAOPSYS/CLOUD_CLONE/TOOLIO/aeth_run_pipeline.py
2026-05-05T20:04:48.0000000000Z	967	/mnt/h/AETHIEAOPSYS/CLOUD_CLONE/TOOLIO/aeth_verify_stack.py
2026-05-05T20:07:48.0000000000Z	1575	/mnt/h/AETHIEAOPSYS/EXECUTION/PIPELINES/MULTIMEDIA/binding.json
2026-05-05T20:09:54.0000000000Z	1575	/mnt/h/AETHIEAOPSYS/CLOUD_CLONE/EXECUTION/PIPELINES/MULTIMEDIA/binding.json
2026-05-05T20:09:56.0000000000Z	1133	/mnt/h/AETHIEAOPSYS/CLOUD_CLONE/DATA/MEMORY/ANCHORS/2026-05-06T00-09-48Z_cloud_clone_sync.json
2026-05-05T20:09:56.0000000000Z	1133	/mnt/h/AETHIEAOPSYS/DATA/MEMORY/ANCHORS/2026-05-06T00-09-48Z_cloud_clone_sync.json
2026-05-05T22:40:52.0000000000Z	1030	/mnt/h/AETHIEAOPSYS/CLOUD_CLONE/DATA/MEMORY/ANCHORS/2026-05-06T02-40-45Z_cloud_clone_sync.json
2026-05-05T22:40:52.0000000000Z	1030	/mnt/h/AETHIEAOPSYS/DATA/MEMORY/ANCHORS/2026-05-06T02-40-45Z_cloud_clone_sync.json
2026-05-05T22:46:04.0000000000Z	1030	/mnt/h/AETHIEAOPSYS/CLOUD_CLONE/DATA/MEMORY/ANCHORS/2026-05-06T02-45-56Z_cloud_clone_sync.json
2026-05-05T22:46:04.0000000000Z	1030	/mnt/h/AETHIEAOPSYS/DATA/MEMORY/ANCHORS/2026-05-06T02-45-56Z_cloud_clone_sync.json
2026-05-05T22:51:28.0000000000Z	1030	/mnt/h/AETHIEAOPSYS/CLOUD_CLONE/DATA/MEMORY/ANCHORS/2026-05-06T02-51-22Z_cloud_clone_sync.json
2026-05-05T22:51:28.0000000000Z	1030	/mnt/h/AETHIEAOPSYS/DATA/MEMORY/ANCHORS/2026-05-06T02-51-22Z_cloud_clone_sync.json
2026-05-05T22:56:58.0000000000Z	1030	/mnt/h/AETHIEAOPSYS/CLOUD_CLONE/DATA/MEMORY/ANCHORS/2026-05-06T02-56-51Z_cloud_clone_sync.json
2026-05-05T22:56:58.0000000000Z	1030	/mnt/h/AETHIEAOPSYS/DATA/MEMORY/ANCHORS/2026-05-06T02-56-51Z_cloud_clone_sync.json
2026-05-05T23:02:26.0000000000Z	1030	/mnt/h/AETHIEAOPSYS/CLOUD_CLONE/DATA/MEMORY/ANCHORS/2026-05-06T03-02-18Z_cloud_clone_sync.json
2026-05-05T23:02:26.0000000000Z	1030	/mnt/h/AETHIEAOPSYS/DATA/MEMORY/ANCHORS/2026-05-06T03-02-18Z_cloud_clone_sync.json
2026-05-05T23:07:56.0000000000Z	1030	/mnt/h/AETHIEAOPSYS/CLOUD_CLONE/DATA/MEMORY/ANCHORS/2026-05-06T03-07-47Z_cloud_clone_sync.json
2026-05-05T23:07:56.0000000000Z	1030	/mnt/h/AETHIEAOPSYS/DATA/MEMORY/ANCHORS/2026-05-06T03-07-47Z_cloud_clone_sync.json
2026-05-05T23:13:26.0000000000Z	1030	/mnt/h/AETHIEAOPSYS/CLOUD_CLONE/DATA/MEMORY/ANCHORS/2026-05-06T03-13-17Z_cloud_clone_sync.json
2026-05-05T23:13:26.0000000000Z	1030	/mnt/h/AETHIEAOPSYS/DATA/MEMORY/ANCHORS/2026-05-06T03-13-17Z_cloud_clone_sync.json
2026-05-05T23:18:52.0000000000Z	1030	/mnt/h/AETHIEAOPSYS/CLOUD_CLONE/DATA/MEMORY/ANCHORS/2026-05-06T03-18-45Z_cloud_clone_sync.json
2026-05-05T23:18:52.0000000000Z	1030	/mnt/h/AETHIEAOPSYS/DATA/MEMORY/ANCHORS/2026-05-06T03-18-45Z_cloud_clone_sync.json
2026-05-05T23:24:22.0000000000Z	1030	/mnt/h/AETHIEAOPSYS/CLOUD_CLONE/DATA/MEMORY/ANCHORS/2026-05-06T03-24-15Z_cloud_clone_sync.json
2026-05-05T23:24:22.0000000000Z	1030	/mnt/h/AETHIEAOPSYS/DATA/MEMORY/ANCHORS/2026-05-06T03-24-15Z_cloud_clone_sync.json
2026-05-05T23:29:48.0000000000Z	1030	/mnt/h/AETHIEAOPSYS/CLOUD_CLONE/DATA/MEMORY/ANCHORS/2026-05-06T03-29-42Z_cloud_clone_sync.json
2026-05-05T23:29:48.0000000000Z	1030	/mnt/h/AETHIEAOPSYS/DATA/MEMORY/ANCHORS/2026-05-06T03-29-42Z_cloud_clone_sync.json
2026-05-05T23:35:16.0000000000Z	1030	/mnt/h/AETHIEAOPSYS/CLOUD_CLONE/DATA/MEMORY/ANCHORS/2026-05-06T03-35-09Z_cloud_clone_sync.json
2026-05-05T23:35:16.0000000000Z	1030	/mnt/h/AETHIEAOPSYS/DATA/MEMORY/ANCHORS/2026-05-06T03-35-09Z_cloud_clone_sync.json
2026-05-05T23:40:44.0000000000Z	1030	/mnt/h/AETHIEAOPSYS/CLOUD_CLONE/DATA/MEMORY/ANCHORS/2026-05-06T03-40-37Z_cloud_clone_sync.json
2026-05-05T23:40:44.0000000000Z	1030	/mnt/h/AETHIEAOPSYS/DATA/MEMORY/ANCHORS/2026-05-06T03-40-37Z_cloud_clone_sync.json
2026-05-05T23:46:18.0000000000Z	1030	/mnt/h/AETHIEAOPSYS/CLOUD_CLONE/DATA/MEMORY/ANCHORS/2026-05-06T03-46-11Z_cloud_clone_sync.json
2026-05-05T23:46:18.0000000000Z	1030	/mnt/h/AETHIEAOPSYS/DATA/MEMORY/ANCHORS/2026-05-06T03-46-11Z_cloud_clone_sync.json
2026-05-05T23:52:04.0000000000Z	1030	/mnt/h/AETHIEAOPSYS/CLOUD_CLONE/DATA/MEMORY/ANCHORS/2026-05-06T03-51-47Z_cloud_clone_sync.json
2026-05-05T23:52:04.0000000000Z	1030	/mnt/h/AETHIEAOPSYS/DATA/MEMORY/ANCHORS/2026-05-06T03-51-47Z_cloud_clone_sync.json
2026-05-05T23:57:44.0000000000Z	1030	/mnt/h/AETHIEAOPSYS/CLOUD_CLONE/DATA/MEMORY/ANCHORS/2026-05-06T03-57-29Z_cloud_clone_sync.json
2026-05-05T23:57:44.0000000000Z	1030	/mnt/h/AETHIEAOPSYS/DATA/MEMORY/ANCHORS/2026-05-06T03-57-29Z_cloud_clone_sync.json
2026-05-06T04:08:14.0000000000Z	1030	/mnt/h/AETHIEAOPSYS/CLOUD_CLONE/DATA/MEMORY/ANCHORS/2026-05-06T08-08-09Z_cloud_clone_sync.json
2026-05-06T04:08:14.0000000000Z	1030	/mnt/h/AETHIEAOPSYS/DATA/MEMORY/ANCHORS/2026-05-06T08-08-09Z_cloud_clone_sync.json
2026-05-06T04:13:46.0000000000Z	1030	/mnt/h/AETHIEAOPSYS/CLOUD_CLONE/DATA/MEMORY/ANCHORS/2026-05-06T08-13-40Z_cloud_clone_sync.json
2026-05-06T04:13:46.0000000000Z	1030	/mnt/h/AETHIEAOPSYS/DATA/MEMORY/ANCHORS/2026-05-06T08-13-40Z_cloud_clone_sync.json
2026-05-06T04:19:20.0000000000Z	1030	/mnt/h/AETHIEAOPSYS/CLOUD_CLONE/DATA/MEMORY/ANCHORS/2026-05-06T08-19-15Z_cloud_clone_sync.json
2026-05-06T04:19:20.0000000000Z	1030	/mnt/h/AETHIEAOPSYS/DATA/MEMORY/ANCHORS/2026-05-06T08-19-15Z_cloud_clone_sync.json
2026-05-06T04:24:54.0000000000Z	1030	/mnt/h/AETHIEAOPSYS/CLOUD_CLONE/DATA/MEMORY/ANCHORS/2026-05-06T08-24-47Z_cloud_clone_sync.json
2026-05-06T04:24:54.0000000000Z	1030	/mnt/h/AETHIEAOPSYS/DATA/MEMORY/ANCHORS/2026-05-06T08-24-47Z_cloud_clone_sync.json
2026-05-06T04:30:24.0000000000Z	1030	/mnt/h/AETHIEAOPSYS/CLOUD_CLONE/DATA/MEMORY/ANCHORS/2026-05-06T08-30-20Z_cloud_clone_sync.json
2026-05-06T04:30:24.0000000000Z	1030	/mnt/h/AETHIEAOPSYS/DATA/MEMORY/ANCHORS/2026-05-06T08-30-20Z_cloud_clone_sync.json
2026-05-06T04:35:58.0000000000Z	1030	/mnt/h/AETHIEAOPSYS/CLOUD_CLONE/DATA/MEMORY/ANCHORS/2026-05-06T08-35-52Z_cloud_clone_sync.json
2026-05-06T04:35:58.0000000000Z	1030	/mnt/h/AETHIEAOPSYS/DATA/MEMORY/ANCHORS/2026-05-06T08-35-52Z_cloud_clone_sync.json
2026-05-06T04:41:32.0000000000Z	1030	/mnt/h/AETHIEAOPSYS/CLOUD_CLONE/DATA/MEMORY/ANCHORS/2026-05-06T08-41-23Z_cloud_clone_sync.json
2026-05-06T04:41:32.0000000000Z	1030	/mnt/h/AETHIEAOPSYS/DATA/MEMORY/ANCHORS/2026-05-06T08-41-23Z_cloud_clone_sync.json
2026-05-06T04:47:04.0000000000Z	1030	/mnt/h/AETHIEAOPSYS/CLOUD_CLONE/DATA/MEMORY/ANCHORS/2026-05-06T08-46-59Z_cloud_clone_sync.json
2026-05-06T04:47:04.0000000000Z	1030	/mnt/h/AETHIEAOPSYS/DATA/MEMORY/ANCHORS/2026-05-06T08-46-59Z_cloud_clone_sync.json
2026-05-06T04:52:38.0000000000Z	1030	/mnt/h/AETHIEAOPSYS/CLOUD_CLONE/DATA/MEMORY/ANCHORS/2026-05-06T08-52-31Z_cloud_clone_sync.json
2026-05-06T04:52:38.0000000000Z	1030	/mnt/h/AETHIEAOPSYS/DATA/MEMORY/ANCHORS/2026-05-06T08-52-31Z_cloud_clone_sync.json
2026-05-06T04:58:10.0000000000Z	1030	/mnt/h/AETHIEAOPSYS/CLOUD_CLONE/DATA/MEMORY/ANCHORS/2026-05-06T08-58-04Z_cloud_clone_sync.json
2026-05-06T04:58:10.0000000000Z	1030	/mnt/h/AETHIEAOPSYS/DATA/MEMORY/ANCHORS/2026-05-06T08-58-04Z_cloud_clone_sync.json
2026-05-06T05:03:42.0000000000Z	1030	/mnt/h/AETHIEAOPSYS/CLOUD_CLONE/DATA/MEMORY/ANCHORS/2026-05-06T09-03-35Z_cloud_clone_sync.json
2026-05-06T05:03:42.0000000000Z	1030	/mnt/h/AETHIEAOPSYS/DATA/MEMORY/ANCHORS/2026-05-06T09-03-35Z_cloud_clone_sync.json
2026-05-06T05:09:14.0000000000Z	1030	/mnt/h/AETHIEAOPSYS/CLOUD_CLONE/DATA/MEMORY/ANCHORS/2026-05-06T09-09-09Z_cloud_clone_sync.json
2026-05-06T05:09:14.0000000000Z	1030	/mnt/h/AETHIEAOPSYS/DATA/MEMORY/ANCHORS/2026-05-06T09-09-09Z_cloud_clone_sync.json
2026-05-06T05:14:48.0000000000Z	1030	/mnt/h/AETHIEAOPSYS/CLOUD_CLONE/DATA/MEMORY/ANCHORS/2026-05-06T09-14-40Z_cloud_clone_sync.json
2026-05-06T05:14:48.0000000000Z	1030	/mnt/h/AETHIEAOPSYS/DATA/MEMORY/ANCHORS/2026-05-06T09-14-40Z_cloud_clone_sync.json
2026-05-06T05:20:20.0000000000Z	1030	/mnt/h/AETHIEAOPSYS/CLOUD_CLONE/DATA/MEMORY/ANCHORS/2026-05-06T09-20-15Z_cloud_clone_sync.json
2026-05-06T05:20:20.0000000000Z	1030	/mnt/h/AETHIEAOPSYS/DATA/MEMORY/ANCHORS/2026-05-06T09-20-15Z_cloud_clone_sync.json
2026-05-06T05:25:54.0000000000Z	1030	/mnt/h/AETHIEAOPSYS/CLOUD_CLONE/DATA/MEMORY/ANCHORS/2026-05-06T09-25-47Z_cloud_clone_sync.json
2026-05-06T05:25:54.0000000000Z	1030	/mnt/h/AETHIEAOPSYS/DATA/MEMORY/ANCHORS/2026-05-06T09-25-47Z_cloud_clone_sync.json
2026-05-06T05:31:26.0000000000Z	1030	/mnt/h/AETHIEAOPSYS/CLOUD_CLONE/DATA/MEMORY/ANCHORS/2026-05-06T09-31-22Z_cloud_clone_sync.json
2026-05-06T05:31:26.0000000000Z	1030	/mnt/h/AETHIEAOPSYS/DATA/MEMORY/ANCHORS/2026-05-06T09-31-22Z_cloud_clone_sync.json
2026-05-06T05:36:58.0000000000Z	1030	/mnt/h/AETHIEAOPSYS/CLOUD_CLONE/DATA/MEMORY/ANCHORS/2026-05-06T09-36-52Z_cloud_clone_sync.json
2026-05-06T05:36:58.0000000000Z	1030	/mnt/h/AETHIEAOPSYS/DATA/MEMORY/ANCHORS/2026-05-06T09-36-52Z_cloud_clone_sync.json
2026-05-06T05:42:30.0000000000Z	1030	/mnt/h/AETHIEAOPSYS/CLOUD_CLONE/DATA/MEMORY/ANCHORS/2026-05-06T09-42-26Z_cloud_clone_sync.json
2026-05-06T05:42:30.0000000000Z	1030	/mnt/h/AETHIEAOPSYS/DATA/MEMORY/ANCHORS/2026-05-06T09-42-26Z_cloud_clone_sync.json
2026-05-06T05:48:04.0000000000Z	1030	/mnt/h/AETHIEAOPSYS/CLOUD_CLONE/DATA/MEMORY/ANCHORS/2026-05-06T09-47-57Z_cloud_clone_sync.json
2026-05-06T05:48:04.0000000000Z	1030	/mnt/h/AETHIEAOPSYS/DATA/MEMORY/ANCHORS/2026-05-06T09-47-57Z_cloud_clone_sync.json
2026-05-06T05:53:36.0000000000Z	1030	/mnt/h/AETHIEAOPSYS/CLOUD_CLONE/DATA/MEMORY/ANCHORS/2026-05-06T09-53-31Z_cloud_clone_sync.json
2026-05-06T05:53:36.0000000000Z	1030	/mnt/h/AETHIEAOPSYS/DATA/MEMORY/ANCHORS/2026-05-06T09-53-31Z_cloud_clone_sync.json
2026-05-06T05:59:10.0000000000Z	1030	/mnt/h/AETHIEAOPSYS/CLOUD_CLONE/DATA/MEMORY/ANCHORS/2026-05-06T09-59-03Z_cloud_clone_sync.json
2026-05-06T05:59:10.0000000000Z	1030	/mnt/h/AETHIEAOPSYS/DATA/MEMORY/ANCHORS/2026-05-06T09-59-03Z_cloud_clone_sync.json
2026-05-06T06:04:42.0000000000Z	1030	/mnt/h/AETHIEAOPSYS/CLOUD_CLONE/DATA/MEMORY/ANCHORS/2026-05-06T10-04-37Z_cloud_clone_sync.json
2026-05-06T06:04:42.0000000000Z	1030	/mnt/h/AETHIEAOPSYS/DATA/MEMORY/ANCHORS/2026-05-06T10-04-37Z_cloud_clone_sync.json
2026-05-06T06:10:14.0000000000Z	1030	/mnt/h/AETHIEAOPSYS/CLOUD_CLONE/DATA/MEMORY/ANCHORS/2026-05-06T10-10-08Z_cloud_clone_sync.json
2026-05-06T06:10:14.0000000000Z	1030	/mnt/h/AETHIEAOPSYS/DATA/MEMORY/ANCHORS/2026-05-06T10-10-08Z_cloud_clone_sync.json
2026-05-06T06:15:48.0000000000Z	1030	/mnt/h/AETHIEAOPSYS/CLOUD_CLONE/DATA/MEMORY/ANCHORS/2026-05-06T10-15-44Z_cloud_clone_sync.json
2026-05-06T06:15:48.0000000000Z	1030	/mnt/h/AETHIEAOPSYS/DATA/MEMORY/ANCHORS/2026-05-06T10-15-44Z_cloud_clone_sync.json
2026-05-06T06:21:22.0000000000Z	1030	/mnt/h/AETHIEAOPSYS/CLOUD_CLONE/DATA/MEMORY/ANCHORS/2026-05-06T10-21-16Z_cloud_clone_sync.json
2026-05-06T06:21:22.0000000000Z	1030	/mnt/h/AETHIEAOPSYS/DATA/MEMORY/ANCHORS/2026-05-06T10-21-16Z_cloud_clone_sync.json
2026-05-06T06:26:54.0000000000Z	1030	/mnt/h/AETHIEAOPSYS/CLOUD_CLONE/DATA/MEMORY/ANCHORS/2026-05-06T10-26-50Z_cloud_clone_sync.json
2026-05-06T06:26:54.0000000000Z	1030	/mnt/h/AETHIEAOPSYS/DATA/MEMORY/ANCHORS/2026-05-06T10-26-50Z_cloud_clone_sync.json
2026-05-06T06:32:28.0000000000Z	1030	/mnt/h/AETHIEAOPSYS/CLOUD_CLONE/DATA/MEMORY/ANCHORS/2026-05-06T10-32-22Z_cloud_clone_sync.json
2026-05-06T06:32:28.0000000000Z	1030	/mnt/h/AETHIEAOPSYS/DATA/MEMORY/ANCHORS/2026-05-06T10-32-22Z_cloud_clone_sync.json
2026-05-06T06:38:08.0000000000Z	1030	/mnt/h/AETHIEAOPSYS/CLOUD_CLONE/DATA/MEMORY/ANCHORS/2026-05-06T10-38-03Z_cloud_clone_sync.json
2026-05-06T06:38:08.0000000000Z	1030	/mnt/h/AETHIEAOPSYS/DATA/MEMORY/ANCHORS/2026-05-06T10-38-03Z_cloud_clone_sync.json
2026-05-06T06:43:48.0000000000Z	1030	/mnt/h/AETHIEAOPSYS/CLOUD_CLONE/DATA/MEMORY/ANCHORS/2026-05-06T10-43-41Z_cloud_clone_sync.json
2026-05-06T06:43:48.0000000000Z	1030	/mnt/h/AETHIEAOPSYS/DATA/MEMORY/ANCHORS/2026-05-06T10-43-41Z_cloud_clone_sync.json
2026-05-06T06:49:28.0000000000Z	1030	/mnt/h/AETHIEAOPSYS/CLOUD_CLONE/DATA/MEMORY/ANCHORS/2026-05-06T10-49-23Z_cloud_clone_sync.json
2026-05-06T06:49:28.0000000000Z	1030	/mnt/h/AETHIEAOPSYS/DATA/MEMORY/ANCHORS/2026-05-06T10-49-23Z_cloud_clone_sync.json
2026-05-06T06:55:08.0000000000Z	1030	/mnt/h/AETHIEAOPSYS/CLOUD_CLONE/DATA/MEMORY/ANCHORS/2026-05-06T10-55-01Z_cloud_clone_sync.json
2026-05-06T06:55:08.0000000000Z	1030	/mnt/h/AETHIEAOPSYS/DATA/MEMORY/ANCHORS/2026-05-06T10-55-01Z_cloud_clone_sync.json
2026-05-06T07:00:48.0000000000Z	1030	/mnt/h/AETHIEAOPSYS/CLOUD_CLONE/DATA/MEMORY/ANCHORS/2026-05-06T11-00-43Z_cloud_clone_sync.json
2026-05-06T07:00:48.0000000000Z	1030	/mnt/h/AETHIEAOPSYS/DATA/MEMORY/ANCHORS/2026-05-06T11-00-43Z_cloud_clone_sync.json
2026-05-06T07:06:28.0000000000Z	1030	/mnt/h/AETHIEAOPSYS/CLOUD_CLONE/DATA/MEMORY/ANCHORS/2026-05-06T11-06-21Z_cloud_clone_sync.json
2026-05-06T07:06:28.0000000000Z	1030	/mnt/h/AETHIEAOPSYS/DATA/MEMORY/ANCHORS/2026-05-06T11-06-21Z_cloud_clone_sync.json
2026-05-06T07:12:06.0000000000Z	1030	/mnt/h/AETHIEAOPSYS/CLOUD_CLONE/DATA/MEMORY/ANCHORS/2026-05-06T11-12-02Z_cloud_clone_sync.json
2026-05-06T07:12:06.0000000000Z	1030	/mnt/h/AETHIEAOPSYS/DATA/MEMORY/ANCHORS/2026-05-06T11-12-02Z_cloud_clone_sync.json
2026-05-06T07:17:46.0000000000Z	1030	/mnt/h/AETHIEAOPSYS/CLOUD_CLONE/DATA/MEMORY/ANCHORS/2026-05-06T11-17-42Z_cloud_clone_sync.json
2026-05-06T07:17:46.0000000000Z	1030	/mnt/h/AETHIEAOPSYS/DATA/MEMORY/ANCHORS/2026-05-06T11-17-42Z_cloud_clone_sync.json
2026-05-06T07:23:26.0000000000Z	1030	/mnt/h/AETHIEAOPSYS/CLOUD_CLONE/DATA/MEMORY/ANCHORS/2026-05-06T11-23-20Z_cloud_clone_sync.json
2026-05-06T07:23:26.0000000000Z	1030	/mnt/h/AETHIEAOPSYS/DATA/MEMORY/ANCHORS/2026-05-06T11-23-20Z_cloud_clone_sync.json
2026-05-06T07:29:04.0000000000Z	1030	/mnt/h/AETHIEAOPSYS/CLOUD_CLONE/DATA/MEMORY/ANCHORS/2026-05-06T11-28-57Z_cloud_clone_sync.json
2026-05-06T07:29:04.0000000000Z	1030	/mnt/h/AETHIEAOPSYS/DATA/MEMORY/ANCHORS/2026-05-06T11-28-57Z_cloud_clone_sync.json
2026-05-06T07:34:46.0000000000Z	1030	/mnt/h/AETHIEAOPSYS/CLOUD_CLONE/DATA/MEMORY/ANCHORS/2026-05-06T11-34-35Z_cloud_clone_sync.json
2026-05-06T07:34:46.0000000000Z	1030	/mnt/h/AETHIEAOPSYS/DATA/MEMORY/ANCHORS/2026-05-06T11-34-35Z_cloud_clone_sync.json
2026-05-06T07:40:26.0000000000Z	1030	/mnt/h/AETHIEAOPSYS/CLOUD_CLONE/DATA/MEMORY/ANCHORS/2026-05-06T11-40-20Z_cloud_clone_sync.json
2026-05-06T07:40:26.0000000000Z	1030	/mnt/h/AETHIEAOPSYS/DATA/MEMORY/ANCHORS/2026-05-06T11-40-20Z_cloud_clone_sync.json
2026-05-06T07:46:06.0000000000Z	1030	/mnt/h/AETHIEAOPSYS/CLOUD_CLONE/DATA/MEMORY/ANCHORS/2026-05-06T11-46-02Z_cloud_clone_sync.json
2026-05-06T07:46:06.0000000000Z	1030	/mnt/h/AETHIEAOPSYS/DATA/MEMORY/ANCHORS/2026-05-06T11-46-02Z_cloud_clone_sync.json
2026-05-06T07:51:46.0000000000Z	1030	/mnt/h/AETHIEAOPSYS/CLOUD_CLONE/DATA/MEMORY/ANCHORS/2026-05-06T11-51-40Z_cloud_clone_sync.json
2026-05-06T07:51:46.0000000000Z	1030	/mnt/h/AETHIEAOPSYS/DATA/MEMORY/ANCHORS/2026-05-06T11-51-40Z_cloud_clone_sync.json
2026-05-06T07:57:26.0000000000Z	1030	/mnt/h/AETHIEAOPSYS/CLOUD_CLONE/DATA/MEMORY/ANCHORS/2026-05-06T11-57-21Z_cloud_clone_sync.json
2026-05-06T07:57:26.0000000000Z	1030	/mnt/h/AETHIEAOPSYS/DATA/MEMORY/ANCHORS/2026-05-06T11-57-21Z_cloud_clone_sync.json
2026-05-06T08:03:06.0000000000Z	1030	/mnt/h/AETHIEAOPSYS/CLOUD_CLONE/DATA/MEMORY/ANCHORS/2026-05-06T12-03-00Z_cloud_clone_sync.json
2026-05-06T08:03:06.0000000000Z	1030	/mnt/h/AETHIEAOPSYS/DATA/MEMORY/ANCHORS/2026-05-06T12-03-00Z_cloud_clone_sync.json
2026-05-06T08:08:46.0000000000Z	1030	/mnt/h/AETHIEAOPSYS/CLOUD_CLONE/DATA/MEMORY/ANCHORS/2026-05-06T12-08-42Z_cloud_clone_sync.json
2026-05-06T08:08:46.0000000000Z	1030	/mnt/h/AETHIEAOPSYS/DATA/MEMORY/ANCHORS/2026-05-06T12-08-42Z_cloud_clone_sync.json
2026-05-06T08:14:26.0000000000Z	1030	/mnt/h/AETHIEAOPSYS/CLOUD_CLONE/DATA/MEMORY/ANCHORS/2026-05-06T12-14-20Z_cloud_clone_sync.json
2026-05-06T08:14:26.0000000000Z	1030	/mnt/h/AETHIEAOPSYS/DATA/MEMORY/ANCHORS/2026-05-06T12-14-20Z_cloud_clone_sync.json
2026-05-06T08:20:06.0000000000Z	1030	/mnt/h/AETHIEAOPSYS/CLOUD_CLONE/DATA/MEMORY/ANCHORS/2026-05-06T12-19-58Z_cloud_clone_sync.json
2026-05-06T08:20:06.0000000000Z	1030	/mnt/h/AETHIEAOPSYS/DATA/MEMORY/ANCHORS/2026-05-06T12-19-58Z_cloud_clone_sync.json
2026-05-06T08:25:46.0000000000Z	1030	/mnt/h/AETHIEAOPSYS/CLOUD_CLONE/DATA/MEMORY/ANCHORS/2026-05-06T12-25-40Z_cloud_clone_sync.json
2026-05-06T08:25:46.0000000000Z	1030	/mnt/h/AETHIEAOPSYS/DATA/MEMORY/ANCHORS/2026-05-06T12-25-40Z_cloud_clone_sync.json
2026-05-06T08:31:26.0000000000Z	1030	/mnt/h/AETHIEAOPSYS/CLOUD_CLONE/DATA/MEMORY/ANCHORS/2026-05-06T12-31-19Z_cloud_clone_sync.json
2026-05-06T08:31:26.0000000000Z	1030	/mnt/h/AETHIEAOPSYS/DATA/MEMORY/ANCHORS/2026-05-06T12-31-19Z_cloud_clone_sync.json
2026-05-06T08:37:06.0000000000Z	1030	/mnt/h/AETHIEAOPSYS/CLOUD_CLONE/DATA/MEMORY/ANCHORS/2026-05-06T12-37-00Z_cloud_clone_sync.json
2026-05-06T08:37:06.0000000000Z	1030	/mnt/h/AETHIEAOPSYS/DATA/MEMORY/ANCHORS/2026-05-06T12-37-00Z_cloud_clone_sync.json
2026-05-06T08:42:32.0000000000Z	1030	/mnt/h/AETHIEAOPSYS/CLOUD_CLONE/DATA/MEMORY/ANCHORS/2026-05-06T12-42-25Z_cloud_clone_sync.json
2026-05-06T08:42:32.0000000000Z	1030	/mnt/h/AETHIEAOPSYS/DATA/MEMORY/ANCHORS/2026-05-06T12-42-25Z_cloud_clone_sync.json
2026-05-06T08:48:04.0000000000Z	1030	/mnt/h/AETHIEAOPSYS/CLOUD_CLONE/DATA/MEMORY/ANCHORS/2026-05-06T12-48-00Z_cloud_clone_sync.json
2026-05-06T08:48:04.0000000000Z	1030	/mnt/h/AETHIEAOPSYS/DATA/MEMORY/ANCHORS/2026-05-06T12-48-00Z_cloud_clone_sync.json
2026-05-06T08:53:38.0000000000Z	1030	/mnt/h/AETHIEAOPSYS/CLOUD_CLONE/DATA/MEMORY/ANCHORS/2026-05-06T12-53-32Z_cloud_clone_sync.json
2026-05-06T08:53:38.0000000000Z	1030	/mnt/h/AETHIEAOPSYS/DATA/MEMORY/ANCHORS/2026-05-06T12-53-32Z_cloud_clone_sync.json
2026-05-06T08:59:12.0000000000Z	1030	/mnt/h/AETHIEAOPSYS/CLOUD_CLONE/DATA/MEMORY/ANCHORS/2026-05-06T12-59-08Z_cloud_clone_sync.json
2026-05-06T08:59:12.0000000000Z	1030	/mnt/h/AETHIEAOPSYS/DATA/MEMORY/ANCHORS/2026-05-06T12-59-08Z_cloud_clone_sync.json
2026-05-06T09:04:46.0000000000Z	1030	/mnt/h/AETHIEAOPSYS/CLOUD_CLONE/DATA/MEMORY/ANCHORS/2026-05-06T13-04-41Z_cloud_clone_sync.json
2026-05-06T09:04:46.0000000000Z	1030	/mnt/h/AETHIEAOPSYS/DATA/MEMORY/ANCHORS/2026-05-06T13-04-41Z_cloud_clone_sync.json
2026-05-06T09:10:20.0000000000Z	1030	/mnt/h/AETHIEAOPSYS/CLOUD_CLONE/DATA/MEMORY/ANCHORS/2026-05-06T13-10-16Z_cloud_clone_sync.json
2026-05-06T09:10:20.0000000000Z	1030	/mnt/h/AETHIEAOPSYS/DATA/MEMORY/ANCHORS/2026-05-06T13-10-16Z_cloud_clone_sync.json
2026-05-06T09:15:54.0000000000Z	1030	/mnt/h/AETHIEAOPSYS/CLOUD_CLONE/DATA/MEMORY/ANCHORS/2026-05-06T13-15-47Z_cloud_clone_sync.json
2026-05-06T09:15:54.0000000000Z	1030	/mnt/h/AETHIEAOPSYS/DATA/MEMORY/ANCHORS/2026-05-06T13-15-47Z_cloud_clone_sync.json
2026-05-06T09:21:28.0000000000Z	1030	/mnt/h/AETHIEAOPSYS/CLOUD_CLONE/DATA/MEMORY/ANCHORS/2026-05-06T13-21-23Z_cloud_clone_sync.json
2026-05-06T09:21:28.0000000000Z	1030	/mnt/h/AETHIEAOPSYS/DATA/MEMORY/ANCHORS/2026-05-06T13-21-23Z_cloud_clone_sync.json
2026-05-06T09:27:02.0000000000Z	1030	/mnt/h/AETHIEAOPSYS/CLOUD_CLONE/DATA/MEMORY/ANCHORS/2026-05-06T13-26-56Z_cloud_clone_sync.json
2026-05-06T09:27:02.0000000000Z	1030	/mnt/h/AETHIEAOPSYS/DATA/MEMORY/ANCHORS/2026-05-06T13-26-56Z_cloud_clone_sync.json
2026-05-06T09:32:36.0000000000Z	1030	/mnt/h/AETHIEAOPSYS/CLOUD_CLONE/DATA/MEMORY/ANCHORS/2026-05-06T13-32-28Z_cloud_clone_sync.json
2026-05-06T09:32:36.0000000000Z	1030	/mnt/h/AETHIEAOPSYS/DATA/MEMORY/ANCHORS/2026-05-06T13-32-28Z_cloud_clone_sync.json
2026-05-06T09:38:08.0000000000Z	1030	/mnt/h/AETHIEAOPSYS/CLOUD_CLONE/DATA/MEMORY/ANCHORS/2026-05-06T13-38-03Z_cloud_clone_sync.json
2026-05-06T09:38:08.0000000000Z	1030	/mnt/h/AETHIEAOPSYS/DATA/MEMORY/ANCHORS/2026-05-06T13-38-03Z_cloud_clone_sync.json
2026-05-06T09:42:34.0000000000Z	199	/mnt/h/AETHIEAOPSYS/DATA/MEMORY/ANCHORS/2026-05-06_13-42-33_anchor.json
2026-05-06T09:43:38.0000000000Z	199	/mnt/h/AETHIEAOPSYS/CLOUD_CLONE/DATA/MEMORY/ANCHORS/2026-05-06_13-42-33_anchor.json
2026-05-06T09:43:42.0000000000Z	1145	/mnt/h/AETHIEAOPSYS/CLOUD_CLONE/DATA/MEMORY/ANCHORS/2026-05-06T13-43-35Z_cloud_clone_sync.json
2026-05-06T09:43:42.0000000000Z	1145	/mnt/h/AETHIEAOPSYS/DATA/MEMORY/ANCHORS/2026-05-06T13-43-35Z_cloud_clone_sync.json
2026-05-06T09:49:18.0000000000Z	1030	/mnt/h/AETHIEAOPSYS/CLOUD_CLONE/DATA/MEMORY/ANCHORS/2026-05-06T13-49-08Z_cloud_clone_sync.json
2026-05-06T09:49:18.0000000000Z	1030	/mnt/h/AETHIEAOPSYS/DATA/MEMORY/ANCHORS/2026-05-06T13-49-08Z_cloud_clone_sync.json
2026-05-06T09:49:26.0000000000Z	706	/mnt/h/AETHIEAOPSYS/DATA/MEMORY/SYSTEM/aethiea_lifecycle_0_16.json
2026-05-06T09:49:44.0000000000Z	176	/mnt/h/AETHIEAOPSYS/DATA/MEMORY/ANCHORS/2026-05-06_13-49-43_anchor.json
2026-05-06T09:54:42.0000000000Z	706	/mnt/h/AETHIEAOPSYS/CLOUD_CLONE/DATA/MEMORY/SYSTEM/aethiea_lifecycle_0_16.json
2026-05-06T09:54:44.0000000000Z	176	/mnt/h/AETHIEAOPSYS/CLOUD_CLONE/DATA/MEMORY/ANCHORS/2026-05-06_13-49-43_anchor.json
2026-05-06T09:54:54.0000000000Z	1145	/mnt/h/AETHIEAOPSYS/CLOUD_CLONE/DATA/MEMORY/ANCHORS/2026-05-06T13-54-43Z_cloud_clone_sync.json
2026-05-06T09:54:54.0000000000Z	1145	/mnt/h/AETHIEAOPSYS/DATA/MEMORY/ANCHORS/2026-05-06T13-54-43Z_cloud_clone_sync.json
2026-05-06T10:00:34.0000000000Z	1030	/mnt/h/AETHIEAOPSYS/CLOUD_CLONE/DATA/MEMORY/ANCHORS/2026-05-06T14-00-18Z_cloud_clone_sync.json
2026-05-06T10:00:34.0000000000Z	1030	/mnt/h/AETHIEAOPSYS/DATA/MEMORY/ANCHORS/2026-05-06T14-00-18Z_cloud_clone_sync.json
2026-05-06T10:06:08.0000000000Z	1030	/mnt/h/AETHIEAOPSYS/CLOUD_CLONE/DATA/MEMORY/ANCHORS/2026-05-06T14-05-57Z_cloud_clone_sync.json
2026-05-06T10:06:08.0000000000Z	1030	/mnt/h/AETHIEAOPSYS/DATA/MEMORY/ANCHORS/2026-05-06T14-05-57Z_cloud_clone_sync.json
2026-05-06T10:11:40.0000000000Z	1030	/mnt/h/AETHIEAOPSYS/CLOUD_CLONE/DATA/MEMORY/ANCHORS/2026-05-06T14-11-36Z_cloud_clone_sync.json
2026-05-06T10:11:40.0000000000Z	1030	/mnt/h/AETHIEAOPSYS/DATA/MEMORY/ANCHORS/2026-05-06T14-11-36Z_cloud_clone_sync.json
2026-05-06T10:17:14.0000000000Z	1030	/mnt/h/AETHIEAOPSYS/CLOUD_CLONE/DATA/MEMORY/ANCHORS/2026-05-06T14-17-08Z_cloud_clone_sync.json
2026-05-06T10:17:14.0000000000Z	1030	/mnt/h/AETHIEAOPSYS/DATA/MEMORY/ANCHORS/2026-05-06T14-17-08Z_cloud_clone_sync.json
2026-05-06T10:22:48.0000000000Z	1030	/mnt/h/AETHIEAOPSYS/CLOUD_CLONE/DATA/MEMORY/ANCHORS/2026-05-06T14-22-43Z_cloud_clone_sync.json
2026-05-06T10:22:48.0000000000Z	1030	/mnt/h/AETHIEAOPSYS/DATA/MEMORY/ANCHORS/2026-05-06T14-22-43Z_cloud_clone_sync.json
2026-05-06T10:28:22.0000000000Z	1030	/mnt/h/AETHIEAOPSYS/CLOUD_CLONE/DATA/MEMORY/ANCHORS/2026-05-06T14-28-15Z_cloud_clone_sync.json
2026-05-06T10:28:22.0000000000Z	1030	/mnt/h/AETHIEAOPSYS/DATA/MEMORY/ANCHORS/2026-05-06T14-28-15Z_cloud_clone_sync.json
2026-05-06T10:33:54.0000000000Z	1030	/mnt/h/AETHIEAOPSYS/CLOUD_CLONE/DATA/MEMORY/ANCHORS/2026-05-06T14-33-50Z_cloud_clone_sync.json
2026-05-06T10:33:54.0000000000Z	1030	/mnt/h/AETHIEAOPSYS/DATA/MEMORY/ANCHORS/2026-05-06T14-33-50Z_cloud_clone_sync.json
2026-05-06T10:39:28.0000000000Z	1030	/mnt/h/AETHIEAOPSYS/CLOUD_CLONE/DATA/MEMORY/ANCHORS/2026-05-06T14-39-22Z_cloud_clone_sync.json
2026-05-06T10:39:28.0000000000Z	1030	/mnt/h/AETHIEAOPSYS/DATA/MEMORY/ANCHORS/2026-05-06T14-39-22Z_cloud_clone_sync.json
2026-05-06T10:44:50.0000000000Z	1030	/mnt/h/AETHIEAOPSYS/CLOUD_CLONE/DATA/MEMORY/ANCHORS/2026-05-06T14-44-42Z_cloud_clone_sync.json
2026-05-06T10:44:50.0000000000Z	1030	/mnt/h/AETHIEAOPSYS/DATA/MEMORY/ANCHORS/2026-05-06T14-44-42Z_cloud_clone_sync.json
2026-05-06T10:49:56.0000000000Z	1030	/mnt/h/AETHIEAOPSYS/CLOUD_CLONE/DATA/MEMORY/ANCHORS/2026-05-06T14-49-49Z_cloud_clone_sync.json
2026-05-06T10:49:56.0000000000Z	1030	/mnt/h/AETHIEAOPSYS/DATA/MEMORY/ANCHORS/2026-05-06T14-49-49Z_cloud_clone_sync.json
2026-05-06T11:03:14.0000000000Z	1030	/mnt/h/AETHIEAOPSYS/CLOUD_CLONE/DATA/MEMORY/ANCHORS/2026-05-06T15-03-04Z_cloud_clone_sync.json
2026-05-06T11:03:14.0000000000Z	1030	/mnt/h/AETHIEAOPSYS/DATA/MEMORY/ANCHORS/2026-05-06T15-03-04Z_cloud_clone_sync.json
2026-05-06T11:08:22.0000000000Z	1030	/mnt/h/AETHIEAOPSYS/CLOUD_CLONE/DATA/MEMORY/ANCHORS/2026-05-06T15-08-13Z_cloud_clone_sync.json
2026-05-06T11:08:22.0000000000Z	1030	/mnt/h/AETHIEAOPSYS/DATA/MEMORY/ANCHORS/2026-05-06T15-08-13Z_cloud_clone_sync.json
2026-05-06T11:13:52.0000000000Z	1030	/mnt/h/AETHIEAOPSYS/CLOUD_CLONE/DATA/MEMORY/ANCHORS/2026-05-06T15-13-44Z_cloud_clone_sync.json
2026-05-06T11:13:52.0000000000Z	1030	/mnt/h/AETHIEAOPSYS/DATA/MEMORY/ANCHORS/2026-05-06T15-13-44Z_cloud_clone_sync.json
2026-05-06T11:19:28.0000000000Z	1030	/mnt/h/AETHIEAOPSYS/CLOUD_CLONE/DATA/MEMORY/ANCHORS/2026-05-06T15-19-22Z_cloud_clone_sync.json
2026-05-06T11:19:28.0000000000Z	1030	/mnt/h/AETHIEAOPSYS/DATA/MEMORY/ANCHORS/2026-05-06T15-19-22Z_cloud_clone_sync.json
2026-05-06T11:25:04.0000000000Z	1030	/mnt/h/AETHIEAOPSYS/CLOUD_CLONE/DATA/MEMORY/ANCHORS/2026-05-06T15-24-56Z_cloud_clone_sync.json
2026-05-06T11:25:04.0000000000Z	1030	/mnt/h/AETHIEAOPSYS/DATA/MEMORY/ANCHORS/2026-05-06T15-24-56Z_cloud_clone_sync.json
2026-05-06T11:30:38.0000000000Z	1030	/mnt/h/AETHIEAOPSYS/CLOUD_CLONE/DATA/MEMORY/ANCHORS/2026-05-06T15-30-32Z_cloud_clone_sync.json
2026-05-06T11:30:38.0000000000Z	1030	/mnt/h/AETHIEAOPSYS/DATA/MEMORY/ANCHORS/2026-05-06T15-30-32Z_cloud_clone_sync.json
2026-05-06T11:36:12.0000000000Z	1030	/mnt/h/AETHIEAOPSYS/CLOUD_CLONE/DATA/MEMORY/ANCHORS/2026-05-06T15-36-04Z_cloud_clone_sync.json
2026-05-06T11:36:12.0000000000Z	1030	/mnt/h/AETHIEAOPSYS/DATA/MEMORY/ANCHORS/2026-05-06T15-36-04Z_cloud_clone_sync.json
2026-05-06T11:41:46.0000000000Z	1030	/mnt/h/AETHIEAOPSYS/CLOUD_CLONE/DATA/MEMORY/ANCHORS/2026-05-06T15-41-39Z_cloud_clone_sync.json
2026-05-06T11:41:46.0000000000Z	1030	/mnt/h/AETHIEAOPSYS/DATA/MEMORY/ANCHORS/2026-05-06T15-41-39Z_cloud_clone_sync.json
2026-05-06T11:47:20.0000000000Z	1030	/mnt/h/AETHIEAOPSYS/CLOUD_CLONE/DATA/MEMORY/ANCHORS/2026-05-06T15-47-15Z_cloud_clone_sync.json
2026-05-06T11:47:20.0000000000Z	1030	/mnt/h/AETHIEAOPSYS/DATA/MEMORY/ANCHORS/2026-05-06T15-47-15Z_cloud_clone_sync.json
2026-05-06T11:52:56.0000000000Z	1030	/mnt/h/AETHIEAOPSYS/CLOUD_CLONE/DATA/MEMORY/ANCHORS/2026-05-06T15-52-49Z_cloud_clone_sync.json
2026-05-06T11:52:56.0000000000Z	1030	/mnt/h/AETHIEAOPSYS/DATA/MEMORY/ANCHORS/2026-05-06T15-52-49Z_cloud_clone_sync.json
2026-05-06T11:58:30.0000000000Z	1030	/mnt/h/AETHIEAOPSYS/CLOUD_CLONE/DATA/MEMORY/ANCHORS/2026-05-06T15-58-25Z_cloud_clone_sync.json
2026-05-06T11:58:30.0000000000Z	1030	/mnt/h/AETHIEAOPSYS/DATA/MEMORY/ANCHORS/2026-05-06T15-58-25Z_cloud_clone_sync.json
2026-05-06T12:04:06.0000000000Z	1030	/mnt/h/AETHIEAOPSYS/CLOUD_CLONE/DATA/MEMORY/ANCHORS/2026-05-06T16-03-58Z_cloud_clone_sync.json
2026-05-06T12:04:06.0000000000Z	1030	/mnt/h/AETHIEAOPSYS/DATA/MEMORY/ANCHORS/2026-05-06T16-03-58Z_cloud_clone_sync.json
2026-05-06T12:09:40.0000000000Z	1030	/mnt/h/AETHIEAOPSYS/CLOUD_CLONE/DATA/MEMORY/ANCHORS/2026-05-06T16-09-34Z_cloud_clone_sync.json
2026-05-06T12:09:40.0000000000Z	1030	/mnt/h/AETHIEAOPSYS/DATA/MEMORY/ANCHORS/2026-05-06T16-09-34Z_cloud_clone_sync.json
2026-05-06T12:15:16.0000000000Z	1030	/mnt/h/AETHIEAOPSYS/CLOUD_CLONE/DATA/MEMORY/ANCHORS/2026-05-06T16-15-08Z_cloud_clone_sync.json
2026-05-06T12:15:16.0000000000Z	1030	/mnt/h/AETHIEAOPSYS/DATA/MEMORY/ANCHORS/2026-05-06T16-15-08Z_cloud_clone_sync.json
2026-05-06T12:20:50.0000000000Z	1030	/mnt/h/AETHIEAOPSYS/CLOUD_CLONE/DATA/MEMORY/ANCHORS/2026-05-06T16-20-44Z_cloud_clone_sync.json
2026-05-06T12:20:50.0000000000Z	1030	/mnt/h/AETHIEAOPSYS/DATA/MEMORY/ANCHORS/2026-05-06T16-20-44Z_cloud_clone_sync.json
2026-05-06T12:26:24.0000000000Z	1030	/mnt/h/AETHIEAOPSYS/CLOUD_CLONE/DATA/MEMORY/ANCHORS/2026-05-06T16-26-20Z_cloud_clone_sync.json
2026-05-06T12:26:24.0000000000Z	1030	/mnt/h/AETHIEAOPSYS/DATA/MEMORY/ANCHORS/2026-05-06T16-26-20Z_cloud_clone_sync.json
2026-05-06T12:32:00.0000000000Z	1030	/mnt/h/AETHIEAOPSYS/CLOUD_CLONE/DATA/MEMORY/ANCHORS/2026-05-06T16-31-53Z_cloud_clone_sync.json
2026-05-06T12:32:00.0000000000Z	1030	/mnt/h/AETHIEAOPSYS/DATA/MEMORY/ANCHORS/2026-05-06T16-31-53Z_cloud_clone_sync.json
2026-05-06T12:37:34.0000000000Z	1030	/mnt/h/AETHIEAOPSYS/CLOUD_CLONE/DATA/MEMORY/ANCHORS/2026-05-06T16-37-30Z_cloud_clone_sync.json
2026-05-06T12:37:34.0000000000Z	1030	/mnt/h/AETHIEAOPSYS/DATA/MEMORY/ANCHORS/2026-05-06T16-37-30Z_cloud_clone_sync.json
2026-05-06T12:43:10.0000000000Z	1030	/mnt/h/AETHIEAOPSYS/CLOUD_CLONE/DATA/MEMORY/ANCHORS/2026-05-06T16-43-05Z_cloud_clone_sync.json
2026-05-06T12:43:10.0000000000Z	1030	/mnt/h/AETHIEAOPSYS/DATA/MEMORY/ANCHORS/2026-05-06T16-43-05Z_cloud_clone_sync.json
2026-05-06T12:48:44.0000000000Z	1030	/mnt/h/AETHIEAOPSYS/CLOUD_CLONE/DATA/MEMORY/ANCHORS/2026-05-06T16-48-38Z_cloud_clone_sync.json
2026-05-06T12:48:44.0000000000Z	1030	/mnt/h/AETHIEAOPSYS/DATA/MEMORY/ANCHORS/2026-05-06T16-48-38Z_cloud_clone_sync.json
2026-05-06T12:54:20.0000000000Z	1030	/mnt/h/AETHIEAOPSYS/CLOUD_CLONE/DATA/MEMORY/ANCHORS/2026-05-06T16-54-15Z_cloud_clone_sync.json
2026-05-06T12:54:20.0000000000Z	1030	/mnt/h/AETHIEAOPSYS/DATA/MEMORY/ANCHORS/2026-05-06T16-54-15Z_cloud_clone_sync.json
2026-05-06T12:59:46.0000000000Z	1030	/mnt/h/AETHIEAOPSYS/CLOUD_CLONE/DATA/MEMORY/ANCHORS/2026-05-06T16-59-41Z_cloud_clone_sync.json
2026-05-06T12:59:46.0000000000Z	1030	/mnt/h/AETHIEAOPSYS/DATA/MEMORY/ANCHORS/2026-05-06T16-59-41Z_cloud_clone_sync.json
2026-05-06T13:05:22.0000000000Z	1030	/mnt/h/AETHIEAOPSYS/CLOUD_CLONE/DATA/MEMORY/ANCHORS/2026-05-06T17-05-15Z_cloud_clone_sync.json
2026-05-06T13:05:22.0000000000Z	1030	/mnt/h/AETHIEAOPSYS/DATA/MEMORY/ANCHORS/2026-05-06T17-05-15Z_cloud_clone_sync.json
2026-05-06T13:10:56.0000000000Z	1030	/mnt/h/AETHIEAOPSYS/CLOUD_CLONE/DATA/MEMORY/ANCHORS/2026-05-06T17-10-50Z_cloud_clone_sync.json
2026-05-06T13:10:56.0000000000Z	1030	/mnt/h/AETHIEAOPSYS/DATA/MEMORY/ANCHORS/2026-05-06T17-10-50Z_cloud_clone_sync.json
2026-05-06T13:16:30.0000000000Z	1030	/mnt/h/AETHIEAOPSYS/CLOUD_CLONE/DATA/MEMORY/ANCHORS/2026-05-06T17-16-23Z_cloud_clone_sync.json
2026-05-06T13:16:30.0000000000Z	1030	/mnt/h/AETHIEAOPSYS/DATA/MEMORY/ANCHORS/2026-05-06T17-16-23Z_cloud_clone_sync.json
2026-05-06T13:22:10.0000000000Z	1030	/mnt/h/AETHIEAOPSYS/CLOUD_CLONE/DATA/MEMORY/ANCHORS/2026-05-06T17-22-04Z_cloud_clone_sync.json
2026-05-06T13:22:10.0000000000Z	1030	/mnt/h/AETHIEAOPSYS/DATA/MEMORY/ANCHORS/2026-05-06T17-22-04Z_cloud_clone_sync.json
2026-05-06T13:27:52.0000000000Z	1030	/mnt/h/AETHIEAOPSYS/CLOUD_CLONE/DATA/MEMORY/ANCHORS/2026-05-06T17-27-46Z_cloud_clone_sync.json
2026-05-06T13:27:52.0000000000Z	1030	/mnt/h/AETHIEAOPSYS/DATA/MEMORY/ANCHORS/2026-05-06T17-27-46Z_cloud_clone_sync.json
2026-05-06T13:33:32.0000000000Z	1030	/mnt/h/AETHIEAOPSYS/DATA/MEMORY/ANCHORS/2026-05-06T17-33-25Z_cloud_clone_sync.json
2026-05-06T13:33:34.0000000000Z	1030	/mnt/h/AETHIEAOPSYS/CLOUD_CLONE/DATA/MEMORY/ANCHORS/2026-05-06T17-33-25Z_cloud_clone_sync.json
2026-05-06T13:39:14.0000000000Z	1030	/mnt/h/AETHIEAOPSYS/CLOUD_CLONE/DATA/MEMORY/ANCHORS/2026-05-06T17-39-08Z_cloud_clone_sync.json
2026-05-06T13:39:14.0000000000Z	1030	/mnt/h/AETHIEAOPSYS/DATA/MEMORY/ANCHORS/2026-05-06T17-39-08Z_cloud_clone_sync.json
2026-05-06T13:44:38.0000000000Z	1030	/mnt/h/AETHIEAOPSYS/CLOUD_CLONE/DATA/MEMORY/ANCHORS/2026-05-06T17-44-30Z_cloud_clone_sync.json
2026-05-06T13:44:38.0000000000Z	1030	/mnt/h/AETHIEAOPSYS/DATA/MEMORY/ANCHORS/2026-05-06T17-44-30Z_cloud_clone_sync.json
2026-05-06T13:49:46.0000000000Z	1030	/mnt/h/AETHIEAOPSYS/CLOUD_CLONE/DATA/MEMORY/ANCHORS/2026-05-06T17-49-37Z_cloud_clone_sync.json
2026-05-06T13:49:46.0000000000Z	1030	/mnt/h/AETHIEAOPSYS/DATA/MEMORY/ANCHORS/2026-05-06T17-49-37Z_cloud_clone_sync.json
2026-05-06T13:54:54.0000000000Z	1030	/mnt/h/AETHIEAOPSYS/CLOUD_CLONE/DATA/MEMORY/ANCHORS/2026-05-06T17-54-45Z_cloud_clone_sync.json
2026-05-06T13:54:54.0000000000Z	1030	/mnt/h/AETHIEAOPSYS/DATA/MEMORY/ANCHORS/2026-05-06T17-54-45Z_cloud_clone_sync.json
2026-05-06T14:00:02.0000000000Z	1030	/mnt/h/AETHIEAOPSYS/CLOUD_CLONE/DATA/MEMORY/ANCHORS/2026-05-06T17-59-53Z_cloud_clone_sync.json
2026-05-06T14:00:02.0000000000Z	1030	/mnt/h/AETHIEAOPSYS/DATA/MEMORY/ANCHORS/2026-05-06T17-59-53Z_cloud_clone_sync.json
2026-05-06T14:05:10.0000000000Z	1030	/mnt/h/AETHIEAOPSYS/CLOUD_CLONE/DATA/MEMORY/ANCHORS/2026-05-06T18-05-00Z_cloud_clone_sync.json
2026-05-06T14:05:10.0000000000Z	1030	/mnt/h/AETHIEAOPSYS/DATA/MEMORY/ANCHORS/2026-05-06T18-05-00Z_cloud_clone_sync.json
2026-05-06T14:10:18.0000000000Z	1030	/mnt/h/AETHIEAOPSYS/CLOUD_CLONE/DATA/MEMORY/ANCHORS/2026-05-06T18-10-08Z_cloud_clone_sync.json
2026-05-06T14:10:18.0000000000Z	1030	/mnt/h/AETHIEAOPSYS/DATA/MEMORY/ANCHORS/2026-05-06T18-10-08Z_cloud_clone_sync.json
2026-05-06T14:15:26.0000000000Z	1030	/mnt/h/AETHIEAOPSYS/CLOUD_CLONE/DATA/MEMORY/ANCHORS/2026-05-06T18-15-16Z_cloud_clone_sync.json
2026-05-06T14:15:26.0000000000Z	1030	/mnt/h/AETHIEAOPSYS/DATA/MEMORY/ANCHORS/2026-05-06T18-15-16Z_cloud_clone_sync.json
2026-05-06T14:20:32.0000000000Z	1030	/mnt/h/AETHIEAOPSYS/CLOUD_CLONE/DATA/MEMORY/ANCHORS/2026-05-06T18-20-24Z_cloud_clone_sync.json
2026-05-06T14:20:32.0000000000Z	1030	/mnt/h/AETHIEAOPSYS/DATA/MEMORY/ANCHORS/2026-05-06T18-20-24Z_cloud_clone_sync.json
2026-05-06T14:25:40.0000000000Z	1030	/mnt/h/AETHIEAOPSYS/CLOUD_CLONE/DATA/MEMORY/ANCHORS/2026-05-06T18-25-32Z_cloud_clone_sync.json
2026-05-06T14:25:40.0000000000Z	1030	/mnt/h/AETHIEAOPSYS/DATA/MEMORY/ANCHORS/2026-05-06T18-25-32Z_cloud_clone_sync.json
2026-05-06T14:30:50.0000000000Z	1030	/mnt/h/AETHIEAOPSYS/CLOUD_CLONE/DATA/MEMORY/ANCHORS/2026-05-06T18-30-40Z_cloud_clone_sync.json
2026-05-06T14:30:50.0000000000Z	1030	/mnt/h/AETHIEAOPSYS/DATA/MEMORY/ANCHORS/2026-05-06T18-30-40Z_cloud_clone_sync.json
2026-05-06T14:35:58.0000000000Z	1030	/mnt/h/AETHIEAOPSYS/CLOUD_CLONE/DATA/MEMORY/ANCHORS/2026-05-06T18-35-48Z_cloud_clone_sync.json
2026-05-06T14:35:58.0000000000Z	1030	/mnt/h/AETHIEAOPSYS/DATA/MEMORY/ANCHORS/2026-05-06T18-35-48Z_cloud_clone_sync.json
2026-05-06T14:41:06.0000000000Z	1030	/mnt/h/AETHIEAOPSYS/CLOUD_CLONE/DATA/MEMORY/ANCHORS/2026-05-06T18-40-56Z_cloud_clone_sync.json
2026-05-06T14:41:06.0000000000Z	1030	/mnt/h/AETHIEAOPSYS/DATA/MEMORY/ANCHORS/2026-05-06T18-40-56Z_cloud_clone_sync.json
2026-05-06T14:46:14.0000000000Z	1030	/mnt/h/AETHIEAOPSYS/CLOUD_CLONE/DATA/MEMORY/ANCHORS/2026-05-06T18-46-04Z_cloud_clone_sync.json
2026-05-06T14:46:14.0000000000Z	1030	/mnt/h/AETHIEAOPSYS/DATA/MEMORY/ANCHORS/2026-05-06T18-46-04Z_cloud_clone_sync.json
2026-05-06T14:51:22.0000000000Z	1030	/mnt/h/AETHIEAOPSYS/CLOUD_CLONE/DATA/MEMORY/ANCHORS/2026-05-06T18-51-12Z_cloud_clone_sync.json
2026-05-06T14:51:22.0000000000Z	1030	/mnt/h/AETHIEAOPSYS/DATA/MEMORY/ANCHORS/2026-05-06T18-51-12Z_cloud_clone_sync.json
2026-05-06T14:56:36.0000000000Z	1030	/mnt/h/AETHIEAOPSYS/CLOUD_CLONE/DATA/MEMORY/ANCHORS/2026-05-06T18-56-29Z_cloud_clone_sync.json
2026-05-06T14:56:36.0000000000Z	1030	/mnt/h/AETHIEAOPSYS/DATA/MEMORY/ANCHORS/2026-05-06T18-56-29Z_cloud_clone_sync.json
2026-05-06T15:02:12.0000000000Z	1030	/mnt/h/AETHIEAOPSYS/CLOUD_CLONE/DATA/MEMORY/ANCHORS/2026-05-06T19-02-06Z_cloud_clone_sync.json
2026-05-06T15:02:12.0000000000Z	1030	/mnt/h/AETHIEAOPSYS/DATA/MEMORY/ANCHORS/2026-05-06T19-02-06Z_cloud_clone_sync.json
2026-05-06T15:07:46.0000000000Z	1030	/mnt/h/AETHIEAOPSYS/CLOUD_CLONE/DATA/MEMORY/ANCHORS/2026-05-06T19-07-40Z_cloud_clone_sync.json
2026-05-06T15:07:46.0000000000Z	1030	/mnt/h/AETHIEAOPSYS/DATA/MEMORY/ANCHORS/2026-05-06T19-07-40Z_cloud_clone_sync.json
2026-05-06T15:13:22.0000000000Z	1030	/mnt/h/AETHIEAOPSYS/CLOUD_CLONE/DATA/MEMORY/ANCHORS/2026-05-06T19-13-16Z_cloud_clone_sync.json
2026-05-06T15:13:22.0000000000Z	1030	/mnt/h/AETHIEAOPSYS/DATA/MEMORY/ANCHORS/2026-05-06T19-13-16Z_cloud_clone_sync.json
2026-05-06T15:18:58.0000000000Z	1030	/mnt/h/AETHIEAOPSYS/CLOUD_CLONE/DATA/MEMORY/ANCHORS/2026-05-06T19-18-51Z_cloud_clone_sync.json
2026-05-06T15:18:58.0000000000Z	1030	/mnt/h/AETHIEAOPSYS/DATA/MEMORY/ANCHORS/2026-05-06T19-18-51Z_cloud_clone_sync.json
2026-05-06T15:24:32.0000000000Z	1030	/mnt/h/AETHIEAOPSYS/CLOUD_CLONE/DATA/MEMORY/ANCHORS/2026-05-06T19-24-28Z_cloud_clone_sync.json
2026-05-06T15:24:32.0000000000Z	1030	/mnt/h/AETHIEAOPSYS/DATA/MEMORY/ANCHORS/2026-05-06T19-24-28Z_cloud_clone_sync.json
2026-05-06T15:26:06.0000000000Z	1013	/mnt/h/AETHIEAOPSYS/MODS/P47H30N/NODES/DNY-5U5/PROFILE/operator_profile.json
2026-05-06T15:26:06.0000000000Z	165	/mnt/h/AETHIEAOPSYS/MODS/P47H30N/NODES/DNY-5U5/DOCTRINE/controlled_visibility.md
2026-05-06T15:26:06.0000000000Z	170	/mnt/h/AETHIEAOPSYS/MODS/P47H30N/NODES/DNY-5U5/DOCTRINE/continuity_through_motion.md
2026-05-06T15:26:06.0000000000Z	218	/mnt/h/AETHIEAOPSYS/DATA/MEMORY/ANCHORS/2026-05-06_19-26-09_anchor.json
2026-05-06T15:26:06.0000000000Z	233	/mnt/h/AETHIEAOPSYS/MODS/P47H30N/NODES/DNY-5U5/DOCTRINE/chaos_is_terrain.md
2026-05-06T15:26:06.0000000000Z	250	/mnt/h/AETHIEAOPSYS/MODS/P47H30N/NODES/DNY-5U5/STATE/current.json
2026-05-06T15:26:06.0000000000Z	481	/mnt/h/AETHIEAOPSYS/MODS/P47H30N/NODES/DNY-5U5/PROFILE/one_eye_rabbit.md
2026-05-06T15:26:06.0000000000Z	615	/mnt/h/AETHIEAOPSYS/MODS/P47H30N/NODES/DNY-5U5/PROFILE/dionysus.md
2026-05-06T15:27:52.0000000000Z	103	/mnt/h/AETHIEAOPSYS/MODS/P47H30N/NODES/DNY-5U5/ROUTES/signal/flow.txt
2026-05-06T15:27:52.0000000000Z	118	/mnt/h/AETHIEAOPSYS/MODS/P47H30N/NODES/DNY-5U5/SYMBOLS/compression/dionysus.txt
2026-05-06T15:27:52.0000000000Z	137	/mnt/h/AETHIEAOPSYS/MODS/P47H30N/NODES/DNY-5U5/HUD/render_state.txt
2026-05-06T15:27:52.0000000000Z	143	/mnt/h/AETHIEAOPSYS/MODS/P47H30N/NODES/DNY-5U5/ROUTES/continuity/state_machine.txt
2026-05-06T15:27:52.0000000000Z	144	/mnt/h/AETHIEAOPSYS/MODS/P47H30N/NODES/DNY-5U5/SYMBOLS/compression/one_eye_rabbit.txt
2026-05-06T15:27:52.0000000000Z	221	/mnt/h/AETHIEAOPSYS/DATA/MEMORY/ANCHORS/2026-05-06_19-27-55_anchor.json
2026-05-06T15:27:52.0000000000Z	227	/mnt/h/AETHIEAOPSYS/MODS/P47H30N/NODES/DNY-5U5/INTERFACE/monocle/README.md
2026-05-06T15:27:52.0000000000Z	312	/mnt/h/AETHIEAOPSYS/MODS/P47H30N/NODES/DNY-5U5/INTERFACE/one_eye_rabbit/README.md
2026-05-06T15:27:52.0000000000Z	719	/mnt/h/AETHIEAOPSYS/MODS/P47H30N/NODES/DNY-5U5/ROUTES/pov/map.json
2026-05-06T15:30:04.0000000000Z	1013	/mnt/h/AETHIEAOPSYS/CLOUD_CLONE/MODS/P47H30N/NODES/DNY-5U5/PROFILE/operator_profile.json
2026-05-06T15:30:04.0000000000Z	218	/mnt/h/AETHIEAOPSYS/CLOUD_CLONE/DATA/MEMORY/ANCHORS/2026-05-06_19-26-09_anchor.json
2026-05-06T15:30:04.0000000000Z	221	/mnt/h/AETHIEAOPSYS/CLOUD_CLONE/DATA/MEMORY/ANCHORS/2026-05-06_19-27-55_anchor.json
2026-05-06T15:30:04.0000000000Z	615	/mnt/h/AETHIEAOPSYS/CLOUD_CLONE/MODS/P47H30N/NODES/DNY-5U5/PROFILE/dionysus.md
2026-05-06T15:30:06.0000000000Z	103	/mnt/h/AETHIEAOPSYS/CLOUD_CLONE/MODS/P47H30N/NODES/DNY-5U5/ROUTES/signal/flow.txt
2026-05-06T15:30:06.0000000000Z	118	/mnt/h/AETHIEAOPSYS/CLOUD_CLONE/MODS/P47H30N/NODES/DNY-5U5/SYMBOLS/compression/dionysus.txt
2026-05-06T15:30:06.0000000000Z	137	/mnt/h/AETHIEAOPSYS/CLOUD_CLONE/MODS/P47H30N/NODES/DNY-5U5/HUD/render_state.txt
2026-05-06T15:30:06.0000000000Z	143	/mnt/h/AETHIEAOPSYS/CLOUD_CLONE/MODS/P47H30N/NODES/DNY-5U5/ROUTES/continuity/state_machine.txt
2026-05-06T15:30:06.0000000000Z	144	/mnt/h/AETHIEAOPSYS/CLOUD_CLONE/MODS/P47H30N/NODES/DNY-5U5/SYMBOLS/compression/one_eye_rabbit.txt
2026-05-06T15:30:06.0000000000Z	165	/mnt/h/AETHIEAOPSYS/CLOUD_CLONE/MODS/P47H30N/NODES/DNY-5U5/DOCTRINE/controlled_visibility.md
2026-05-06T15:30:06.0000000000Z	170	/mnt/h/AETHIEAOPSYS/CLOUD_CLONE/MODS/P47H30N/NODES/DNY-5U5/DOCTRINE/continuity_through_motion.md
2026-05-06T15:30:06.0000000000Z	227	/mnt/h/AETHIEAOPSYS/CLOUD_CLONE/MODS/P47H30N/NODES/DNY-5U5/INTERFACE/monocle/README.md
2026-05-06T15:30:06.0000000000Z	233	/mnt/h/AETHIEAOPSYS/CLOUD_CLONE/MODS/P47H30N/NODES/DNY-5U5/DOCTRINE/chaos_is_terrain.md
2026-05-06T15:30:06.0000000000Z	250	/mnt/h/AETHIEAOPSYS/CLOUD_CLONE/MODS/P47H30N/NODES/DNY-5U5/STATE/current.json
2026-05-06T15:30:06.0000000000Z	312	/mnt/h/AETHIEAOPSYS/CLOUD_CLONE/MODS/P47H30N/NODES/DNY-5U5/INTERFACE/one_eye_rabbit/README.md
2026-05-06T15:30:06.0000000000Z	481	/mnt/h/AETHIEAOPSYS/CLOUD_CLONE/MODS/P47H30N/NODES/DNY-5U5/PROFILE/one_eye_rabbit.md
2026-05-06T15:30:06.0000000000Z	719	/mnt/h/AETHIEAOPSYS/CLOUD_CLONE/MODS/P47H30N/NODES/DNY-5U5/ROUTES/pov/map.json
2026-05-06T15:30:08.0000000000Z	1140	/mnt/h/AETHIEAOPSYS/DATA/MEMORY/ROUTES/dny5u5_routes.json
2026-05-06T15:30:08.0000000000Z	202	/mnt/h/AETHIEAOPSYS/DATA/MEMORY/ANCHORS/2026-05-06_19-30-08_anchor.json
2026-05-06T15:30:08.0000000000Z	381	/mnt/h/AETHIEAOPSYS/DATA/MEMORY/NODES/dny5u5.json
2026-05-06T15:30:08.0000000000Z	443	/mnt/h/AETHIEAOPSYS/DATA/MEMORY/SYSTEM/dny5u5_systemwide_route.md
2026-05-06T15:30:10.0000000000Z	2092	/mnt/h/AETHIEAOPSYS/CLOUD_CLONE/DATA/MEMORY/ANCHORS/2026-05-06T19-30-01Z_cloud_clone_sync.json
2026-05-06T15:30:10.0000000000Z	2092	/mnt/h/AETHIEAOPSYS/DATA/MEMORY/ANCHORS/2026-05-06T19-30-01Z_cloud_clone_sync.json
2026-05-06T15:35:38.0000000000Z	1140	/mnt/h/AETHIEAOPSYS/CLOUD_CLONE/DATA/MEMORY/ROUTES/dny5u5_routes.json
2026-05-06T15:35:38.0000000000Z	381	/mnt/h/AETHIEAOPSYS/CLOUD_CLONE/DATA/MEMORY/NODES/dny5u5.json
2026-05-06T15:35:38.0000000000Z	443	/mnt/h/AETHIEAOPSYS/CLOUD_CLONE/DATA/MEMORY/SYSTEM/dny5u5_systemwide_route.md
2026-05-06T15:35:40.0000000000Z	202	/mnt/h/AETHIEAOPSYS/CLOUD_CLONE/DATA/MEMORY/ANCHORS/2026-05-06_19-30-08_anchor.json
2026-05-06T15:35:46.0000000000Z	1226	/mnt/h/AETHIEAOPSYS/CLOUD_CLONE/DATA/MEMORY/ANCHORS/2026-05-06T19-35-39Z_cloud_clone_sync.json
2026-05-06T15:35:46.0000000000Z	1226	/mnt/h/AETHIEAOPSYS/DATA/MEMORY/ANCHORS/2026-05-06T19-35-39Z_cloud_clone_sync.json
2026-05-06T15:37:18.0000000000Z	1086	/mnt/h/AETHIEAOPSYS/TOOLIO/dny-resolve
2026-05-06T15:37:18.0000000000Z	170	/mnt/h/AETHIEAOPSYS/DATA/MEMORY/ANCHORS/2026-05-06_19-37-20_anchor.json
2026-05-06T15:41:16.0000000000Z	170	/mnt/h/AETHIEAOPSYS/CLOUD_CLONE/DATA/MEMORY/ANCHORS/2026-05-06_19-37-20_anchor.json
2026-05-06T15:41:20.0000000000Z	1086	/mnt/h/AETHIEAOPSYS/CLOUD_CLONE/TOOLIO/dny-resolve
2026-05-06T15:41:20.0000000000Z	1156	/mnt/h/AETHIEAOPSYS/DATA/MEMORY/ANCHORS/2026-05-06T19-41-13Z_cloud_clone_sync.json
2026-05-06T15:41:22.0000000000Z	1156	/mnt/h/AETHIEAOPSYS/CLOUD_CLONE/DATA/MEMORY/ANCHORS/2026-05-06T19-41-13Z_cloud_clone_sync.json
2026-05-06T15:46:52.0000000000Z	1030	/mnt/h/AETHIEAOPSYS/CLOUD_CLONE/DATA/MEMORY/ANCHORS/2026-05-06T19-46-48Z_cloud_clone_sync.json
2026-05-06T15:46:52.0000000000Z	1030	/mnt/h/AETHIEAOPSYS/DATA/MEMORY/ANCHORS/2026-05-06T19-46-48Z_cloud_clone_sync.json
2026-05-06T15:52:28.0000000000Z	1030	/mnt/h/AETHIEAOPSYS/CLOUD_CLONE/DATA/MEMORY/ANCHORS/2026-05-06T19-52-21Z_cloud_clone_sync.json
2026-05-06T15:52:28.0000000000Z	1030	/mnt/h/AETHIEAOPSYS/DATA/MEMORY/ANCHORS/2026-05-06T19-52-21Z_cloud_clone_sync.json
2026-05-06T15:58:04.0000000000Z	1030	/mnt/h/AETHIEAOPSYS/CLOUD_CLONE/DATA/MEMORY/ANCHORS/2026-05-06T19-57-55Z_cloud_clone_sync.json
2026-05-06T15:58:04.0000000000Z	1030	/mnt/h/AETHIEAOPSYS/DATA/MEMORY/ANCHORS/2026-05-06T19-57-55Z_cloud_clone_sync.json
2026-05-06T16:03:40.0000000000Z	1030	/mnt/h/AETHIEAOPSYS/CLOUD_CLONE/DATA/MEMORY/ANCHORS/2026-05-06T20-03-32Z_cloud_clone_sync.json
2026-05-06T16:03:40.0000000000Z	1030	/mnt/h/AETHIEAOPSYS/DATA/MEMORY/ANCHORS/2026-05-06T20-03-32Z_cloud_clone_sync.json
2026-05-06T16:09:14.0000000000Z	1030	/mnt/h/AETHIEAOPSYS/CLOUD_CLONE/DATA/MEMORY/ANCHORS/2026-05-06T20-09-08Z_cloud_clone_sync.json
2026-05-06T16:09:14.0000000000Z	1030	/mnt/h/AETHIEAOPSYS/DATA/MEMORY/ANCHORS/2026-05-06T20-09-08Z_cloud_clone_sync.json
2026-05-06T16:14:50.0000000000Z	1030	/mnt/h/AETHIEAOPSYS/CLOUD_CLONE/DATA/MEMORY/ANCHORS/2026-05-06T20-14-43Z_cloud_clone_sync.json
2026-05-06T16:14:50.0000000000Z	1030	/mnt/h/AETHIEAOPSYS/DATA/MEMORY/ANCHORS/2026-05-06T20-14-43Z_cloud_clone_sync.json
2026-05-06T16:20:26.0000000000Z	1030	/mnt/h/AETHIEAOPSYS/CLOUD_CLONE/DATA/MEMORY/ANCHORS/2026-05-06T20-20-20Z_cloud_clone_sync.json
2026-05-06T16:20:26.0000000000Z	1030	/mnt/h/AETHIEAOPSYS/DATA/MEMORY/ANCHORS/2026-05-06T20-20-20Z_cloud_clone_sync.json
2026-05-06T16:26:00.0000000000Z	1030	/mnt/h/AETHIEAOPSYS/CLOUD_CLONE/DATA/MEMORY/ANCHORS/2026-05-06T20-25-54Z_cloud_clone_sync.json
2026-05-06T16:26:00.0000000000Z	1030	/mnt/h/AETHIEAOPSYS/DATA/MEMORY/ANCHORS/2026-05-06T20-25-54Z_cloud_clone_sync.json
2026-05-06T16:31:36.0000000000Z	1030	/mnt/h/AETHIEAOPSYS/CLOUD_CLONE/DATA/MEMORY/ANCHORS/2026-05-06T20-31-31Z_cloud_clone_sync.json
2026-05-06T16:31:36.0000000000Z	1030	/mnt/h/AETHIEAOPSYS/DATA/MEMORY/ANCHORS/2026-05-06T20-31-31Z_cloud_clone_sync.json
2026-05-06T16:37:12.0000000000Z	1030	/mnt/h/AETHIEAOPSYS/CLOUD_CLONE/DATA/MEMORY/ANCHORS/2026-05-06T20-37-05Z_cloud_clone_sync.json
2026-05-06T16:37:12.0000000000Z	1030	/mnt/h/AETHIEAOPSYS/DATA/MEMORY/ANCHORS/2026-05-06T20-37-05Z_cloud_clone_sync.json
2026-05-06T16:42:46.0000000000Z	1030	/mnt/h/AETHIEAOPSYS/CLOUD_CLONE/DATA/MEMORY/ANCHORS/2026-05-06T20-42-41Z_cloud_clone_sync.json
2026-05-06T16:42:46.0000000000Z	1030	/mnt/h/AETHIEAOPSYS/DATA/MEMORY/ANCHORS/2026-05-06T20-42-41Z_cloud_clone_sync.json
2026-05-06T16:48:16.0000000000Z	1030	/mnt/h/AETHIEAOPSYS/CLOUD_CLONE/DATA/MEMORY/ANCHORS/2026-05-06T20-48-10Z_cloud_clone_sync.json
2026-05-06T16:48:16.0000000000Z	1030	/mnt/h/AETHIEAOPSYS/DATA/MEMORY/ANCHORS/2026-05-06T20-48-10Z_cloud_clone_sync.json
2026-05-06T16:53:46.0000000000Z	1030	/mnt/h/AETHIEAOPSYS/CLOUD_CLONE/DATA/MEMORY/ANCHORS/2026-05-06T20-53-41Z_cloud_clone_sync.json
2026-05-06T16:53:46.0000000000Z	1030	/mnt/h/AETHIEAOPSYS/DATA/MEMORY/ANCHORS/2026-05-06T20-53-41Z_cloud_clone_sync.json
2026-05-06T16:59:14.0000000000Z	1030	/mnt/h/AETHIEAOPSYS/CLOUD_CLONE/DATA/MEMORY/ANCHORS/2026-05-06T20-59-08Z_cloud_clone_sync.json
2026-05-06T16:59:14.0000000000Z	1030	/mnt/h/AETHIEAOPSYS/DATA/MEMORY/ANCHORS/2026-05-06T20-59-08Z_cloud_clone_sync.json
2026-05-06T17:04:48.0000000000Z	1030	/mnt/h/AETHIEAOPSYS/CLOUD_CLONE/DATA/MEMORY/ANCHORS/2026-05-06T21-04-42Z_cloud_clone_sync.json
2026-05-06T17:04:48.0000000000Z	1030	/mnt/h/AETHIEAOPSYS/DATA/MEMORY/ANCHORS/2026-05-06T21-04-42Z_cloud_clone_sync.json
2026-05-06T17:10:24.0000000000Z	1030	/mnt/h/AETHIEAOPSYS/CLOUD_CLONE/DATA/MEMORY/ANCHORS/2026-05-06T21-10-17Z_cloud_clone_sync.json
2026-05-06T17:10:24.0000000000Z	1030	/mnt/h/AETHIEAOPSYS/DATA/MEMORY/ANCHORS/2026-05-06T21-10-17Z_cloud_clone_sync.json
2026-05-06T17:16:00.0000000000Z	1030	/mnt/h/AETHIEAOPSYS/CLOUD_CLONE/DATA/MEMORY/ANCHORS/2026-05-06T21-15-52Z_cloud_clone_sync.json
2026-05-06T17:16:00.0000000000Z	1030	/mnt/h/AETHIEAOPSYS/DATA/MEMORY/ANCHORS/2026-05-06T21-15-52Z_cloud_clone_sync.json
2026-05-06T17:21:36.0000000000Z	1030	/mnt/h/AETHIEAOPSYS/CLOUD_CLONE/DATA/MEMORY/ANCHORS/2026-05-06T21-21-29Z_cloud_clone_sync.json
2026-05-06T17:21:36.0000000000Z	1030	/mnt/h/AETHIEAOPSYS/DATA/MEMORY/ANCHORS/2026-05-06T21-21-29Z_cloud_clone_sync.json
2026-05-06T17:27:12.0000000000Z	1030	/mnt/h/AETHIEAOPSYS/CLOUD_CLONE/DATA/MEMORY/ANCHORS/2026-05-06T21-27-06Z_cloud_clone_sync.json
2026-05-06T17:27:12.0000000000Z	1030	/mnt/h/AETHIEAOPSYS/DATA/MEMORY/ANCHORS/2026-05-06T21-27-06Z_cloud_clone_sync.json
2026-05-06T17:32:38.0000000000Z	1030	/mnt/h/AETHIEAOPSYS/CLOUD_CLONE/DATA/MEMORY/ANCHORS/2026-05-06T21-32-31Z_cloud_clone_sync.json
2026-05-06T17:32:38.0000000000Z	1030	/mnt/h/AETHIEAOPSYS/DATA/MEMORY/ANCHORS/2026-05-06T21-32-31Z_cloud_clone_sync.json
2026-05-06T17:38:06.0000000000Z	1030	/mnt/h/AETHIEAOPSYS/CLOUD_CLONE/DATA/MEMORY/ANCHORS/2026-05-06T21-38-00Z_cloud_clone_sync.json
2026-05-06T17:38:06.0000000000Z	1030	/mnt/h/AETHIEAOPSYS/DATA/MEMORY/ANCHORS/2026-05-06T21-38-00Z_cloud_clone_sync.json
2026-05-06T17:43:42.0000000000Z	1030	/mnt/h/AETHIEAOPSYS/CLOUD_CLONE/DATA/MEMORY/ANCHORS/2026-05-06T21-43-33Z_cloud_clone_sync.json
2026-05-06T17:43:42.0000000000Z	1030	/mnt/h/AETHIEAOPSYS/DATA/MEMORY/ANCHORS/2026-05-06T21-43-33Z_cloud_clone_sync.json
2026-05-06T17:49:18.0000000000Z	1030	/mnt/h/AETHIEAOPSYS/CLOUD_CLONE/DATA/MEMORY/ANCHORS/2026-05-06T21-49-11Z_cloud_clone_sync.json
2026-05-06T17:49:18.0000000000Z	1030	/mnt/h/AETHIEAOPSYS/DATA/MEMORY/ANCHORS/2026-05-06T21-49-11Z_cloud_clone_sync.json
2026-05-06T17:51:12.0000000000Z	188	/mnt/h/AETHIEAOPSYS/DATA/MEMORY/ENV/lolita_usb_env.json
2026-05-06T17:51:12.0000000000Z	198	/mnt/h/AETHIEAOPSYS/DATA/MEMORY/ANCHORS/2026-05-06_21-51-13_anchor.json
2026-05-06T17:51:12.0000000000Z	238	/mnt/h/AETHIEAOPSYS/LOGS/BOOT/usb_boot_20260506T215113Z.log
2026-05-06T17:51:12.0000000000Z	276	/mnt/h/AETHIEAOPSYS/DATA/MEMORY/STATE/runtime_state.json
2026-05-06T17:54:44.0000000000Z	276	/mnt/h/AETHIEAOPSYS/CLOUD_CLONE/DATA/MEMORY/STATE/runtime_state.json
2026-05-06T17:54:48.0000000000Z	198	/mnt/h/AETHIEAOPSYS/CLOUD_CLONE/DATA/MEMORY/ANCHORS/2026-05-06_21-51-13_anchor.json
2026-05-06T17:54:48.0000000000Z	205	/mnt/h/AETHIEAOPSYS/DATA/MEMORY/ANCHORS/2026-05-06_21-54-52_anchor.json
2026-05-06T17:54:48.0000000000Z	494	/mnt/h/AETHIEAOPSYS/DATA/MEMORY/SURFACES/olivia.json
2026-05-06T17:54:48.0000000000Z	523	/mnt/h/AETHIEAOPSYS/DATA/MEMORY/SYSTEM/surface_topology.md
2026-05-06T17:54:54.0000000000Z	1248	/mnt/h/AETHIEAOPSYS/CLOUD_CLONE/DATA/MEMORY/ANCHORS/2026-05-06T21-54-45Z_cloud_clone_sync.json
2026-05-06T17:54:54.0000000000Z	1248	/mnt/h/AETHIEAOPSYS/DATA/MEMORY/ANCHORS/2026-05-06T21-54-45Z_cloud_clone_sync.json
2026-05-06T17:54:54.0000000000Z	238	/mnt/h/AETHIEAOPSYS/CLOUD_CLONE/LOGS/BOOT/usb_boot_20260506T215113Z.log
2026-05-06T17:57:14.0000000000Z	206	/mnt/h/AETHIEAOPSYS/DATA/MEMORY/ANCHORS/2026-05-06_21-57-17_anchor.json
2026-05-06T17:57:14.0000000000Z	404	/mnt/h/AETHIEAOPSYS/DATA/MEMORY/SURFACES/runtime_surfaces.json
2026-05-06T17:59:22.0000000000Z	321	/mnt/h/AETHIEAOPSYS/DATA/MEMORY/SURFACES/surface_template.json
2026-05-06T17:59:24.0000000000Z	218	/mnt/h/AETHIEAOPSYS/DATA/MEMORY/ANCHORS/2026-05-06_21-59-24_anchor.json
2026-05-06T18:00:22.0000000000Z	523	/mnt/h/AETHIEAOPSYS/CLOUD_CLONE/DATA/MEMORY/SYSTEM/surface_topology.md
2026-05-06T18:00:24.0000000000Z	205	/mnt/h/AETHIEAOPSYS/CLOUD_CLONE/DATA/MEMORY/ANCHORS/2026-05-06_21-54-52_anchor.json
2026-05-06T18:00:24.0000000000Z	206	/mnt/h/AETHIEAOPSYS/CLOUD_CLONE/DATA/MEMORY/ANCHORS/2026-05-06_21-57-17_anchor.json
2026-05-06T18:00:24.0000000000Z	218	/mnt/h/AETHIEAOPSYS/CLOUD_CLONE/DATA/MEMORY/ANCHORS/2026-05-06_21-59-24_anchor.json
2026-05-06T18:00:30.0000000000Z	1255	/mnt/h/AETHIEAOPSYS/CLOUD_CLONE/DATA/MEMORY/ANCHORS/2026-05-06T22-00-23Z_cloud_clone_sync.json
2026-05-06T18:00:30.0000000000Z	1255	/mnt/h/AETHIEAOPSYS/DATA/MEMORY/ANCHORS/2026-05-06T22-00-23Z_cloud_clone_sync.json
2026-05-06T18:06:06.0000000000Z	1030	/mnt/h/AETHIEAOPSYS/CLOUD_CLONE/DATA/MEMORY/ANCHORS/2026-05-06T22-06-00Z_cloud_clone_sync.json
2026-05-06T18:06:06.0000000000Z	1030	/mnt/h/AETHIEAOPSYS/DATA/MEMORY/ANCHORS/2026-05-06T22-06-00Z_cloud_clone_sync.json
2026-05-06T18:11:42.0000000000Z	1030	/mnt/h/AETHIEAOPSYS/CLOUD_CLONE/DATA/MEMORY/ANCHORS/2026-05-06T22-11-34Z_cloud_clone_sync.json
2026-05-06T18:11:42.0000000000Z	1030	/mnt/h/AETHIEAOPSYS/DATA/MEMORY/ANCHORS/2026-05-06T22-11-34Z_cloud_clone_sync.json
2026-05-06T18:17:18.0000000000Z	1030	/mnt/h/AETHIEAOPSYS/CLOUD_CLONE/DATA/MEMORY/ANCHORS/2026-05-06T22-17-12Z_cloud_clone_sync.json
2026-05-06T18:17:18.0000000000Z	1030	/mnt/h/AETHIEAOPSYS/DATA/MEMORY/ANCHORS/2026-05-06T22-17-12Z_cloud_clone_sync.json
2026-05-06T18:22:56.0000000000Z	1030	/mnt/h/AETHIEAOPSYS/CLOUD_CLONE/DATA/MEMORY/ANCHORS/2026-05-06T22-22-47Z_cloud_clone_sync.json
2026-05-06T18:22:56.0000000000Z	1030	/mnt/h/AETHIEAOPSYS/DATA/MEMORY/ANCHORS/2026-05-06T22-22-47Z_cloud_clone_sync.json
2026-05-06T18:28:34.0000000000Z	1030	/mnt/h/AETHIEAOPSYS/CLOUD_CLONE/DATA/MEMORY/ANCHORS/2026-05-06T22-28-26Z_cloud_clone_sync.json
2026-05-06T18:28:34.0000000000Z	1030	/mnt/h/AETHIEAOPSYS/DATA/MEMORY/ANCHORS/2026-05-06T22-28-26Z_cloud_clone_sync.json
2026-05-06T18:34:12.0000000000Z	1030	/mnt/h/AETHIEAOPSYS/CLOUD_CLONE/DATA/MEMORY/ANCHORS/2026-05-06T22-34-03Z_cloud_clone_sync.json
2026-05-06T18:34:12.0000000000Z	1030	/mnt/h/AETHIEAOPSYS/DATA/MEMORY/ANCHORS/2026-05-06T22-34-03Z_cloud_clone_sync.json
2026-05-06T18:39:50.0000000000Z	1030	/mnt/h/AETHIEAOPSYS/CLOUD_CLONE/DATA/MEMORY/ANCHORS/2026-05-06T22-39-41Z_cloud_clone_sync.json
2026-05-06T18:39:50.0000000000Z	1030	/mnt/h/AETHIEAOPSYS/DATA/MEMORY/ANCHORS/2026-05-06T22-39-41Z_cloud_clone_sync.json
2026-05-06T18:45:28.0000000000Z	1030	/mnt/h/AETHIEAOPSYS/CLOUD_CLONE/DATA/MEMORY/ANCHORS/2026-05-06T22-45-20Z_cloud_clone_sync.json
2026-05-06T18:45:28.0000000000Z	1030	/mnt/h/AETHIEAOPSYS/DATA/MEMORY/ANCHORS/2026-05-06T22-45-20Z_cloud_clone_sync.json
2026-05-06T18:51:16.0000000000Z	1030	/mnt/h/AETHIEAOPSYS/CLOUD_CLONE/DATA/MEMORY/ANCHORS/2026-05-06T22-50-57Z_cloud_clone_sync.json
2026-05-06T18:51:16.0000000000Z	1030	/mnt/h/AETHIEAOPSYS/DATA/MEMORY/ANCHORS/2026-05-06T22-50-57Z_cloud_clone_sync.json
2026-05-06T18:51:28.0000000000Z	396	/mnt/h/AETHIEAOPSYS/DATA/MEMORY/ROUTES/source_translation_map.json
2026-05-06T18:51:28.0000000000Z	870	/mnt/h/AETHIEAOPSYS/DATA/MEMORY/GOVERNANCE/vault_door_window_habitat.json
2026-05-06T18:51:42.0000000000Z	449	/mnt/h/AETHIEAOPSYS/DATA/MEMORY/INFRASTRUCTURE/surface_runtime_map.json
2026-05-06T18:51:42.0000000000Z	613	/mnt/h/AETHIEAOPSYS/DATA/MEMORY/MEDIA/behavior_engine.json
2026-05-06T18:51:56.0000000000Z	219	/mnt/h/AETHIEAOPSYS/DATA/MEMORY/ANCHORS/2026-05-06_22-51-57_anchor.json
2026-05-06T18:51:56.0000000000Z	386	/mnt/h/AETHIEAOPSYS/DATA/MEMORY/CONTINUITY/continuity_engine.json
2026-05-06T18:51:56.0000000000Z	447	/mnt/h/AETHIEAOPSYS/DATA/MEMORY/IDENTITY/operator_symbolic_stack.json
2026-05-06T18:53:52.0000000000Z	386	/mnt/h/AETHIEAOPSYS/DATA/MEMORY/ROUTES/plane_routes.json
2026-05-06T18:53:52.0000000000Z	682	/mnt/h/AETHIEAOPSYS/CORE/ROUTING/resolve_plane.sh
2026-05-06T18:56:44.0000000000Z	386	/mnt/h/AETHIEAOPSYS/CLOUD_CLONE/DATA/MEMORY/ROUTES/plane_routes.json
2026-05-06T18:56:44.0000000000Z	396	/mnt/h/AETHIEAOPSYS/CLOUD_CLONE/DATA/MEMORY/ROUTES/source_translation_map.json
2026-05-06T18:56:48.0000000000Z	219	/mnt/h/AETHIEAOPSYS/CLOUD_CLONE/DATA/MEMORY/ANCHORS/2026-05-06_22-51-57_anchor.json
2026-05-06T18:56:54.0000000000Z	1228	/mnt/h/AETHIEAOPSYS/CLOUD_CLONE/DATA/MEMORY/ANCHORS/2026-05-06T22-56-46Z_cloud_clone_sync.json
2026-05-06T18:56:54.0000000000Z	1228	/mnt/h/AETHIEAOPSYS/DATA/MEMORY/ANCHORS/2026-05-06T22-56-46Z_cloud_clone_sync.json
2026-05-06T18:58:24.0000000000Z	174	/mnt/h/AETHIEAOPSYS/DATA/MEMORY/ANCHORS/2026-05-06_22-58-25_anchor.json
2026-05-06T18:58:32.0000000000Z	755	/mnt/h/AETHIEAOPSYS/TOOLIO/plane
2026-05-06T18:58:34.0000000000Z	174	/mnt/h/AETHIEAOPSYS/DATA/MEMORY/ANCHORS/2026-05-06_22-58-34_anchor.json
2026-05-06T19:02:26.0000000000Z	174	/mnt/h/AETHIEAOPSYS/CLOUD_CLONE/DATA/MEMORY/ANCHORS/2026-05-06_22-58-25_anchor.json
2026-05-06T19:02:26.0000000000Z	174	/mnt/h/AETHIEAOPSYS/CLOUD_CLONE/DATA/MEMORY/ANCHORS/2026-05-06_22-58-34_anchor.json
2026-05-06T19:02:32.0000000000Z	1209	/mnt/h/AETHIEAOPSYS/CLOUD_CLONE/DATA/MEMORY/ANCHORS/2026-05-06T23-02-24Z_cloud_clone_sync.json
2026-05-06T19:02:32.0000000000Z	1209	/mnt/h/AETHIEAOPSYS/DATA/MEMORY/ANCHORS/2026-05-06T23-02-24Z_cloud_clone_sync.json
2026-05-06T19:02:32.0000000000Z	755	/mnt/h/AETHIEAOPSYS/CLOUD_CLONE/TOOLIO/plane
2026-05-06T19:08:12.0000000000Z	1030	/mnt/h/AETHIEAOPSYS/CLOUD_CLONE/DATA/MEMORY/ANCHORS/2026-05-06T23-08-03Z_cloud_clone_sync.json
2026-05-06T19:08:12.0000000000Z	1030	/mnt/h/AETHIEAOPSYS/DATA/MEMORY/ANCHORS/2026-05-06T23-08-03Z_cloud_clone_sync.json
2026-05-06T19:13:56.0000000000Z	1030	/mnt/h/AETHIEAOPSYS/CLOUD_CLONE/DATA/MEMORY/ANCHORS/2026-05-06T23-13-47Z_cloud_clone_sync.json
2026-05-06T19:13:56.0000000000Z	1030	/mnt/h/AETHIEAOPSYS/DATA/MEMORY/ANCHORS/2026-05-06T23-13-47Z_cloud_clone_sync.json
2026-05-06T19:19:38.0000000000Z	1030	/mnt/h/AETHIEAOPSYS/CLOUD_CLONE/DATA/MEMORY/ANCHORS/2026-05-06T23-19-29Z_cloud_clone_sync.json
2026-05-06T19:19:38.0000000000Z	1030	/mnt/h/AETHIEAOPSYS/DATA/MEMORY/ANCHORS/2026-05-06T23-19-29Z_cloud_clone_sync.json
2026-05-06T19:25:24.0000000000Z	1030	/mnt/h/AETHIEAOPSYS/CLOUD_CLONE/DATA/MEMORY/ANCHORS/2026-05-06T23-25-12Z_cloud_clone_sync.json
2026-05-06T19:25:24.0000000000Z	1030	/mnt/h/AETHIEAOPSYS/DATA/MEMORY/ANCHORS/2026-05-06T23-25-12Z_cloud_clone_sync.json
2026-05-06T19:31:06.0000000000Z	1071	/mnt/h/AETHIEAOPSYS/CLOUD_CLONE/DATA/MEMORY/ANCHORS/2026-05-06T23-31-00Z_cloud_clone_sync.json
2026-05-06T19:31:06.0000000000Z	1071	/mnt/h/AETHIEAOPSYS/DATA/MEMORY/ANCHORS/2026-05-06T23-31-00Z_cloud_clone_sync.json
2026-05-06T19:32:08.0000000000Z	313	/mnt/h/AETHIEAOPSYS/DATA/MEMORY/STATE/AUTHORITY/B43-RU5_014.json
2026-05-06T19:32:08.0000000000Z	325	/mnt/h/AETHIEAOPSYS/DATA/MEMORY/STATE/AUTHORITY/LAYERS_AENET_CLOUDFLARE.json
2026-05-06T19:36:40.0000000000Z	313	/mnt/h/AETHIEAOPSYS/CLOUD_CLONE/DATA/MEMORY/STATE/AUTHORITY/B43-RU5_014.json
2026-05-06T19:36:40.0000000000Z	325	/mnt/h/AETHIEAOPSYS/CLOUD_CLONE/DATA/MEMORY/STATE/AUTHORITY/LAYERS_AENET_CLOUDFLARE.json
2026-05-06T19:36:50.0000000000Z	1230	/mnt/h/AETHIEAOPSYS/CLOUD_CLONE/DATA/MEMORY/ANCHORS/2026-05-06T23-36-41Z_cloud_clone_sync.json
2026-05-06T19:36:50.0000000000Z	1230	/mnt/h/AETHIEAOPSYS/DATA/MEMORY/ANCHORS/2026-05-06T23-36-41Z_cloud_clone_sync.json
2026-05-06T19:42:34.0000000000Z	1030	/mnt/h/AETHIEAOPSYS/CLOUD_CLONE/DATA/MEMORY/ANCHORS/2026-05-06T23-42-26Z_cloud_clone_sync.json
2026-05-06T19:42:34.0000000000Z	1030	/mnt/h/AETHIEAOPSYS/DATA/MEMORY/ANCHORS/2026-05-06T23-42-26Z_cloud_clone_sync.json
2026-05-06T19:48:26.0000000000Z	1030	/mnt/h/AETHIEAOPSYS/CLOUD_CLONE/DATA/MEMORY/ANCHORS/2026-05-06T23-48-07Z_cloud_clone_sync.json
2026-05-06T19:48:26.0000000000Z	1030	/mnt/h/AETHIEAOPSYS/DATA/MEMORY/ANCHORS/2026-05-06T23-48-07Z_cloud_clone_sync.json
2026-05-06T19:54:16.0000000000Z	1030	/mnt/h/AETHIEAOPSYS/CLOUD_CLONE/DATA/MEMORY/ANCHORS/2026-05-06T23-54-01Z_cloud_clone_sync.json
2026-05-06T19:54:16.0000000000Z	1030	/mnt/h/AETHIEAOPSYS/DATA/MEMORY/ANCHORS/2026-05-06T23-54-01Z_cloud_clone_sync.json
2026-05-06T19:59:58.0000000000Z	1030	/mnt/h/AETHIEAOPSYS/CLOUD_CLONE/DATA/MEMORY/ANCHORS/2026-05-06T23-59-51Z_cloud_clone_sync.json
2026-05-06T19:59:58.0000000000Z	1030	/mnt/h/AETHIEAOPSYS/DATA/MEMORY/ANCHORS/2026-05-06T23-59-51Z_cloud_clone_sync.json
2026-05-06T20:05:42.0000000000Z	1030	/mnt/h/AETHIEAOPSYS/CLOUD_CLONE/DATA/MEMORY/ANCHORS/2026-05-07T00-05-32Z_cloud_clone_sync.json
2026-05-06T20:05:42.0000000000Z	1030	/mnt/h/AETHIEAOPSYS/DATA/MEMORY/ANCHORS/2026-05-07T00-05-32Z_cloud_clone_sync.json
2026-05-06T20:11:20.0000000000Z	1030	/mnt/h/AETHIEAOPSYS/CLOUD_CLONE/DATA/MEMORY/ANCHORS/2026-05-07T00-11-14Z_cloud_clone_sync.json
2026-05-06T20:11:20.0000000000Z	1030	/mnt/h/AETHIEAOPSYS/DATA/MEMORY/ANCHORS/2026-05-07T00-11-14Z_cloud_clone_sync.json
2026-05-06T20:16:50.0000000000Z	1030	/mnt/h/AETHIEAOPSYS/DATA/MEMORY/ANCHORS/2026-05-07T00-16-40Z_cloud_clone_sync.json
2026-05-06T20:16:52.0000000000Z	1030	/mnt/h/AETHIEAOPSYS/CLOUD_CLONE/DATA/MEMORY/ANCHORS/2026-05-07T00-16-40Z_cloud_clone_sync.json
2026-05-06T20:22:06.0000000000Z	1030	/mnt/h/AETHIEAOPSYS/CLOUD_CLONE/DATA/MEMORY/ANCHORS/2026-05-07T00-21-59Z_cloud_clone_sync.json
2026-05-06T20:22:06.0000000000Z	1030	/mnt/h/AETHIEAOPSYS/DATA/MEMORY/ANCHORS/2026-05-07T00-21-59Z_cloud_clone_sync.json
2026-05-06T20:27:42.0000000000Z	1030	/mnt/h/AETHIEAOPSYS/CLOUD_CLONE/DATA/MEMORY/ANCHORS/2026-05-07T00-27-36Z_cloud_clone_sync.json
2026-05-06T20:27:42.0000000000Z	1030	/mnt/h/AETHIEAOPSYS/DATA/MEMORY/ANCHORS/2026-05-07T00-27-36Z_cloud_clone_sync.json
2026-05-06T20:33:14.0000000000Z	1030	/mnt/h/AETHIEAOPSYS/CLOUD_CLONE/DATA/MEMORY/ANCHORS/2026-05-07T00-33-03Z_cloud_clone_sync.json
2026-05-06T20:33:14.0000000000Z	1030	/mnt/h/AETHIEAOPSYS/DATA/MEMORY/ANCHORS/2026-05-07T00-33-03Z_cloud_clone_sync.json
2026-05-06T20:34:48.0000000000Z	65	/mnt/h/AETHIEAOPSYS/TOOLIO/aeth_guard
2026-05-06T20:35:20.0000000000Z	131	/mnt/h/AETHIEAOPSYS/LOGS/GUARD/2026-05-07T00-35-22Z_python3__m_json_tool_DATA_MEMORY_SYSTEM_aethiea_lifecycle_0.log
2026-05-06T20:35:22.0000000000Z	432	/mnt/h/AETHIEAOPSYS/DATA/MEMORY/ANCHORS/2026-05-07T00-35-22Z_guard_pass.json
2026-05-06T20:35:26.0000000000Z	432	/mnt/h/AETHIEAOPSYS/CLOUD_CLONE/DATA/MEMORY/ANCHORS/2026-05-07T00-35-22Z_guard_pass.json
2026-05-06T20:35:30.0000000000Z	131	/mnt/h/AETHIEAOPSYS/CLOUD_CLONE/LOGS/GUARD/2026-05-07T00-35-22Z_python3__m_json_tool_DATA_MEMORY_SYSTEM_aethiea_lifecycle_0.log
2026-05-06T20:35:30.0000000000Z	1369	/mnt/h/AETHIEAOPSYS/CLOUD_CLONE/DATA/MEMORY/ANCHORS/2026-05-07T00-35-22Z_cloud_clone_sync.json
2026-05-06T20:35:30.0000000000Z	1369	/mnt/h/AETHIEAOPSYS/DATA/MEMORY/ANCHORS/2026-05-07T00-35-22Z_cloud_clone_sync.json
2026-05-06T20:35:30.0000000000Z	621	/mnt/h/AETHIEAOPSYS/EXECUTION/REPORTS/GUARD/2026-05-07T00-35-22Z_python3__m_json_tool_DATA_MEMORY_SYSTEM_aethiea_lifecycle_0.json
2026-05-06T20:35:30.0000000000Z	65	/mnt/h/AETHIEAOPSYS/CLOUD_CLONE/TOOLIO/aeth_guard
2026-05-06T20:38:44.0000000000Z	621	/mnt/h/AETHIEAOPSYS/CLOUD_CLONE/EXECUTION/REPORTS/GUARD/2026-05-07T00-35-22Z_python3__m_json_tool_DATA_MEMORY_SYSTEM_aethiea_lifecycle_0.json
2026-05-06T20:38:46.0000000000Z	1149	/mnt/h/AETHIEAOPSYS/CLOUD_CLONE/DATA/MEMORY/ANCHORS/2026-05-07T00-38-38Z_cloud_clone_sync.json
2026-05-06T20:38:46.0000000000Z	1149	/mnt/h/AETHIEAOPSYS/DATA/MEMORY/ANCHORS/2026-05-07T00-38-38Z_cloud_clone_sync.json
2026-05-06T20:40:36.0000000000Z	131	/mnt/h/AETHIEAOPSYS/LOGS/GUARD/2026-05-07T00-40-38Z_python3__m_json_tool_DATA_MEMORY_SYSTEM_aethiea_lifecycle_0.log
2026-05-06T20:40:36.0000000000Z	714	/mnt/h/AETHIEAOPSYS/DATA/MEMORY/ANCHORS/2026-05-07T00-40-38Z_guard_pass.json
2026-05-06T20:40:40.0000000000Z	714	/mnt/h/AETHIEAOPSYS/CLOUD_CLONE/DATA/MEMORY/ANCHORS/2026-05-07T00-40-38Z_guard_pass.json
2026-05-06T20:40:46.0000000000Z	131	/mnt/h/AETHIEAOPSYS/CLOUD_CLONE/LOGS/GUARD/2026-05-07T00-40-38Z_python3__m_json_tool_DATA_MEMORY_SYSTEM_aethiea_lifecycle_0.log
2026-05-06T20:40:46.0000000000Z	1344	/mnt/h/AETHIEAOPSYS/CLOUD_CLONE/DATA/MEMORY/ANCHORS/2026-05-07T00-40-38Z_cloud_clone_sync.json
2026-05-06T20:40:46.0000000000Z	1344	/mnt/h/AETHIEAOPSYS/DATA/MEMORY/ANCHORS/2026-05-07T00-40-38Z_cloud_clone_sync.json
2026-05-06T20:40:46.0000000000Z	903	/mnt/h/AETHIEAOPSYS/EXECUTION/REPORTS/GUARD/2026-05-07T00-40-38Z_python3__m_json_tool_DATA_MEMORY_SYSTEM_aethiea_lifecycle_0.json
2026-05-06T20:40:58.0000000000Z	200	/mnt/h/AETHIEAOPSYS/DATA/MEMORY/ANCHORS/2026-05-07_00-40-59_anchor.json
2026-05-06T20:43:00.0000000000Z	3985	/mnt/h/AETHIEAOPSYS/DATA/MEMORY/SNAPSHOTS/GUARD/2026-05-07T00-43-00Z_snapshot.json
2026-05-06T20:43:00.0000000000Z	572	/mnt/h/AETHIEAOPSYS/DATA/MEMORY/ANCHORS/2026-05-07T00-43-00Z_guard_pass.json
2026-05-06T20:43:00.0000000000Z	85	/mnt/h/AETHIEAOPSYS/LOGS/GUARD/2026-05-07T00-43-00Z_echo_SNAPSHOT_TEST.log
2026-05-06T20:43:04.0000000000Z	200	/mnt/h/AETHIEAOPSYS/CLOUD_CLONE/DATA/MEMORY/ANCHORS/2026-05-07_00-40-59_anchor.json
2026-05-06T20:43:04.0000000000Z	3985	/mnt/h/AETHIEAOPSYS/CLOUD_CLONE/DATA/MEMORY/SNAPSHOTS/GUARD/2026-05-07T00-43-00Z_snapshot.json
2026-05-06T20:43:04.0000000000Z	572	/mnt/h/AETHIEAOPSYS/CLOUD_CLONE/DATA/MEMORY/ANCHORS/2026-05-07T00-43-00Z_guard_pass.json
2026-05-06T20:43:06.0000000000Z	903	/mnt/h/AETHIEAOPSYS/CLOUD_CLONE/EXECUTION/REPORTS/GUARD/2026-05-07T00-40-38Z_python3__m_json_tool_DATA_MEMORY_SYSTEM_aethiea_lifecycle_0.json
2026-05-06T20:43:08.0000000000Z	85	/mnt/h/AETHIEAOPSYS/CLOUD_CLONE/LOGS/GUARD/2026-05-07T00-43-00Z_echo_SNAPSHOT_TEST.log
2026-05-06T20:43:10.0000000000Z	1508	/mnt/h/AETHIEAOPSYS/CLOUD_CLONE/DATA/MEMORY/ANCHORS/2026-05-07T00-43-00Z_cloud_clone_sync.json
2026-05-06T20:43:10.0000000000Z	1508	/mnt/h/AETHIEAOPSYS/DATA/MEMORY/ANCHORS/2026-05-07T00-43-00Z_cloud_clone_sync.json
2026-05-06T20:43:10.0000000000Z	938	/mnt/h/AETHIEAOPSYS/EXECUTION/REPORTS/GUARD/2026-05-07T00-43-00Z_echo_SNAPSHOT_TEST.json
2026-05-06T20:43:34.0000000000Z	202	/mnt/h/AETHIEAOPSYS/DATA/MEMORY/ANCHORS/2026-05-07_00-43-34_anchor.json
2026-05-06T20:44:18.0000000000Z	202	/mnt/h/AETHIEAOPSYS/CLOUD_CLONE/DATA/MEMORY/ANCHORS/2026-05-07_00-43-34_anchor.json
2026-05-06T20:44:20.0000000000Z	938	/mnt/h/AETHIEAOPSYS/CLOUD_CLONE/EXECUTION/REPORTS/GUARD/2026-05-07T00-43-00Z_echo_SNAPSHOT_TEST.json
2026-05-06T20:44:24.0000000000Z	1167	/mnt/h/AETHIEAOPSYS/CLOUD_CLONE/DATA/MEMORY/ANCHORS/2026-05-07T00-44-14Z_cloud_clone_sync.json
2026-05-06T20:44:24.0000000000Z	1167	/mnt/h/AETHIEAOPSYS/DATA/MEMORY/ANCHORS/2026-05-07T00-44-14Z_cloud_clone_sync.json
2026-05-06T20:48:40.0000000000Z	5598	/mnt/h/AETHIEAOPSYS/TOOLIO/aeth_guard.py
2026-05-06T20:49:04.0000000000Z	4063	/mnt/h/AETHIEAOPSYS/DATA/MEMORY/SNAPSHOTS/GUARD/2026-05-07T00-49-06Z_snapshot.json
2026-05-06T20:49:04.0000000000Z	533	/mnt/h/AETHIEAOPSYS/DATA/MEMORY/ANCHORS/2026-05-07T00-49-06Z_guard_fail.json
2026-05-06T20:49:04.0000000000Z	58	/mnt/h/AETHIEAOPSYS/LOGS/GUARD/2026-05-07T00-49-06Z_false.log
2026-05-06T20:49:08.0000000000Z	533	/mnt/h/AETHIEAOPSYS/CLOUD_CLONE/DATA/MEMORY/ANCHORS/2026-05-07T00-49-06Z_guard_fail.json
2026-05-06T20:49:10.0000000000Z	4063	/mnt/h/AETHIEAOPSYS/CLOUD_CLONE/DATA/MEMORY/SNAPSHOTS/GUARD/2026-05-07T00-49-06Z_snapshot.json
2026-05-06T20:49:14.0000000000Z	1306	/mnt/h/AETHIEAOPSYS/CLOUD_CLONE/DATA/MEMORY/ANCHORS/2026-05-07T00-49-07Z_cloud_clone_sync.json
2026-05-06T20:49:14.0000000000Z	1306	/mnt/h/AETHIEAOPSYS/DATA/MEMORY/ANCHORS/2026-05-07T00-49-07Z_cloud_clone_sync.json
2026-05-06T20:49:14.0000000000Z	309	/mnt/h/AETHIEAOPSYS/REJECTED/GUARD/2026-05-07T00-49-06Z_false_rejected.json
2026-05-06T20:49:14.0000000000Z	5598	/mnt/h/AETHIEAOPSYS/CLOUD_CLONE/TOOLIO/aeth_guard.py
2026-05-06T20:49:14.0000000000Z	58	/mnt/h/AETHIEAOPSYS/CLOUD_CLONE/LOGS/GUARD/2026-05-07T00-49-06Z_false.log
2026-05-06T20:49:14.0000000000Z	983	/mnt/h/AETHIEAOPSYS/EXECUTION/REPORTS/GUARD/2026-05-07T00-49-06Z_false.json
2026-05-06T20:49:26.0000000000Z	225	/mnt/h/AETHIEAOPSYS/DATA/MEMORY/ANCHORS/2026-05-07_00-49-27_anchor.json
2026-05-06T20:49:56.0000000000Z	225	/mnt/h/AETHIEAOPSYS/CLOUD_CLONE/DATA/MEMORY/ANCHORS/2026-05-07_00-49-27_anchor.json
2026-05-06T20:49:58.0000000000Z	983	/mnt/h/AETHIEAOPSYS/CLOUD_CLONE/EXECUTION/REPORTS/GUARD/2026-05-07T00-49-06Z_false.json
2026-05-06T20:50:00.0000000000Z	1154	/mnt/h/AETHIEAOPSYS/CLOUD_CLONE/DATA/MEMORY/ANCHORS/2026-05-07T00-49-53Z_cloud_clone_sync.json
2026-05-06T20:50:00.0000000000Z	1154	/mnt/h/AETHIEAOPSYS/DATA/MEMORY/ANCHORS/2026-05-07T00-49-53Z_cloud_clone_sync.json
2026-05-06T20:55:38.0000000000Z	1030	/mnt/h/AETHIEAOPSYS/CLOUD_CLONE/DATA/MEMORY/ANCHORS/2026-05-07T00-55-31Z_cloud_clone_sync.json
2026-05-06T20:55:38.0000000000Z	1030	/mnt/h/AETHIEAOPSYS/DATA/MEMORY/ANCHORS/2026-05-07T00-55-31Z_cloud_clone_sync.json
2026-05-06T21:01:14.0000000000Z	1030	/mnt/h/AETHIEAOPSYS/CLOUD_CLONE/DATA/MEMORY/ANCHORS/2026-05-07T01-01-06Z_cloud_clone_sync.json
2026-05-06T21:01:14.0000000000Z	1030	/mnt/h/AETHIEAOPSYS/DATA/MEMORY/ANCHORS/2026-05-07T01-01-06Z_cloud_clone_sync.json
2026-05-06T21:06:52.0000000000Z	1030	/mnt/h/AETHIEAOPSYS/CLOUD_CLONE/DATA/MEMORY/ANCHORS/2026-05-07T01-06-42Z_cloud_clone_sync.json
2026-05-06T21:06:52.0000000000Z	1030	/mnt/h/AETHIEAOPSYS/DATA/MEMORY/ANCHORS/2026-05-07T01-06-42Z_cloud_clone_sync.json
2026-05-06T21:12:30.0000000000Z	1030	/mnt/h/AETHIEAOPSYS/CLOUD_CLONE/DATA/MEMORY/ANCHORS/2026-05-07T01-12-22Z_cloud_clone_sync.json
2026-05-06T21:12:30.0000000000Z	1030	/mnt/h/AETHIEAOPSYS/DATA/MEMORY/ANCHORS/2026-05-07T01-12-22Z_cloud_clone_sync.json
2026-05-06T21:18:08.0000000000Z	1030	/mnt/h/AETHIEAOPSYS/CLOUD_CLONE/DATA/MEMORY/ANCHORS/2026-05-07T01-17-58Z_cloud_clone_sync.json
2026-05-06T21:18:08.0000000000Z	1030	/mnt/h/AETHIEAOPSYS/DATA/MEMORY/ANCHORS/2026-05-07T01-17-58Z_cloud_clone_sync.json
2026-05-06T21:23:44.0000000000Z	1030	/mnt/h/AETHIEAOPSYS/CLOUD_CLONE/DATA/MEMORY/ANCHORS/2026-05-07T01-23-35Z_cloud_clone_sync.json
2026-05-06T21:23:44.0000000000Z	1030	/mnt/h/AETHIEAOPSYS/DATA/MEMORY/ANCHORS/2026-05-07T01-23-35Z_cloud_clone_sync.json
2026-05-06T21:29:22.0000000000Z	1030	/mnt/h/AETHIEAOPSYS/CLOUD_CLONE/DATA/MEMORY/ANCHORS/2026-05-07T01-29-14Z_cloud_clone_sync.json
2026-05-06T21:29:22.0000000000Z	1030	/mnt/h/AETHIEAOPSYS/DATA/MEMORY/ANCHORS/2026-05-07T01-29-14Z_cloud_clone_sync.json
2026-05-06T21:34:58.0000000000Z	1030	/mnt/h/AETHIEAOPSYS/CLOUD_CLONE/DATA/MEMORY/ANCHORS/2026-05-07T01-34-50Z_cloud_clone_sync.json
2026-05-06T21:34:58.0000000000Z	1030	/mnt/h/AETHIEAOPSYS/DATA/MEMORY/ANCHORS/2026-05-07T01-34-50Z_cloud_clone_sync.json
2026-05-06T21:40:36.0000000000Z	1030	/mnt/h/AETHIEAOPSYS/CLOUD_CLONE/DATA/MEMORY/ANCHORS/2026-05-07T01-40-28Z_cloud_clone_sync.json
2026-05-06T21:40:36.0000000000Z	1030	/mnt/h/AETHIEAOPSYS/DATA/MEMORY/ANCHORS/2026-05-07T01-40-28Z_cloud_clone_sync.json
2026-05-06T21:46:14.0000000000Z	1030	/mnt/h/AETHIEAOPSYS/CLOUD_CLONE/DATA/MEMORY/ANCHORS/2026-05-07T01-46-04Z_cloud_clone_sync.json
2026-05-06T21:46:14.0000000000Z	1030	/mnt/h/AETHIEAOPSYS/DATA/MEMORY/ANCHORS/2026-05-07T01-46-04Z_cloud_clone_sync.json
2026-05-06T21:51:50.0000000000Z	1030	/mnt/h/AETHIEAOPSYS/CLOUD_CLONE/DATA/MEMORY/ANCHORS/2026-05-07T01-51-43Z_cloud_clone_sync.json
2026-05-06T21:51:50.0000000000Z	1030	/mnt/h/AETHIEAOPSYS/DATA/MEMORY/ANCHORS/2026-05-07T01-51-43Z_cloud_clone_sync.json
2026-05-06T21:57:28.0000000000Z	1030	/mnt/h/AETHIEAOPSYS/CLOUD_CLONE/DATA/MEMORY/ANCHORS/2026-05-07T01-57-21Z_cloud_clone_sync.json
2026-05-06T21:57:28.0000000000Z	1030	/mnt/h/AETHIEAOPSYS/DATA/MEMORY/ANCHORS/2026-05-07T01-57-21Z_cloud_clone_sync.json
2026-05-06T22:03:06.0000000000Z	1030	/mnt/h/AETHIEAOPSYS/CLOUD_CLONE/DATA/MEMORY/ANCHORS/2026-05-07T02-02-57Z_cloud_clone_sync.json
2026-05-06T22:03:06.0000000000Z	1030	/mnt/h/AETHIEAOPSYS/DATA/MEMORY/ANCHORS/2026-05-07T02-02-57Z_cloud_clone_sync.json
2026-05-06T22:08:42.0000000000Z	1030	/mnt/h/AETHIEAOPSYS/CLOUD_CLONE/DATA/MEMORY/ANCHORS/2026-05-07T02-08-35Z_cloud_clone_sync.json
2026-05-06T22:08:42.0000000000Z	1030	/mnt/h/AETHIEAOPSYS/DATA/MEMORY/ANCHORS/2026-05-07T02-08-35Z_cloud_clone_sync.json
2026-05-06T22:14:20.0000000000Z	1030	/mnt/h/AETHIEAOPSYS/CLOUD_CLONE/DATA/MEMORY/ANCHORS/2026-05-07T02-14-11Z_cloud_clone_sync.json
2026-05-06T22:14:20.0000000000Z	1030	/mnt/h/AETHIEAOPSYS/DATA/MEMORY/ANCHORS/2026-05-07T02-14-11Z_cloud_clone_sync.json
2026-05-06T22:19:58.0000000000Z	1030	/mnt/h/AETHIEAOPSYS/CLOUD_CLONE/DATA/MEMORY/ANCHORS/2026-05-07T02-19-50Z_cloud_clone_sync.json
2026-05-06T22:19:58.0000000000Z	1030	/mnt/h/AETHIEAOPSYS/DATA/MEMORY/ANCHORS/2026-05-07T02-19-50Z_cloud_clone_sync.json
2026-05-06T22:25:36.0000000000Z	1030	/mnt/h/AETHIEAOPSYS/CLOUD_CLONE/DATA/MEMORY/ANCHORS/2026-05-07T02-25-28Z_cloud_clone_sync.json
2026-05-06T22:25:36.0000000000Z	1030	/mnt/h/AETHIEAOPSYS/DATA/MEMORY/ANCHORS/2026-05-07T02-25-28Z_cloud_clone_sync.json
2026-05-06T22:31:12.0000000000Z	1030	/mnt/h/AETHIEAOPSYS/CLOUD_CLONE/DATA/MEMORY/ANCHORS/2026-05-07T02-31-04Z_cloud_clone_sync.json
2026-05-06T22:31:12.0000000000Z	1030	/mnt/h/AETHIEAOPSYS/DATA/MEMORY/ANCHORS/2026-05-07T02-31-04Z_cloud_clone_sync.json
2026-05-06T22:36:50.0000000000Z	1030	/mnt/h/AETHIEAOPSYS/CLOUD_CLONE/DATA/MEMORY/ANCHORS/2026-05-07T02-36-43Z_cloud_clone_sync.json
2026-05-06T22:36:50.0000000000Z	1030	/mnt/h/AETHIEAOPSYS/DATA/MEMORY/ANCHORS/2026-05-07T02-36-43Z_cloud_clone_sync.json
2026-05-06T22:42:28.0000000000Z	1030	/mnt/h/AETHIEAOPSYS/CLOUD_CLONE/DATA/MEMORY/ANCHORS/2026-05-07T02-42-19Z_cloud_clone_sync.json
2026-05-06T22:42:28.0000000000Z	1030	/mnt/h/AETHIEAOPSYS/DATA/MEMORY/ANCHORS/2026-05-07T02-42-19Z_cloud_clone_sync.json
2026-05-06T22:48:06.0000000000Z	1030	/mnt/h/AETHIEAOPSYS/CLOUD_CLONE/DATA/MEMORY/ANCHORS/2026-05-07T02-47-58Z_cloud_clone_sync.json
2026-05-06T22:48:06.0000000000Z	1030	/mnt/h/AETHIEAOPSYS/DATA/MEMORY/ANCHORS/2026-05-07T02-47-58Z_cloud_clone_sync.json
2026-05-06T22:53:44.0000000000Z	1030	/mnt/h/AETHIEAOPSYS/CLOUD_CLONE/DATA/MEMORY/ANCHORS/2026-05-07T02-53-34Z_cloud_clone_sync.json
2026-05-06T22:53:44.0000000000Z	1030	/mnt/h/AETHIEAOPSYS/DATA/MEMORY/ANCHORS/2026-05-07T02-53-34Z_cloud_clone_sync.json
2026-05-06T22:59:20.0000000000Z	1030	/mnt/h/AETHIEAOPSYS/CLOUD_CLONE/DATA/MEMORY/ANCHORS/2026-05-07T02-59-12Z_cloud_clone_sync.json
2026-05-06T22:59:20.0000000000Z	1030	/mnt/h/AETHIEAOPSYS/DATA/MEMORY/ANCHORS/2026-05-07T02-59-12Z_cloud_clone_sync.json
2026-05-06T23:04:58.0000000000Z	1030	/mnt/h/AETHIEAOPSYS/CLOUD_CLONE/DATA/MEMORY/ANCHORS/2026-05-07T03-04-48Z_cloud_clone_sync.json
2026-05-06T23:04:58.0000000000Z	1030	/mnt/h/AETHIEAOPSYS/DATA/MEMORY/ANCHORS/2026-05-07T03-04-48Z_cloud_clone_sync.json
2026-05-06T23:10:32.0000000000Z	1030	/mnt/h/AETHIEAOPSYS/CLOUD_CLONE/DATA/MEMORY/ANCHORS/2026-05-07T03-10-25Z_cloud_clone_sync.json
2026-05-06T23:10:32.0000000000Z	1030	/mnt/h/AETHIEAOPSYS/DATA/MEMORY/ANCHORS/2026-05-07T03-10-25Z_cloud_clone_sync.json
2026-05-06T23:16:10.0000000000Z	1030	/mnt/h/AETHIEAOPSYS/CLOUD_CLONE/DATA/MEMORY/ANCHORS/2026-05-07T03-16-01Z_cloud_clone_sync.json
2026-05-06T23:16:10.0000000000Z	1030	/mnt/h/AETHIEAOPSYS/DATA/MEMORY/ANCHORS/2026-05-07T03-16-01Z_cloud_clone_sync.json
2026-05-06T23:21:48.0000000000Z	1030	/mnt/h/AETHIEAOPSYS/CLOUD_CLONE/DATA/MEMORY/ANCHORS/2026-05-07T03-21-39Z_cloud_clone_sync.json
2026-05-06T23:21:48.0000000000Z	1030	/mnt/h/AETHIEAOPSYS/DATA/MEMORY/ANCHORS/2026-05-07T03-21-39Z_cloud_clone_sync.json
2026-05-06T23:27:26.0000000000Z	1030	/mnt/h/AETHIEAOPSYS/CLOUD_CLONE/DATA/MEMORY/ANCHORS/2026-05-07T03-27-18Z_cloud_clone_sync.json
2026-05-06T23:27:26.0000000000Z	1030	/mnt/h/AETHIEAOPSYS/DATA/MEMORY/ANCHORS/2026-05-07T03-27-18Z_cloud_clone_sync.json
2026-05-06T23:33:02.0000000000Z	1030	/mnt/h/AETHIEAOPSYS/CLOUD_CLONE/DATA/MEMORY/ANCHORS/2026-05-07T03-32-56Z_cloud_clone_sync.json
2026-05-06T23:33:02.0000000000Z	1030	/mnt/h/AETHIEAOPSYS/DATA/MEMORY/ANCHORS/2026-05-07T03-32-56Z_cloud_clone_sync.json
2026-05-06T23:38:38.0000000000Z	1030	/mnt/h/AETHIEAOPSYS/CLOUD_CLONE/DATA/MEMORY/ANCHORS/2026-05-07T03-38-28Z_cloud_clone_sync.json
2026-05-06T23:38:38.0000000000Z	1030	/mnt/h/AETHIEAOPSYS/DATA/MEMORY/ANCHORS/2026-05-07T03-38-28Z_cloud_clone_sync.json
2026-05-06T23:44:16.0000000000Z	1030	/mnt/h/AETHIEAOPSYS/CLOUD_CLONE/DATA/MEMORY/ANCHORS/2026-05-07T03-44-07Z_cloud_clone_sync.json
2026-05-06T23:44:16.0000000000Z	1030	/mnt/h/AETHIEAOPSYS/DATA/MEMORY/ANCHORS/2026-05-07T03-44-07Z_cloud_clone_sync.json
2026-05-06T23:49:54.0000000000Z	1030	/mnt/h/AETHIEAOPSYS/CLOUD_CLONE/DATA/MEMORY/ANCHORS/2026-05-07T03-49-46Z_cloud_clone_sync.json
2026-05-06T23:49:54.0000000000Z	1030	/mnt/h/AETHIEAOPSYS/DATA/MEMORY/ANCHORS/2026-05-07T03-49-46Z_cloud_clone_sync.json
2026-05-06T23:55:30.0000000000Z	1030	/mnt/h/AETHIEAOPSYS/CLOUD_CLONE/DATA/MEMORY/ANCHORS/2026-05-07T03-55-22Z_cloud_clone_sync.json
2026-05-06T23:55:30.0000000000Z	1030	/mnt/h/AETHIEAOPSYS/DATA/MEMORY/ANCHORS/2026-05-07T03-55-22Z_cloud_clone_sync.json
2026-05-07T00:01:08.0000000000Z	1030	/mnt/h/AETHIEAOPSYS/CLOUD_CLONE/DATA/MEMORY/ANCHORS/2026-05-07T04-01-01Z_cloud_clone_sync.json
2026-05-07T00:01:08.0000000000Z	1030	/mnt/h/AETHIEAOPSYS/DATA/MEMORY/ANCHORS/2026-05-07T04-01-01Z_cloud_clone_sync.json
2026-05-07T00:06:46.0000000000Z	1030	/mnt/h/AETHIEAOPSYS/CLOUD_CLONE/DATA/MEMORY/ANCHORS/2026-05-07T04-06-37Z_cloud_clone_sync.json
2026-05-07T00:06:46.0000000000Z	1030	/mnt/h/AETHIEAOPSYS/DATA/MEMORY/ANCHORS/2026-05-07T04-06-37Z_cloud_clone_sync.json
2026-05-07T00:12:24.0000000000Z	1030	/mnt/h/AETHIEAOPSYS/CLOUD_CLONE/DATA/MEMORY/ANCHORS/2026-05-07T04-12-14Z_cloud_clone_sync.json
2026-05-07T00:12:24.0000000000Z	1030	/mnt/h/AETHIEAOPSYS/DATA/MEMORY/ANCHORS/2026-05-07T04-12-14Z_cloud_clone_sync.json
2026-05-07T00:18:02.0000000000Z	1030	/mnt/h/AETHIEAOPSYS/CLOUD_CLONE/DATA/MEMORY/ANCHORS/2026-05-07T04-17-53Z_cloud_clone_sync.json
2026-05-07T00:18:02.0000000000Z	1030	/mnt/h/AETHIEAOPSYS/DATA/MEMORY/ANCHORS/2026-05-07T04-17-53Z_cloud_clone_sync.json
2026-05-07T00:23:40.0000000000Z	1030	/mnt/h/AETHIEAOPSYS/CLOUD_CLONE/DATA/MEMORY/ANCHORS/2026-05-07T04-23-32Z_cloud_clone_sync.json
2026-05-07T00:23:40.0000000000Z	1030	/mnt/h/AETHIEAOPSYS/DATA/MEMORY/ANCHORS/2026-05-07T04-23-32Z_cloud_clone_sync.json
2026-05-07T00:29:18.0000000000Z	1030	/mnt/h/AETHIEAOPSYS/CLOUD_CLONE/DATA/MEMORY/ANCHORS/2026-05-07T04-29-09Z_cloud_clone_sync.json
2026-05-07T00:29:18.0000000000Z	1030	/mnt/h/AETHIEAOPSYS/DATA/MEMORY/ANCHORS/2026-05-07T04-29-09Z_cloud_clone_sync.json
2026-05-07T00:34:54.0000000000Z	1030	/mnt/h/AETHIEAOPSYS/CLOUD_CLONE/DATA/MEMORY/ANCHORS/2026-05-07T04-34-45Z_cloud_clone_sync.json
2026-05-07T00:34:54.0000000000Z	1030	/mnt/h/AETHIEAOPSYS/DATA/MEMORY/ANCHORS/2026-05-07T04-34-45Z_cloud_clone_sync.json
2026-05-07T00:40:32.0000000000Z	1030	/mnt/h/AETHIEAOPSYS/CLOUD_CLONE/DATA/MEMORY/ANCHORS/2026-05-07T04-40-24Z_cloud_clone_sync.json
2026-05-07T00:40:32.0000000000Z	1030	/mnt/h/AETHIEAOPSYS/DATA/MEMORY/ANCHORS/2026-05-07T04-40-24Z_cloud_clone_sync.json
2026-05-07T00:46:10.0000000000Z	1030	/mnt/h/AETHIEAOPSYS/CLOUD_CLONE/DATA/MEMORY/ANCHORS/2026-05-07T04-46-03Z_cloud_clone_sync.json
2026-05-07T00:46:10.0000000000Z	1030	/mnt/h/AETHIEAOPSYS/DATA/MEMORY/ANCHORS/2026-05-07T04-46-03Z_cloud_clone_sync.json
2026-05-07T00:51:48.0000000000Z	1030	/mnt/h/AETHIEAOPSYS/CLOUD_CLONE/DATA/MEMORY/ANCHORS/2026-05-07T04-51-39Z_cloud_clone_sync.json
2026-05-07T00:51:48.0000000000Z	1030	/mnt/h/AETHIEAOPSYS/DATA/MEMORY/ANCHORS/2026-05-07T04-51-39Z_cloud_clone_sync.json
2026-05-07T00:57:28.0000000000Z	1030	/mnt/h/AETHIEAOPSYS/CLOUD_CLONE/DATA/MEMORY/ANCHORS/2026-05-07T04-57-19Z_cloud_clone_sync.json
2026-05-07T00:57:28.0000000000Z	1030	/mnt/h/AETHIEAOPSYS/DATA/MEMORY/ANCHORS/2026-05-07T04-57-19Z_cloud_clone_sync.json
2026-05-07T01:03:06.0000000000Z	1030	/mnt/h/AETHIEAOPSYS/CLOUD_CLONE/DATA/MEMORY/ANCHORS/2026-05-07T05-02-55Z_cloud_clone_sync.json
2026-05-07T01:03:06.0000000000Z	1030	/mnt/h/AETHIEAOPSYS/DATA/MEMORY/ANCHORS/2026-05-07T05-02-55Z_cloud_clone_sync.json
2026-05-07T01:08:42.0000000000Z	1030	/mnt/h/AETHIEAOPSYS/CLOUD_CLONE/DATA/MEMORY/ANCHORS/2026-05-07T05-08-34Z_cloud_clone_sync.json
2026-05-07T01:08:42.0000000000Z	1030	/mnt/h/AETHIEAOPSYS/DATA/MEMORY/ANCHORS/2026-05-07T05-08-34Z_cloud_clone_sync.json
2026-05-07T01:14:20.0000000000Z	1030	/mnt/h/AETHIEAOPSYS/CLOUD_CLONE/DATA/MEMORY/ANCHORS/2026-05-07T05-14-12Z_cloud_clone_sync.json
2026-05-07T01:14:20.0000000000Z	1030	/mnt/h/AETHIEAOPSYS/DATA/MEMORY/ANCHORS/2026-05-07T05-14-12Z_cloud_clone_sync.json
2026-05-07T01:19:58.0000000000Z	1030	/mnt/h/AETHIEAOPSYS/CLOUD_CLONE/DATA/MEMORY/ANCHORS/2026-05-07T05-19-48Z_cloud_clone_sync.json
2026-05-07T01:19:58.0000000000Z	1030	/mnt/h/AETHIEAOPSYS/DATA/MEMORY/ANCHORS/2026-05-07T05-19-48Z_cloud_clone_sync.json
2026-05-07T01:25:36.0000000000Z	1030	/mnt/h/AETHIEAOPSYS/CLOUD_CLONE/DATA/MEMORY/ANCHORS/2026-05-07T05-25-28Z_cloud_clone_sync.json
2026-05-07T01:25:36.0000000000Z	1030	/mnt/h/AETHIEAOPSYS/DATA/MEMORY/ANCHORS/2026-05-07T05-25-28Z_cloud_clone_sync.json
2026-05-07T01:31:14.0000000000Z	1030	/mnt/h/AETHIEAOPSYS/CLOUD_CLONE/DATA/MEMORY/ANCHORS/2026-05-07T05-31-04Z_cloud_clone_sync.json
2026-05-07T01:31:14.0000000000Z	1030	/mnt/h/AETHIEAOPSYS/DATA/MEMORY/ANCHORS/2026-05-07T05-31-04Z_cloud_clone_sync.json
2026-05-07T01:36:50.0000000000Z	1030	/mnt/h/AETHIEAOPSYS/CLOUD_CLONE/DATA/MEMORY/ANCHORS/2026-05-07T05-36-42Z_cloud_clone_sync.json
2026-05-07T01:36:50.0000000000Z	1030	/mnt/h/AETHIEAOPSYS/DATA/MEMORY/ANCHORS/2026-05-07T05-36-42Z_cloud_clone_sync.json
2026-05-07T01:42:28.0000000000Z	1030	/mnt/h/AETHIEAOPSYS/CLOUD_CLONE/DATA/MEMORY/ANCHORS/2026-05-07T05-42-21Z_cloud_clone_sync.json
2026-05-07T01:42:28.0000000000Z	1030	/mnt/h/AETHIEAOPSYS/DATA/MEMORY/ANCHORS/2026-05-07T05-42-21Z_cloud_clone_sync.json
2026-05-07T01:48:06.0000000000Z	1030	/mnt/h/AETHIEAOPSYS/CLOUD_CLONE/DATA/MEMORY/ANCHORS/2026-05-07T05-47-57Z_cloud_clone_sync.json
2026-05-07T01:48:06.0000000000Z	1030	/mnt/h/AETHIEAOPSYS/DATA/MEMORY/ANCHORS/2026-05-07T05-47-57Z_cloud_clone_sync.json
2026-05-07T01:53:44.0000000000Z	1030	/mnt/h/AETHIEAOPSYS/CLOUD_CLONE/DATA/MEMORY/ANCHORS/2026-05-07T05-53-37Z_cloud_clone_sync.json
2026-05-07T01:53:44.0000000000Z	1030	/mnt/h/AETHIEAOPSYS/DATA/MEMORY/ANCHORS/2026-05-07T05-53-37Z_cloud_clone_sync.json
2026-05-07T01:59:24.0000000000Z	1030	/mnt/h/AETHIEAOPSYS/CLOUD_CLONE/DATA/MEMORY/ANCHORS/2026-05-07T05-59-13Z_cloud_clone_sync.json
2026-05-07T01:59:24.0000000000Z	1030	/mnt/h/AETHIEAOPSYS/DATA/MEMORY/ANCHORS/2026-05-07T05-59-13Z_cloud_clone_sync.json
2026-05-07T02:05:02.0000000000Z	1030	/mnt/h/AETHIEAOPSYS/CLOUD_CLONE/DATA/MEMORY/ANCHORS/2026-05-07T06-04-52Z_cloud_clone_sync.json
2026-05-07T02:05:02.0000000000Z	1030	/mnt/h/AETHIEAOPSYS/DATA/MEMORY/ANCHORS/2026-05-07T06-04-52Z_cloud_clone_sync.json
2026-05-07T02:10:40.0000000000Z	1030	/mnt/h/AETHIEAOPSYS/CLOUD_CLONE/DATA/MEMORY/ANCHORS/2026-05-07T06-10-32Z_cloud_clone_sync.json
2026-05-07T02:10:40.0000000000Z	1030	/mnt/h/AETHIEAOPSYS/DATA/MEMORY/ANCHORS/2026-05-07T06-10-32Z_cloud_clone_sync.json
2026-05-07T02:16:16.0000000000Z	1030	/mnt/h/AETHIEAOPSYS/CLOUD_CLONE/DATA/MEMORY/ANCHORS/2026-05-07T06-16-08Z_cloud_clone_sync.json
2026-05-07T02:16:16.0000000000Z	1030	/mnt/h/AETHIEAOPSYS/DATA/MEMORY/ANCHORS/2026-05-07T06-16-08Z_cloud_clone_sync.json
2026-05-07T02:21:54.0000000000Z	1030	/mnt/h/AETHIEAOPSYS/CLOUD_CLONE/DATA/MEMORY/ANCHORS/2026-05-07T06-21-46Z_cloud_clone_sync.json
2026-05-07T02:21:54.0000000000Z	1030	/mnt/h/AETHIEAOPSYS/DATA/MEMORY/ANCHORS/2026-05-07T06-21-46Z_cloud_clone_sync.json
2026-05-07T02:27:34.0000000000Z	1030	/mnt/h/AETHIEAOPSYS/CLOUD_CLONE/DATA/MEMORY/ANCHORS/2026-05-07T06-27-27Z_cloud_clone_sync.json
2026-05-07T02:27:34.0000000000Z	1030	/mnt/h/AETHIEAOPSYS/DATA/MEMORY/ANCHORS/2026-05-07T06-27-27Z_cloud_clone_sync.json
2026-05-07T02:33:12.0000000000Z	1030	/mnt/h/AETHIEAOPSYS/CLOUD_CLONE/DATA/MEMORY/ANCHORS/2026-05-07T06-33-03Z_cloud_clone_sync.json
2026-05-07T02:33:12.0000000000Z	1030	/mnt/h/AETHIEAOPSYS/DATA/MEMORY/ANCHORS/2026-05-07T06-33-03Z_cloud_clone_sync.json
2026-05-07T02:38:50.0000000000Z	1030	/mnt/h/AETHIEAOPSYS/CLOUD_CLONE/DATA/MEMORY/ANCHORS/2026-05-07T06-38-43Z_cloud_clone_sync.json
2026-05-07T02:38:50.0000000000Z	1030	/mnt/h/AETHIEAOPSYS/DATA/MEMORY/ANCHORS/2026-05-07T06-38-43Z_cloud_clone_sync.json
2026-05-07T02:44:28.0000000000Z	1030	/mnt/h/AETHIEAOPSYS/DATA/MEMORY/ANCHORS/2026-05-07T06-44-19Z_cloud_clone_sync.json
2026-05-07T02:44:30.0000000000Z	1030	/mnt/h/AETHIEAOPSYS/CLOUD_CLONE/DATA/MEMORY/ANCHORS/2026-05-07T06-44-19Z_cloud_clone_sync.json
2026-05-07T02:50:08.0000000000Z	1030	/mnt/h/AETHIEAOPSYS/CLOUD_CLONE/DATA/MEMORY/ANCHORS/2026-05-07T06-49-58Z_cloud_clone_sync.json
2026-05-07T02:50:08.0000000000Z	1030	/mnt/h/AETHIEAOPSYS/DATA/MEMORY/ANCHORS/2026-05-07T06-49-58Z_cloud_clone_sync.json
2026-05-07T02:55:46.0000000000Z	1030	/mnt/h/AETHIEAOPSYS/CLOUD_CLONE/DATA/MEMORY/ANCHORS/2026-05-07T06-55-38Z_cloud_clone_sync.json
2026-05-07T02:55:46.0000000000Z	1030	/mnt/h/AETHIEAOPSYS/DATA/MEMORY/ANCHORS/2026-05-07T06-55-38Z_cloud_clone_sync.json
2026-05-07T03:01:24.0000000000Z	1030	/mnt/h/AETHIEAOPSYS/CLOUD_CLONE/DATA/MEMORY/ANCHORS/2026-05-07T07-01-14Z_cloud_clone_sync.json
2026-05-07T03:01:24.0000000000Z	1030	/mnt/h/AETHIEAOPSYS/DATA/MEMORY/ANCHORS/2026-05-07T07-01-14Z_cloud_clone_sync.json
2026-05-07T03:07:02.0000000000Z	1030	/mnt/h/AETHIEAOPSYS/CLOUD_CLONE/DATA/MEMORY/ANCHORS/2026-05-07T07-06-54Z_cloud_clone_sync.json
2026-05-07T03:07:02.0000000000Z	1030	/mnt/h/AETHIEAOPSYS/DATA/MEMORY/ANCHORS/2026-05-07T07-06-54Z_cloud_clone_sync.json
2026-05-07T03:12:40.0000000000Z	1030	/mnt/h/AETHIEAOPSYS/CLOUD_CLONE/DATA/MEMORY/ANCHORS/2026-05-07T07-12-30Z_cloud_clone_sync.json
2026-05-07T03:12:40.0000000000Z	1030	/mnt/h/AETHIEAOPSYS/DATA/MEMORY/ANCHORS/2026-05-07T07-12-30Z_cloud_clone_sync.json
2026-05-07T03:18:20.0000000000Z	1030	/mnt/h/AETHIEAOPSYS/CLOUD_CLONE/DATA/MEMORY/ANCHORS/2026-05-07T07-18-11Z_cloud_clone_sync.json
2026-05-07T03:18:20.0000000000Z	1030	/mnt/h/AETHIEAOPSYS/DATA/MEMORY/ANCHORS/2026-05-07T07-18-11Z_cloud_clone_sync.json
2026-05-07T03:23:58.0000000000Z	1030	/mnt/h/AETHIEAOPSYS/CLOUD_CLONE/DATA/MEMORY/ANCHORS/2026-05-07T07-23-48Z_cloud_clone_sync.json
2026-05-07T03:23:58.0000000000Z	1030	/mnt/h/AETHIEAOPSYS/DATA/MEMORY/ANCHORS/2026-05-07T07-23-48Z_cloud_clone_sync.json
2026-05-07T03:29:36.0000000000Z	1030	/mnt/h/AETHIEAOPSYS/CLOUD_CLONE/DATA/MEMORY/ANCHORS/2026-05-07T07-29-27Z_cloud_clone_sync.json
2026-05-07T03:29:36.0000000000Z	1030	/mnt/h/AETHIEAOPSYS/DATA/MEMORY/ANCHORS/2026-05-07T07-29-27Z_cloud_clone_sync.json
2026-05-07T04:44:18.0000000000Z	1030	/mnt/h/AETHIEAOPSYS/CLOUD_CLONE/DATA/MEMORY/ANCHORS/2026-05-07T08-44-11Z_cloud_clone_sync.json
2026-05-07T04:44:18.0000000000Z	1030	/mnt/h/AETHIEAOPSYS/DATA/MEMORY/ANCHORS/2026-05-07T08-44-11Z_cloud_clone_sync.json
2026-05-07T04:49:52.0000000000Z	1030	/mnt/h/AETHIEAOPSYS/CLOUD_CLONE/DATA/MEMORY/ANCHORS/2026-05-07T08-49-40Z_cloud_clone_sync.json
2026-05-07T04:49:52.0000000000Z	1030	/mnt/h/AETHIEAOPSYS/DATA/MEMORY/ANCHORS/2026-05-07T08-49-40Z_cloud_clone_sync.json
2026-05-07T04:55:32.0000000000Z	1030	/mnt/h/AETHIEAOPSYS/CLOUD_CLONE/DATA/MEMORY/ANCHORS/2026-05-07T08-55-22Z_cloud_clone_sync.json
2026-05-07T04:55:32.0000000000Z	1030	/mnt/h/AETHIEAOPSYS/DATA/MEMORY/ANCHORS/2026-05-07T08-55-22Z_cloud_clone_sync.json
2026-05-07T05:01:12.0000000000Z	1030	/mnt/h/AETHIEAOPSYS/CLOUD_CLONE/DATA/MEMORY/ANCHORS/2026-05-07T09-01-03Z_cloud_clone_sync.json
2026-05-07T05:01:12.0000000000Z	1030	/mnt/h/AETHIEAOPSYS/DATA/MEMORY/ANCHORS/2026-05-07T09-01-03Z_cloud_clone_sync.json
2026-05-07T05:06:52.0000000000Z	1030	/mnt/h/AETHIEAOPSYS/CLOUD_CLONE/DATA/MEMORY/ANCHORS/2026-05-07T09-06-44Z_cloud_clone_sync.json
2026-05-07T05:06:52.0000000000Z	1030	/mnt/h/AETHIEAOPSYS/DATA/MEMORY/ANCHORS/2026-05-07T09-06-44Z_cloud_clone_sync.json
2026-05-07T05:12:32.0000000000Z	1030	/mnt/h/AETHIEAOPSYS/CLOUD_CLONE/DATA/MEMORY/ANCHORS/2026-05-07T09-12-22Z_cloud_clone_sync.json
2026-05-07T05:12:32.0000000000Z	1030	/mnt/h/AETHIEAOPSYS/DATA/MEMORY/ANCHORS/2026-05-07T09-12-22Z_cloud_clone_sync.json
2026-05-07T05:18:12.0000000000Z	1030	/mnt/h/AETHIEAOPSYS/CLOUD_CLONE/DATA/MEMORY/ANCHORS/2026-05-07T09-18-04Z_cloud_clone_sync.json
2026-05-07T05:18:12.0000000000Z	1030	/mnt/h/AETHIEAOPSYS/DATA/MEMORY/ANCHORS/2026-05-07T09-18-04Z_cloud_clone_sync.json
2026-05-07T05:23:52.0000000000Z	1030	/mnt/h/AETHIEAOPSYS/CLOUD_CLONE/DATA/MEMORY/ANCHORS/2026-05-07T09-23-41Z_cloud_clone_sync.json
2026-05-07T05:23:52.0000000000Z	1030	/mnt/h/AETHIEAOPSYS/DATA/MEMORY/ANCHORS/2026-05-07T09-23-41Z_cloud_clone_sync.json
2026-05-07T05:29:32.0000000000Z	1030	/mnt/h/AETHIEAOPSYS/CLOUD_CLONE/DATA/MEMORY/ANCHORS/2026-05-07T09-29-22Z_cloud_clone_sync.json
2026-05-07T05:29:32.0000000000Z	1030	/mnt/h/AETHIEAOPSYS/DATA/MEMORY/ANCHORS/2026-05-07T09-29-22Z_cloud_clone_sync.json
2026-05-07T05:35:12.0000000000Z	1030	/mnt/h/AETHIEAOPSYS/CLOUD_CLONE/DATA/MEMORY/ANCHORS/2026-05-07T09-35-03Z_cloud_clone_sync.json
2026-05-07T05:35:12.0000000000Z	1030	/mnt/h/AETHIEAOPSYS/DATA/MEMORY/ANCHORS/2026-05-07T09-35-03Z_cloud_clone_sync.json
2026-05-07T05:40:52.0000000000Z	1030	/mnt/h/AETHIEAOPSYS/CLOUD_CLONE/DATA/MEMORY/ANCHORS/2026-05-07T09-40-41Z_cloud_clone_sync.json
2026-05-07T05:40:52.0000000000Z	1030	/mnt/h/AETHIEAOPSYS/DATA/MEMORY/ANCHORS/2026-05-07T09-40-41Z_cloud_clone_sync.json
2026-05-07T05:46:30.0000000000Z	1030	/mnt/h/AETHIEAOPSYS/CLOUD_CLONE/DATA/MEMORY/ANCHORS/2026-05-07T09-46-22Z_cloud_clone_sync.json
2026-05-07T05:46:30.0000000000Z	1030	/mnt/h/AETHIEAOPSYS/DATA/MEMORY/ANCHORS/2026-05-07T09-46-22Z_cloud_clone_sync.json
2026-05-07T05:52:08.0000000000Z	1030	/mnt/h/AETHIEAOPSYS/CLOUD_CLONE/DATA/MEMORY/ANCHORS/2026-05-07T09-52-01Z_cloud_clone_sync.json
2026-05-07T05:52:08.0000000000Z	1030	/mnt/h/AETHIEAOPSYS/DATA/MEMORY/ANCHORS/2026-05-07T09-52-01Z_cloud_clone_sync.json
2026-05-07T05:57:46.0000000000Z	1030	/mnt/h/AETHIEAOPSYS/CLOUD_CLONE/DATA/MEMORY/ANCHORS/2026-05-07T09-57-38Z_cloud_clone_sync.json
2026-05-07T05:57:46.0000000000Z	1030	/mnt/h/AETHIEAOPSYS/DATA/MEMORY/ANCHORS/2026-05-07T09-57-38Z_cloud_clone_sync.json
2026-05-07T06:03:24.0000000000Z	1030	/mnt/h/AETHIEAOPSYS/CLOUD_CLONE/DATA/MEMORY/ANCHORS/2026-05-07T10-03-17Z_cloud_clone_sync.json
2026-05-07T06:03:24.0000000000Z	1030	/mnt/h/AETHIEAOPSYS/DATA/MEMORY/ANCHORS/2026-05-07T10-03-17Z_cloud_clone_sync.json
2026-05-07T06:09:02.0000000000Z	1030	/mnt/h/AETHIEAOPSYS/CLOUD_CLONE/DATA/MEMORY/ANCHORS/2026-05-07T10-08-55Z_cloud_clone_sync.json
2026-05-07T06:09:02.0000000000Z	1030	/mnt/h/AETHIEAOPSYS/DATA/MEMORY/ANCHORS/2026-05-07T10-08-55Z_cloud_clone_sync.json
2026-05-07T06:14:40.0000000000Z	1030	/mnt/h/AETHIEAOPSYS/CLOUD_CLONE/DATA/MEMORY/ANCHORS/2026-05-07T10-14-34Z_cloud_clone_sync.json
2026-05-07T06:14:40.0000000000Z	1030	/mnt/h/AETHIEAOPSYS/DATA/MEMORY/ANCHORS/2026-05-07T10-14-34Z_cloud_clone_sync.json
2026-05-07T06:20:18.0000000000Z	1030	/mnt/h/AETHIEAOPSYS/CLOUD_CLONE/DATA/MEMORY/ANCHORS/2026-05-07T10-20-10Z_cloud_clone_sync.json
2026-05-07T06:20:18.0000000000Z	1030	/mnt/h/AETHIEAOPSYS/DATA/MEMORY/ANCHORS/2026-05-07T10-20-10Z_cloud_clone_sync.json
2026-05-07T06:25:56.0000000000Z	1030	/mnt/h/AETHIEAOPSYS/CLOUD_CLONE/DATA/MEMORY/ANCHORS/2026-05-07T10-25-49Z_cloud_clone_sync.json
2026-05-07T06:25:56.0000000000Z	1030	/mnt/h/AETHIEAOPSYS/DATA/MEMORY/ANCHORS/2026-05-07T10-25-49Z_cloud_clone_sync.json
2026-05-07T06:31:36.0000000000Z	1030	/mnt/h/AETHIEAOPSYS/CLOUD_CLONE/DATA/MEMORY/ANCHORS/2026-05-07T10-31-29Z_cloud_clone_sync.json
2026-05-07T06:31:36.0000000000Z	1030	/mnt/h/AETHIEAOPSYS/DATA/MEMORY/ANCHORS/2026-05-07T10-31-29Z_cloud_clone_sync.json
2026-05-07T06:37:14.0000000000Z	1030	/mnt/h/AETHIEAOPSYS/CLOUD_CLONE/DATA/MEMORY/ANCHORS/2026-05-07T10-37-05Z_cloud_clone_sync.json
2026-05-07T06:37:14.0000000000Z	1030	/mnt/h/AETHIEAOPSYS/DATA/MEMORY/ANCHORS/2026-05-07T10-37-05Z_cloud_clone_sync.json
2026-05-07T06:42:50.0000000000Z	1030	/mnt/h/AETHIEAOPSYS/CLOUD_CLONE/DATA/MEMORY/ANCHORS/2026-05-07T10-42-45Z_cloud_clone_sync.json
2026-05-07T06:42:50.0000000000Z	1030	/mnt/h/AETHIEAOPSYS/DATA/MEMORY/ANCHORS/2026-05-07T10-42-45Z_cloud_clone_sync.json
2026-05-07T06:48:28.0000000000Z	1030	/mnt/h/AETHIEAOPSYS/CLOUD_CLONE/DATA/MEMORY/ANCHORS/2026-05-07T10-48-22Z_cloud_clone_sync.json
2026-05-07T06:48:28.0000000000Z	1030	/mnt/h/AETHIEAOPSYS/DATA/MEMORY/ANCHORS/2026-05-07T10-48-22Z_cloud_clone_sync.json
2026-05-07T06:54:06.0000000000Z	1030	/mnt/h/AETHIEAOPSYS/CLOUD_CLONE/DATA/MEMORY/ANCHORS/2026-05-07T10-53-57Z_cloud_clone_sync.json
2026-05-07T06:54:06.0000000000Z	1030	/mnt/h/AETHIEAOPSYS/DATA/MEMORY/ANCHORS/2026-05-07T10-53-57Z_cloud_clone_sync.json
2026-05-07T06:59:44.0000000000Z	1030	/mnt/h/AETHIEAOPSYS/CLOUD_CLONE/DATA/MEMORY/ANCHORS/2026-05-07T10-59-36Z_cloud_clone_sync.json
2026-05-07T06:59:44.0000000000Z	1030	/mnt/h/AETHIEAOPSYS/DATA/MEMORY/ANCHORS/2026-05-07T10-59-36Z_cloud_clone_sync.json
2026-05-07T07:05:22.0000000000Z	1030	/mnt/h/AETHIEAOPSYS/CLOUD_CLONE/DATA/MEMORY/ANCHORS/2026-05-07T11-05-16Z_cloud_clone_sync.json
2026-05-07T07:05:22.0000000000Z	1030	/mnt/h/AETHIEAOPSYS/DATA/MEMORY/ANCHORS/2026-05-07T11-05-16Z_cloud_clone_sync.json
2026-05-07T07:11:00.0000000000Z	1030	/mnt/h/AETHIEAOPSYS/CLOUD_CLONE/DATA/MEMORY/ANCHORS/2026-05-07T11-10-52Z_cloud_clone_sync.json
2026-05-07T07:11:00.0000000000Z	1030	/mnt/h/AETHIEAOPSYS/DATA/MEMORY/ANCHORS/2026-05-07T11-10-52Z_cloud_clone_sync.json
2026-05-07T07:16:40.0000000000Z	1030	/mnt/h/AETHIEAOPSYS/CLOUD_CLONE/DATA/MEMORY/ANCHORS/2026-05-07T11-16-31Z_cloud_clone_sync.json
2026-05-07T07:16:40.0000000000Z	1030	/mnt/h/AETHIEAOPSYS/DATA/MEMORY/ANCHORS/2026-05-07T11-16-31Z_cloud_clone_sync.json
2026-05-07T07:22:18.0000000000Z	1030	/mnt/h/AETHIEAOPSYS/CLOUD_CLONE/DATA/MEMORY/ANCHORS/2026-05-07T11-22-11Z_cloud_clone_sync.json
2026-05-07T07:22:18.0000000000Z	1030	/mnt/h/AETHIEAOPSYS/DATA/MEMORY/ANCHORS/2026-05-07T11-22-11Z_cloud_clone_sync.json
2026-05-07T07:27:56.0000000000Z	1030	/mnt/h/AETHIEAOPSYS/CLOUD_CLONE/DATA/MEMORY/ANCHORS/2026-05-07T11-27-48Z_cloud_clone_sync.json
2026-05-07T07:27:56.0000000000Z	1030	/mnt/h/AETHIEAOPSYS/DATA/MEMORY/ANCHORS/2026-05-07T11-27-48Z_cloud_clone_sync.json
2026-05-07T07:33:34.0000000000Z	1030	/mnt/h/AETHIEAOPSYS/CLOUD_CLONE/DATA/MEMORY/ANCHORS/2026-05-07T11-33-25Z_cloud_clone_sync.json
2026-05-07T07:33:34.0000000000Z	1030	/mnt/h/AETHIEAOPSYS/DATA/MEMORY/ANCHORS/2026-05-07T11-33-25Z_cloud_clone_sync.json
2026-05-07T07:39:12.0000000000Z	1030	/mnt/h/AETHIEAOPSYS/CLOUD_CLONE/DATA/MEMORY/ANCHORS/2026-05-07T11-39-05Z_cloud_clone_sync.json
2026-05-07T07:39:12.0000000000Z	1030	/mnt/h/AETHIEAOPSYS/DATA/MEMORY/ANCHORS/2026-05-07T11-39-05Z_cloud_clone_sync.json
2026-05-07T07:44:42.0000000000Z	1030	/mnt/h/AETHIEAOPSYS/CLOUD_CLONE/DATA/MEMORY/ANCHORS/2026-05-07T11-44-34Z_cloud_clone_sync.json
2026-05-07T07:44:42.0000000000Z	1030	/mnt/h/AETHIEAOPSYS/DATA/MEMORY/ANCHORS/2026-05-07T11-44-34Z_cloud_clone_sync.json
2026-05-07T07:50:02.0000000000Z	1030	/mnt/h/AETHIEAOPSYS/CLOUD_CLONE/DATA/MEMORY/ANCHORS/2026-05-07T11-49-51Z_cloud_clone_sync.json
2026-05-07T07:50:02.0000000000Z	1030	/mnt/h/AETHIEAOPSYS/DATA/MEMORY/ANCHORS/2026-05-07T11-49-51Z_cloud_clone_sync.json
2026-05-07T07:55:12.0000000000Z	1030	/mnt/h/AETHIEAOPSYS/CLOUD_CLONE/DATA/MEMORY/ANCHORS/2026-05-07T11-55-01Z_cloud_clone_sync.json
2026-05-07T07:55:12.0000000000Z	1030	/mnt/h/AETHIEAOPSYS/DATA/MEMORY/ANCHORS/2026-05-07T11-55-01Z_cloud_clone_sync.json
2026-05-07T08:00:22.0000000000Z	1030	/mnt/h/AETHIEAOPSYS/CLOUD_CLONE/DATA/MEMORY/ANCHORS/2026-05-07T12-00-11Z_cloud_clone_sync.json
2026-05-07T08:00:22.0000000000Z	1030	/mnt/h/AETHIEAOPSYS/DATA/MEMORY/ANCHORS/2026-05-07T12-00-11Z_cloud_clone_sync.json
2026-05-07T08:05:32.0000000000Z	1030	/mnt/h/AETHIEAOPSYS/CLOUD_CLONE/DATA/MEMORY/ANCHORS/2026-05-07T12-05-21Z_cloud_clone_sync.json
2026-05-07T08:05:32.0000000000Z	1030	/mnt/h/AETHIEAOPSYS/DATA/MEMORY/ANCHORS/2026-05-07T12-05-21Z_cloud_clone_sync.json
2026-05-07T08:10:42.0000000000Z	1030	/mnt/h/AETHIEAOPSYS/CLOUD_CLONE/DATA/MEMORY/ANCHORS/2026-05-07T12-10-31Z_cloud_clone_sync.json
2026-05-07T08:10:42.0000000000Z	1030	/mnt/h/AETHIEAOPSYS/DATA/MEMORY/ANCHORS/2026-05-07T12-10-31Z_cloud_clone_sync.json
2026-05-07T08:15:54.0000000000Z	1030	/mnt/h/AETHIEAOPSYS/CLOUD_CLONE/DATA/MEMORY/ANCHORS/2026-05-07T12-15-42Z_cloud_clone_sync.json
2026-05-07T08:15:54.0000000000Z	1030	/mnt/h/AETHIEAOPSYS/DATA/MEMORY/ANCHORS/2026-05-07T12-15-42Z_cloud_clone_sync.json
2026-05-07T08:21:04.0000000000Z	1030	/mnt/h/AETHIEAOPSYS/CLOUD_CLONE/DATA/MEMORY/ANCHORS/2026-05-07T12-20-52Z_cloud_clone_sync.json
2026-05-07T08:21:04.0000000000Z	1030	/mnt/h/AETHIEAOPSYS/DATA/MEMORY/ANCHORS/2026-05-07T12-20-52Z_cloud_clone_sync.json
2026-05-07T08:26:14.0000000000Z	1030	/mnt/h/AETHIEAOPSYS/CLOUD_CLONE/DATA/MEMORY/ANCHORS/2026-05-07T12-26-02Z_cloud_clone_sync.json
2026-05-07T08:26:14.0000000000Z	1030	/mnt/h/AETHIEAOPSYS/DATA/MEMORY/ANCHORS/2026-05-07T12-26-02Z_cloud_clone_sync.json
2026-05-07T08:31:24.0000000000Z	1030	/mnt/h/AETHIEAOPSYS/CLOUD_CLONE/DATA/MEMORY/ANCHORS/2026-05-07T12-31-12Z_cloud_clone_sync.json
2026-05-07T08:31:24.0000000000Z	1030	/mnt/h/AETHIEAOPSYS/DATA/MEMORY/ANCHORS/2026-05-07T12-31-12Z_cloud_clone_sync.json
2026-05-07T08:36:34.0000000000Z	1030	/mnt/h/AETHIEAOPSYS/CLOUD_CLONE/DATA/MEMORY/ANCHORS/2026-05-07T12-36-22Z_cloud_clone_sync.json
2026-05-07T08:36:34.0000000000Z	1030	/mnt/h/AETHIEAOPSYS/DATA/MEMORY/ANCHORS/2026-05-07T12-36-22Z_cloud_clone_sync.json
2026-05-07T08:41:44.0000000000Z	1030	/mnt/h/AETHIEAOPSYS/CLOUD_CLONE/DATA/MEMORY/ANCHORS/2026-05-07T12-41-33Z_cloud_clone_sync.json
2026-05-07T08:41:44.0000000000Z	1030	/mnt/h/AETHIEAOPSYS/DATA/MEMORY/ANCHORS/2026-05-07T12-41-33Z_cloud_clone_sync.json
2026-05-07T08:46:54.0000000000Z	1030	/mnt/h/AETHIEAOPSYS/CLOUD_CLONE/DATA/MEMORY/ANCHORS/2026-05-07T12-46-43Z_cloud_clone_sync.json
2026-05-07T08:46:54.0000000000Z	1030	/mnt/h/AETHIEAOPSYS/DATA/MEMORY/ANCHORS/2026-05-07T12-46-43Z_cloud_clone_sync.json
2026-05-07T08:52:04.0000000000Z	1030	/mnt/h/AETHIEAOPSYS/CLOUD_CLONE/DATA/MEMORY/ANCHORS/2026-05-07T12-51-53Z_cloud_clone_sync.json
2026-05-07T08:52:04.0000000000Z	1030	/mnt/h/AETHIEAOPSYS/DATA/MEMORY/ANCHORS/2026-05-07T12-51-53Z_cloud_clone_sync.json
2026-05-07T08:57:16.0000000000Z	1030	/mnt/h/AETHIEAOPSYS/DATA/MEMORY/ANCHORS/2026-05-07T12-57-04Z_cloud_clone_sync.json
2026-05-07T08:57:18.0000000000Z	1030	/mnt/h/AETHIEAOPSYS/CLOUD_CLONE/DATA/MEMORY/ANCHORS/2026-05-07T12-57-04Z_cloud_clone_sync.json
2026-05-07T09:02:28.0000000000Z	1030	/mnt/h/AETHIEAOPSYS/CLOUD_CLONE/DATA/MEMORY/ANCHORS/2026-05-07T13-02-16Z_cloud_clone_sync.json
2026-05-07T09:02:28.0000000000Z	1030	/mnt/h/AETHIEAOPSYS/DATA/MEMORY/ANCHORS/2026-05-07T13-02-16Z_cloud_clone_sync.json
2026-05-07T09:07:38.0000000000Z	1030	/mnt/h/AETHIEAOPSYS/CLOUD_CLONE/DATA/MEMORY/ANCHORS/2026-05-07T13-07-26Z_cloud_clone_sync.json
2026-05-07T09:07:38.0000000000Z	1030	/mnt/h/AETHIEAOPSYS/DATA/MEMORY/ANCHORS/2026-05-07T13-07-26Z_cloud_clone_sync.json
2026-05-07T09:13:10.0000000000Z	1030	/mnt/h/AETHIEAOPSYS/CLOUD_CLONE/DATA/MEMORY/ANCHORS/2026-05-07T13-12-37Z_cloud_clone_sync.json
2026-05-07T09:13:10.0000000000Z	1030	/mnt/h/AETHIEAOPSYS/DATA/MEMORY/ANCHORS/2026-05-07T13-12-37Z_cloud_clone_sync.json
2026-05-07T09:18:26.0000000000Z	1030	/mnt/h/AETHIEAOPSYS/CLOUD_CLONE/DATA/MEMORY/ANCHORS/2026-05-07T13-18-08Z_cloud_clone_sync.json
2026-05-07T09:18:26.0000000000Z	1030	/mnt/h/AETHIEAOPSYS/DATA/MEMORY/ANCHORS/2026-05-07T13-18-08Z_cloud_clone_sync.json
2026-05-07T09:23:36.0000000000Z	1030	/mnt/h/AETHIEAOPSYS/CLOUD_CLONE/DATA/MEMORY/ANCHORS/2026-05-07T13-23-24Z_cloud_clone_sync.json
2026-05-07T09:23:36.0000000000Z	1030	/mnt/h/AETHIEAOPSYS/DATA/MEMORY/ANCHORS/2026-05-07T13-23-24Z_cloud_clone_sync.json
2026-05-07T09:28:46.0000000000Z	1030	/mnt/h/AETHIEAOPSYS/CLOUD_CLONE/DATA/MEMORY/ANCHORS/2026-05-07T13-28-35Z_cloud_clone_sync.json
2026-05-07T09:28:46.0000000000Z	1030	/mnt/h/AETHIEAOPSYS/DATA/MEMORY/ANCHORS/2026-05-07T13-28-35Z_cloud_clone_sync.json
2026-05-07T09:33:54.0000000000Z	1030	/mnt/h/AETHIEAOPSYS/CLOUD_CLONE/DATA/MEMORY/ANCHORS/2026-05-07T13-33-45Z_cloud_clone_sync.json
2026-05-07T09:33:54.0000000000Z	1030	/mnt/h/AETHIEAOPSYS/DATA/MEMORY/ANCHORS/2026-05-07T13-33-45Z_cloud_clone_sync.json
2026-05-07T09:39:04.0000000000Z	1030	/mnt/h/AETHIEAOPSYS/CLOUD_CLONE/DATA/MEMORY/ANCHORS/2026-05-07T13-38-53Z_cloud_clone_sync.json
2026-05-07T09:39:04.0000000000Z	1030	/mnt/h/AETHIEAOPSYS/DATA/MEMORY/ANCHORS/2026-05-07T13-38-53Z_cloud_clone_sync.json
2026-05-07T09:44:12.0000000000Z	1030	/mnt/h/AETHIEAOPSYS/CLOUD_CLONE/DATA/MEMORY/ANCHORS/2026-05-07T13-44-02Z_cloud_clone_sync.json
2026-05-07T09:44:12.0000000000Z	1030	/mnt/h/AETHIEAOPSYS/DATA/MEMORY/ANCHORS/2026-05-07T13-44-02Z_cloud_clone_sync.json
2026-05-07T09:46:24.0000000000Z	11530	/mnt/h/AETHIEAOPSYS/TOOLIO/register_capability_node.py
2026-05-07T09:46:24.0000000000Z	134	/mnt/h/AETHIEAOPSYS/DATA/MEMORY/CAPABILITIES/chatgpt/state.json
2026-05-07T09:46:24.0000000000Z	1785	/mnt/h/AETHIEAOPSYS/DATA/MEMORY/CAPABILITIES/chatgpt/registry.json
2026-05-07T09:46:24.0000000000Z	310	/mnt/h/AETHIEAOPSYS/LAYERS/AENET/CAPABILITIES/chatgpt/policy.json
2026-05-07T09:46:24.0000000000Z	320	/mnt/h/AETHIEAOPSYS/TOOLIO/CAPABILITIES/chatgpt/README.md
2026-05-07T09:46:24.0000000000Z	454	/mnt/h/AETHIEAOPSYS/LAYERS/AENET/CAPABILITIES/chatgpt/route.json
2026-05-07T09:46:24.0000000000Z	974	/mnt/h/AETHIEAOPSYS/DATA/MEMORY/ROUTES/universal_adapter_doctrine.json
2026-05-07T09:46:28.0000000000Z	12426	/mnt/h/AETHIEAOPSYS/DATA/MEMORY/ROUTES/capability_registry.json
2026-05-07T09:46:28.0000000000Z	130	/mnt/h/AETHIEAOPSYS/DATA/MEMORY/CAPABILITIES/n8n/state.json
2026-05-07T09:46:28.0000000000Z	132	/mnt/h/AETHIEAOPSYS/DATA/MEMORY/CAPABILITIES/codex/state.json
2026-05-07T09:46:28.0000000000Z	133	/mnt/h/AETHIEAOPSYS/DATA/MEMORY/CAPABILITIES/ollama/state.json
2026-05-07T09:46:28.0000000000Z	133	/mnt/h/AETHIEAOPSYS/DATA/MEMORY/CAPABILITIES/runway/state.json
2026-05-07T09:46:28.0000000000Z	138	/mnt/h/AETHIEAOPSYS/DATA/MEMORY/CAPABILITIES/huggingface/state.json
2026-05-07T09:46:28.0000000000Z	1697	/mnt/h/AETHIEAOPSYS/DATA/MEMORY/CAPABILITIES/ollama/registry.json
2026-05-07T09:46:28.0000000000Z	1758	/mnt/h/AETHIEAOPSYS/DATA/MEMORY/CAPABILITIES/n8n/registry.json
2026-05-07T09:46:28.0000000000Z	1772	/mnt/h/AETHIEAOPSYS/DATA/MEMORY/CAPABILITIES/codex/registry.json
2026-05-07T09:46:28.0000000000Z	1776	/mnt/h/AETHIEAOPSYS/DATA/MEMORY/CAPABILITIES/huggingface/registry.json
2026-05-07T09:46:28.0000000000Z	1776	/mnt/h/AETHIEAOPSYS/DATA/MEMORY/CAPABILITIES/runway/registry.json
2026-05-07T09:46:28.0000000000Z	286	/mnt/h/AETHIEAOPSYS/LAYERS/AENET/CAPABILITIES/n8n/policy.json
2026-05-07T09:46:28.0000000000Z	288	/mnt/h/AETHIEAOPSYS/LAYERS/AENET/CAPABILITIES/ollama/policy.json
2026-05-07T09:46:28.0000000000Z	293	/mnt/h/AETHIEAOPSYS/LAYERS/AENET/CAPABILITIES/runway/policy.json
2026-05-07T09:46:28.0000000000Z	299	/mnt/h/AETHIEAOPSYS/TOOLIO/CAPABILITIES/ollama/README.md
2026-05-07T09:46:28.0000000000Z	301	/mnt/h/AETHIEAOPSYS/TOOLIO/CAPABILITIES/n8n/README.md
2026-05-07T09:46:28.0000000000Z	302	/mnt/h/AETHIEAOPSYS/LAYERS/AENET/CAPABILITIES/codex/policy.json
2026-05-07T09:46:28.0000000000Z	308	/mnt/h/AETHIEAOPSYS/LAYERS/AENET/CAPABILITIES/huggingface/policy.json
2026-05-07T09:46:28.0000000000Z	314	/mnt/h/AETHIEAOPSYS/TOOLIO/CAPABILITIES/runway/README.md
2026-05-07T09:46:28.0000000000Z	316	/mnt/h/AETHIEAOPSYS/TOOLIO/CAPABILITIES/codex/README.md
2026-05-07T09:46:28.0000000000Z	322	/mnt/h/AETHIEAOPSYS/TOOLIO/CAPABILITIES/huggingface/README.md
2026-05-07T09:46:28.0000000000Z	430	/mnt/h/AETHIEAOPSYS/LAYERS/AENET/CAPABILITIES/n8n/route.json
2026-05-07T09:46:28.0000000000Z	432	/mnt/h/AETHIEAOPSYS/LAYERS/AENET/CAPABILITIES/ollama/route.json
2026-05-07T09:46:28.0000000000Z	437	/mnt/h/AETHIEAOPSYS/LAYERS/AENET/CAPABILITIES/runway/route.json
2026-05-07T09:46:28.0000000000Z	446	/mnt/h/AETHIEAOPSYS/LAYERS/AENET/CAPABILITIES/codex/route.json
2026-05-07T09:46:28.0000000000Z	452	/mnt/h/AETHIEAOPSYS/LAYERS/AENET/CAPABILITIES/huggingface/route.json
2026-05-07T09:46:28.0000000000Z	473	/mnt/h/AETHIEAOPSYS/DATA/MEMORY/ANCHORS/2026-05-07T13-46-22Z_universal_adapter_doctrine.json
2026-05-07T09:49:12.0000000000Z	12426	/mnt/h/AETHIEAOPSYS/CLOUD_CLONE/DATA/MEMORY/ROUTES/capability_registry.json
2026-05-07T09:49:12.0000000000Z	974	/mnt/h/AETHIEAOPSYS/CLOUD_CLONE/DATA/MEMORY/ROUTES/universal_adapter_doctrine.json
2026-05-07T09:49:18.0000000000Z	473	/mnt/h/AETHIEAOPSYS/CLOUD_CLONE/DATA/MEMORY/ANCHORS/2026-05-07T13-46-22Z_universal_adapter_doctrine.json
2026-05-07T09:49:20.0000000000Z	286	/mnt/h/AETHIEAOPSYS/CLOUD_CLONE/LAYERS/AENET/CAPABILITIES/n8n/policy.json
2026-05-07T09:49:20.0000000000Z	288	/mnt/h/AETHIEAOPSYS/CLOUD_CLONE/LAYERS/AENET/CAPABILITIES/ollama/policy.json
2026-05-07T09:49:20.0000000000Z	293	/mnt/h/AETHIEAOPSYS/CLOUD_CLONE/LAYERS/AENET/CAPABILITIES/runway/policy.json
2026-05-07T09:49:20.0000000000Z	302	/mnt/h/AETHIEAOPSYS/CLOUD_CLONE/LAYERS/AENET/CAPABILITIES/codex/policy.json
2026-05-07T09:49:20.0000000000Z	308	/mnt/h/AETHIEAOPSYS/CLOUD_CLONE/LAYERS/AENET/CAPABILITIES/huggingface/policy.json
2026-05-07T09:49:20.0000000000Z	310	/mnt/h/AETHIEAOPSYS/CLOUD_CLONE/LAYERS/AENET/CAPABILITIES/chatgpt/policy.json
2026-05-07T09:49:20.0000000000Z	430	/mnt/h/AETHIEAOPSYS/CLOUD_CLONE/LAYERS/AENET/CAPABILITIES/n8n/route.json
2026-05-07T09:49:20.0000000000Z	432	/mnt/h/AETHIEAOPSYS/CLOUD_CLONE/LAYERS/AENET/CAPABILITIES/ollama/route.json
2026-05-07T09:49:20.0000000000Z	437	/mnt/h/AETHIEAOPSYS/CLOUD_CLONE/LAYERS/AENET/CAPABILITIES/runway/route.json
2026-05-07T09:49:20.0000000000Z	446	/mnt/h/AETHIEAOPSYS/CLOUD_CLONE/LAYERS/AENET/CAPABILITIES/codex/route.json
2026-05-07T09:49:20.0000000000Z	452	/mnt/h/AETHIEAOPSYS/CLOUD_CLONE/LAYERS/AENET/CAPABILITIES/huggingface/route.json
2026-05-07T09:49:20.0000000000Z	454	/mnt/h/AETHIEAOPSYS/CLOUD_CLONE/LAYERS/AENET/CAPABILITIES/chatgpt/route.json
2026-05-07T09:49:24.0000000000Z	11530	/mnt/h/AETHIEAOPSYS/CLOUD_CLONE/TOOLIO/register_capability_node.py
2026-05-07T09:49:24.0000000000Z	2152	/mnt/h/AETHIEAOPSYS/CLOUD_CLONE/DATA/MEMORY/ANCHORS/2026-05-07T13-49-11Z_cloud_clone_sync.json
2026-05-07T09:49:24.0000000000Z	2152	/mnt/h/AETHIEAOPSYS/DATA/MEMORY/ANCHORS/2026-05-07T13-49-11Z_cloud_clone_sync.json
2026-05-07T09:49:24.0000000000Z	299	/mnt/h/AETHIEAOPSYS/CLOUD_CLONE/TOOLIO/CAPABILITIES/ollama/README.md
2026-05-07T09:49:24.0000000000Z	301	/mnt/h/AETHIEAOPSYS/CLOUD_CLONE/TOOLIO/CAPABILITIES/n8n/README.md
2026-05-07T09:49:24.0000000000Z	314	/mnt/h/AETHIEAOPSYS/CLOUD_CLONE/TOOLIO/CAPABILITIES/runway/README.md
2026-05-07T09:49:24.0000000000Z	316	/mnt/h/AETHIEAOPSYS/CLOUD_CLONE/TOOLIO/CAPABILITIES/codex/README.md
2026-05-07T09:49:24.0000000000Z	320	/mnt/h/AETHIEAOPSYS/CLOUD_CLONE/TOOLIO/CAPABILITIES/chatgpt/README.md
2026-05-07T09:49:24.0000000000Z	322	/mnt/h/AETHIEAOPSYS/CLOUD_CLONE/TOOLIO/CAPABILITIES/huggingface/README.md
2026-05-07T09:54:34.0000000000Z	1030	/mnt/h/AETHIEAOPSYS/CLOUD_CLONE/DATA/MEMORY/ANCHORS/2026-05-07T13-54-22Z_cloud_clone_sync.json
2026-05-07T09:54:34.0000000000Z	1030	/mnt/h/AETHIEAOPSYS/DATA/MEMORY/ANCHORS/2026-05-07T13-54-22Z_cloud_clone_sync.json
2026-05-07T09:59:42.0000000000Z	1030	/mnt/h/AETHIEAOPSYS/DATA/MEMORY/ANCHORS/2026-05-07T13-59-32Z_cloud_clone_sync.json
2026-05-07T09:59:44.0000000000Z	1030	/mnt/h/AETHIEAOPSYS/CLOUD_CLONE/DATA/MEMORY/ANCHORS/2026-05-07T13-59-32Z_cloud_clone_sync.json
2026-05-07T10:04:52.0000000000Z	1030	/mnt/h/AETHIEAOPSYS/CLOUD_CLONE/DATA/MEMORY/ANCHORS/2026-05-07T14-04-42Z_cloud_clone_sync.json
2026-05-07T10:04:52.0000000000Z	1030	/mnt/h/AETHIEAOPSYS/DATA/MEMORY/ANCHORS/2026-05-07T14-04-42Z_cloud_clone_sync.json
2026-05-07T10:10:02.0000000000Z	1030	/mnt/h/AETHIEAOPSYS/CLOUD_CLONE/DATA/MEMORY/ANCHORS/2026-05-07T14-09-51Z_cloud_clone_sync.json
2026-05-07T10:10:02.0000000000Z	1030	/mnt/h/AETHIEAOPSYS/DATA/MEMORY/ANCHORS/2026-05-07T14-09-51Z_cloud_clone_sync.json
2026-05-07T10:15:10.0000000000Z	1030	/mnt/h/AETHIEAOPSYS/CLOUD_CLONE/DATA/MEMORY/ANCHORS/2026-05-07T14-15-00Z_cloud_clone_sync.json
2026-05-07T10:15:10.0000000000Z	1030	/mnt/h/AETHIEAOPSYS/DATA/MEMORY/ANCHORS/2026-05-07T14-15-00Z_cloud_clone_sync.json
2026-05-07T10:20:20.0000000000Z	1030	/mnt/h/AETHIEAOPSYS/CLOUD_CLONE/DATA/MEMORY/ANCHORS/2026-05-07T14-20-09Z_cloud_clone_sync.json
2026-05-07T10:20:20.0000000000Z	1030	/mnt/h/AETHIEAOPSYS/DATA/MEMORY/ANCHORS/2026-05-07T14-20-09Z_cloud_clone_sync.json
2026-05-07T10:25:32.0000000000Z	1030	/mnt/h/AETHIEAOPSYS/CLOUD_CLONE/DATA/MEMORY/ANCHORS/2026-05-07T14-25-18Z_cloud_clone_sync.json
2026-05-07T10:25:32.0000000000Z	1030	/mnt/h/AETHIEAOPSYS/DATA/MEMORY/ANCHORS/2026-05-07T14-25-18Z_cloud_clone_sync.json
2026-05-07T10:30:44.0000000000Z	1030	/mnt/h/AETHIEAOPSYS/CLOUD_CLONE/DATA/MEMORY/ANCHORS/2026-05-07T14-30-31Z_cloud_clone_sync.json
2026-05-07T10:30:44.0000000000Z	1030	/mnt/h/AETHIEAOPSYS/DATA/MEMORY/ANCHORS/2026-05-07T14-30-31Z_cloud_clone_sync.json
2026-05-07T10:35:54.0000000000Z	1030	/mnt/h/AETHIEAOPSYS/CLOUD_CLONE/DATA/MEMORY/ANCHORS/2026-05-07T14-35-42Z_cloud_clone_sync.json
2026-05-07T10:35:54.0000000000Z	1030	/mnt/h/AETHIEAOPSYS/DATA/MEMORY/ANCHORS/2026-05-07T14-35-42Z_cloud_clone_sync.json
2026-05-07T10:41:04.0000000000Z	1030	/mnt/h/AETHIEAOPSYS/CLOUD_CLONE/DATA/MEMORY/ANCHORS/2026-05-07T14-40-53Z_cloud_clone_sync.json
2026-05-07T10:41:04.0000000000Z	1030	/mnt/h/AETHIEAOPSYS/DATA/MEMORY/ANCHORS/2026-05-07T14-40-53Z_cloud_clone_sync.json
2026-05-07T10:46:16.0000000000Z	1030	/mnt/h/AETHIEAOPSYS/CLOUD_CLONE/DATA/MEMORY/ANCHORS/2026-05-07T14-46-03Z_cloud_clone_sync.json
2026-05-07T10:46:16.0000000000Z	1030	/mnt/h/AETHIEAOPSYS/DATA/MEMORY/ANCHORS/2026-05-07T14-46-03Z_cloud_clone_sync.json
2026-05-07T10:51:26.0000000000Z	1030	/mnt/h/AETHIEAOPSYS/CLOUD_CLONE/DATA/MEMORY/ANCHORS/2026-05-07T14-51-14Z_cloud_clone_sync.json
2026-05-07T10:51:26.0000000000Z	1030	/mnt/h/AETHIEAOPSYS/DATA/MEMORY/ANCHORS/2026-05-07T14-51-14Z_cloud_clone_sync.json
2026-05-07T10:56:38.0000000000Z	1030	/mnt/h/AETHIEAOPSYS/CLOUD_CLONE/DATA/MEMORY/ANCHORS/2026-05-07T14-56-25Z_cloud_clone_sync.json
2026-05-07T10:56:38.0000000000Z	1030	/mnt/h/AETHIEAOPSYS/DATA/MEMORY/ANCHORS/2026-05-07T14-56-25Z_cloud_clone_sync.json
2026-05-07T11:01:48.0000000000Z	1030	/mnt/h/AETHIEAOPSYS/CLOUD_CLONE/DATA/MEMORY/ANCHORS/2026-05-07T15-01-36Z_cloud_clone_sync.json
2026-05-07T11:01:48.0000000000Z	1030	/mnt/h/AETHIEAOPSYS/DATA/MEMORY/ANCHORS/2026-05-07T15-01-36Z_cloud_clone_sync.json
2026-05-07T11:06:58.0000000000Z	1030	/mnt/h/AETHIEAOPSYS/CLOUD_CLONE/DATA/MEMORY/ANCHORS/2026-05-07T15-06-47Z_cloud_clone_sync.json
2026-05-07T11:06:58.0000000000Z	1030	/mnt/h/AETHIEAOPSYS/DATA/MEMORY/ANCHORS/2026-05-07T15-06-47Z_cloud_clone_sync.json
2026-05-07T11:12:08.0000000000Z	1030	/mnt/h/AETHIEAOPSYS/CLOUD_CLONE/DATA/MEMORY/ANCHORS/2026-05-07T15-11-57Z_cloud_clone_sync.json
2026-05-07T11:12:08.0000000000Z	1030	/mnt/h/AETHIEAOPSYS/DATA/MEMORY/ANCHORS/2026-05-07T15-11-57Z_cloud_clone_sync.json
2026-05-07T11:17:20.0000000000Z	1030	/mnt/h/AETHIEAOPSYS/CLOUD_CLONE/DATA/MEMORY/ANCHORS/2026-05-07T15-17-08Z_cloud_clone_sync.json
2026-05-07T11:17:20.0000000000Z	1030	/mnt/h/AETHIEAOPSYS/DATA/MEMORY/ANCHORS/2026-05-07T15-17-08Z_cloud_clone_sync.json
2026-05-07T11:22:32.0000000000Z	1030	/mnt/h/AETHIEAOPSYS/CLOUD_CLONE/DATA/MEMORY/ANCHORS/2026-05-07T15-22-18Z_cloud_clone_sync.json
2026-05-07T11:22:32.0000000000Z	1030	/mnt/h/AETHIEAOPSYS/DATA/MEMORY/ANCHORS/2026-05-07T15-22-18Z_cloud_clone_sync.json
2026-05-07T11:27:44.0000000000Z	1030	/mnt/h/AETHIEAOPSYS/CLOUD_CLONE/DATA/MEMORY/ANCHORS/2026-05-07T15-27-30Z_cloud_clone_sync.json
2026-05-07T11:27:44.0000000000Z	1030	/mnt/h/AETHIEAOPSYS/DATA/MEMORY/ANCHORS/2026-05-07T15-27-30Z_cloud_clone_sync.json
2026-05-07T11:32:56.0000000000Z	1030	/mnt/h/AETHIEAOPSYS/CLOUD_CLONE/DATA/MEMORY/ANCHORS/2026-05-07T15-32-43Z_cloud_clone_sync.json
2026-05-07T11:32:56.0000000000Z	1030	/mnt/h/AETHIEAOPSYS/DATA/MEMORY/ANCHORS/2026-05-07T15-32-43Z_cloud_clone_sync.json
2026-05-07T11:38:08.0000000000Z	1030	/mnt/h/AETHIEAOPSYS/CLOUD_CLONE/DATA/MEMORY/ANCHORS/2026-05-07T15-37-55Z_cloud_clone_sync.json
2026-05-07T11:38:08.0000000000Z	1030	/mnt/h/AETHIEAOPSYS/DATA/MEMORY/ANCHORS/2026-05-07T15-37-55Z_cloud_clone_sync.json
2026-05-07T11:43:20.0000000000Z	1030	/mnt/h/AETHIEAOPSYS/CLOUD_CLONE/DATA/MEMORY/ANCHORS/2026-05-07T15-43-07Z_cloud_clone_sync.json
2026-05-07T11:43:20.0000000000Z	1030	/mnt/h/AETHIEAOPSYS/DATA/MEMORY/ANCHORS/2026-05-07T15-43-07Z_cloud_clone_sync.json
2026-05-07T11:48:32.0000000000Z	1030	/mnt/h/AETHIEAOPSYS/CLOUD_CLONE/DATA/MEMORY/ANCHORS/2026-05-07T15-48-18Z_cloud_clone_sync.json
2026-05-07T11:48:32.0000000000Z	1030	/mnt/h/AETHIEAOPSYS/DATA/MEMORY/ANCHORS/2026-05-07T15-48-18Z_cloud_clone_sync.json
2026-05-07T11:53:44.0000000000Z	1030	/mnt/h/AETHIEAOPSYS/CLOUD_CLONE/DATA/MEMORY/ANCHORS/2026-05-07T15-53-30Z_cloud_clone_sync.json
2026-05-07T11:53:44.0000000000Z	1030	/mnt/h/AETHIEAOPSYS/DATA/MEMORY/ANCHORS/2026-05-07T15-53-30Z_cloud_clone_sync.json
2026-05-07T11:58:54.0000000000Z	1030	/mnt/h/AETHIEAOPSYS/CLOUD_CLONE/DATA/MEMORY/ANCHORS/2026-05-07T15-58-42Z_cloud_clone_sync.json
2026-05-07T11:58:54.0000000000Z	1030	/mnt/h/AETHIEAOPSYS/DATA/MEMORY/ANCHORS/2026-05-07T15-58-42Z_cloud_clone_sync.json
2026-05-07T12:04:06.0000000000Z	1030	/mnt/h/AETHIEAOPSYS/CLOUD_CLONE/DATA/MEMORY/ANCHORS/2026-05-07T16-03-53Z_cloud_clone_sync.json
2026-05-07T12:04:06.0000000000Z	1030	/mnt/h/AETHIEAOPSYS/DATA/MEMORY/ANCHORS/2026-05-07T16-03-53Z_cloud_clone_sync.json
2026-05-07T12:09:18.0000000000Z	1030	/mnt/h/AETHIEAOPSYS/CLOUD_CLONE/DATA/MEMORY/ANCHORS/2026-05-07T16-09-05Z_cloud_clone_sync.json
2026-05-07T12:09:18.0000000000Z	1030	/mnt/h/AETHIEAOPSYS/DATA/MEMORY/ANCHORS/2026-05-07T16-09-05Z_cloud_clone_sync.json
2026-05-07T12:14:30.0000000000Z	1030	/mnt/h/AETHIEAOPSYS/CLOUD_CLONE/DATA/MEMORY/ANCHORS/2026-05-07T16-14-17Z_cloud_clone_sync.json
2026-05-07T12:14:30.0000000000Z	1030	/mnt/h/AETHIEAOPSYS/DATA/MEMORY/ANCHORS/2026-05-07T16-14-17Z_cloud_clone_sync.json
2026-05-07T12:19:42.0000000000Z	1030	/mnt/h/AETHIEAOPSYS/CLOUD_CLONE/DATA/MEMORY/ANCHORS/2026-05-07T16-19-29Z_cloud_clone_sync.json
2026-05-07T12:19:42.0000000000Z	1030	/mnt/h/AETHIEAOPSYS/DATA/MEMORY/ANCHORS/2026-05-07T16-19-29Z_cloud_clone_sync.json
2026-05-07T12:24:54.0000000000Z	1030	/mnt/h/AETHIEAOPSYS/CLOUD_CLONE/DATA/MEMORY/ANCHORS/2026-05-07T16-24-41Z_cloud_clone_sync.json
2026-05-07T12:24:54.0000000000Z	1030	/mnt/h/AETHIEAOPSYS/DATA/MEMORY/ANCHORS/2026-05-07T16-24-41Z_cloud_clone_sync.json
2026-05-07T12:30:06.0000000000Z	1030	/mnt/h/AETHIEAOPSYS/CLOUD_CLONE/DATA/MEMORY/ANCHORS/2026-05-07T16-29-54Z_cloud_clone_sync.json
2026-05-07T12:30:06.0000000000Z	1030	/mnt/h/AETHIEAOPSYS/DATA/MEMORY/ANCHORS/2026-05-07T16-29-54Z_cloud_clone_sync.json
2026-05-07T12:35:18.0000000000Z	1030	/mnt/h/AETHIEAOPSYS/CLOUD_CLONE/DATA/MEMORY/ANCHORS/2026-05-07T16-35-05Z_cloud_clone_sync.json
2026-05-07T12:35:18.0000000000Z	1030	/mnt/h/AETHIEAOPSYS/DATA/MEMORY/ANCHORS/2026-05-07T16-35-05Z_cloud_clone_sync.json
2026-05-07T12:40:30.0000000000Z	1030	/mnt/h/AETHIEAOPSYS/CLOUD_CLONE/DATA/MEMORY/ANCHORS/2026-05-07T16-40-18Z_cloud_clone_sync.json
2026-05-07T12:40:30.0000000000Z	1030	/mnt/h/AETHIEAOPSYS/DATA/MEMORY/ANCHORS/2026-05-07T16-40-18Z_cloud_clone_sync.json
2026-05-07T12:45:42.0000000000Z	1030	/mnt/h/AETHIEAOPSYS/CLOUD_CLONE/DATA/MEMORY/ANCHORS/2026-05-07T16-45-30Z_cloud_clone_sync.json
2026-05-07T12:45:42.0000000000Z	1030	/mnt/h/AETHIEAOPSYS/DATA/MEMORY/ANCHORS/2026-05-07T16-45-30Z_cloud_clone_sync.json
2026-05-07T12:50:54.0000000000Z	1030	/mnt/h/AETHIEAOPSYS/CLOUD_CLONE/DATA/MEMORY/ANCHORS/2026-05-07T16-50-41Z_cloud_clone_sync.json
2026-05-07T12:50:54.0000000000Z	1030	/mnt/h/AETHIEAOPSYS/DATA/MEMORY/ANCHORS/2026-05-07T16-50-41Z_cloud_clone_sync.json
2026-05-07T12:56:04.0000000000Z	1030	/mnt/h/AETHIEAOPSYS/CLOUD_CLONE/DATA/MEMORY/ANCHORS/2026-05-07T16-55-53Z_cloud_clone_sync.json
2026-05-07T12:56:04.0000000000Z	1030	/mnt/h/AETHIEAOPSYS/DATA/MEMORY/ANCHORS/2026-05-07T16-55-53Z_cloud_clone_sync.json
2026-05-07T13:01:14.0000000000Z	1030	/mnt/h/AETHIEAOPSYS/CLOUD_CLONE/DATA/MEMORY/ANCHORS/2026-05-07T17-01-03Z_cloud_clone_sync.json
2026-05-07T13:01:14.0000000000Z	1030	/mnt/h/AETHIEAOPSYS/DATA/MEMORY/ANCHORS/2026-05-07T17-01-03Z_cloud_clone_sync.json
2026-05-07T13:06:26.0000000000Z	1030	/mnt/h/AETHIEAOPSYS/CLOUD_CLONE/DATA/MEMORY/ANCHORS/2026-05-07T17-06-13Z_cloud_clone_sync.json
2026-05-07T13:06:26.0000000000Z	1030	/mnt/h/AETHIEAOPSYS/DATA/MEMORY/ANCHORS/2026-05-07T17-06-13Z_cloud_clone_sync.json
2026-05-07T13:11:36.0000000000Z	1030	/mnt/h/AETHIEAOPSYS/CLOUD_CLONE/DATA/MEMORY/ANCHORS/2026-05-07T17-11-24Z_cloud_clone_sync.json
2026-05-07T13:11:36.0000000000Z	1030	/mnt/h/AETHIEAOPSYS/DATA/MEMORY/ANCHORS/2026-05-07T17-11-24Z_cloud_clone_sync.json
2026-05-07T13:16:46.0000000000Z	1030	/mnt/h/AETHIEAOPSYS/CLOUD_CLONE/DATA/MEMORY/ANCHORS/2026-05-07T17-16-34Z_cloud_clone_sync.json
2026-05-07T13:16:46.0000000000Z	1030	/mnt/h/AETHIEAOPSYS/DATA/MEMORY/ANCHORS/2026-05-07T17-16-34Z_cloud_clone_sync.json
2026-05-07T13:21:56.0000000000Z	1030	/mnt/h/AETHIEAOPSYS/CLOUD_CLONE/DATA/MEMORY/ANCHORS/2026-05-07T17-21-44Z_cloud_clone_sync.json
2026-05-07T13:21:56.0000000000Z	1030	/mnt/h/AETHIEAOPSYS/DATA/MEMORY/ANCHORS/2026-05-07T17-21-44Z_cloud_clone_sync.json
2026-05-07T13:27:06.0000000000Z	1030	/mnt/h/AETHIEAOPSYS/CLOUD_CLONE/DATA/MEMORY/ANCHORS/2026-05-07T17-26-54Z_cloud_clone_sync.json
2026-05-07T13:27:06.0000000000Z	1030	/mnt/h/AETHIEAOPSYS/DATA/MEMORY/ANCHORS/2026-05-07T17-26-54Z_cloud_clone_sync.json
2026-05-07T13:32:18.0000000000Z	1030	/mnt/h/AETHIEAOPSYS/CLOUD_CLONE/DATA/MEMORY/ANCHORS/2026-05-07T17-32-04Z_cloud_clone_sync.json
2026-05-07T13:32:18.0000000000Z	1030	/mnt/h/AETHIEAOPSYS/DATA/MEMORY/ANCHORS/2026-05-07T17-32-04Z_cloud_clone_sync.json
2026-05-07T13:37:28.0000000000Z	1030	/mnt/h/AETHIEAOPSYS/CLOUD_CLONE/DATA/MEMORY/ANCHORS/2026-05-07T17-37-16Z_cloud_clone_sync.json
2026-05-07T13:37:28.0000000000Z	1030	/mnt/h/AETHIEAOPSYS/DATA/MEMORY/ANCHORS/2026-05-07T17-37-16Z_cloud_clone_sync.json
2026-05-07T13:42:38.0000000000Z	1030	/mnt/h/AETHIEAOPSYS/CLOUD_CLONE/DATA/MEMORY/ANCHORS/2026-05-07T17-42-26Z_cloud_clone_sync.json
2026-05-07T13:42:38.0000000000Z	1030	/mnt/h/AETHIEAOPSYS/DATA/MEMORY/ANCHORS/2026-05-07T17-42-26Z_cloud_clone_sync.json
2026-05-07T13:47:48.0000000000Z	1030	/mnt/h/AETHIEAOPSYS/CLOUD_CLONE/DATA/MEMORY/ANCHORS/2026-05-07T17-47-37Z_cloud_clone_sync.json
2026-05-07T13:47:48.0000000000Z	1030	/mnt/h/AETHIEAOPSYS/DATA/MEMORY/ANCHORS/2026-05-07T17-47-37Z_cloud_clone_sync.json
2026-05-07T13:52:58.0000000000Z	1030	/mnt/h/AETHIEAOPSYS/CLOUD_CLONE/DATA/MEMORY/ANCHORS/2026-05-07T17-52-47Z_cloud_clone_sync.json
2026-05-07T13:52:58.0000000000Z	1030	/mnt/h/AETHIEAOPSYS/DATA/MEMORY/ANCHORS/2026-05-07T17-52-47Z_cloud_clone_sync.json
2026-05-07T13:57:50.0000000000Z	608	/mnt/h/AETHIEAOPSYS/CORE/INTERPRETER/resolve_operator.sh
2026-05-07T13:57:50.0000000000Z	743	/mnt/h/AETHIEAOPSYS/DATA/MEMORY/OPERATOR/operator_invariants.json
2026-05-07T13:57:52.0000000000Z	115	/mnt/h/AETHIEAOPSYS/TOOLIO/operator-resolve
2026-05-07T13:57:52.0000000000Z	189	/mnt/h/AETHIEAOPSYS/DATA/MEMORY/ANCHORS/2026-05-07_17-57-51_anchor.json
2026-05-07T13:57:52.0000000000Z	2918	/mnt/h/AETHIEAOPSYS/LAYERS/AE1OF1/HUD/dny5u5_hud.sh
2026-05-07T13:58:04.0000000000Z	189	/mnt/h/AETHIEAOPSYS/CLOUD_CLONE/DATA/MEMORY/ANCHORS/2026-05-07_17-57-51_anchor.json
2026-05-07T13:58:06.0000000000Z	2918	/mnt/h/AETHIEAOPSYS/CLOUD_CLONE/LAYERS/AE1OF1/HUD/dny5u5_hud.sh
2026-05-07T13:58:10.0000000000Z	115	/mnt/h/AETHIEAOPSYS/CLOUD_CLONE/TOOLIO/operator-resolve
2026-05-07T13:58:10.0000000000Z	1161	/mnt/h/AETHIEAOPSYS/CLOUD_CLONE/DATA/MEMORY/ANCHORS/2026-05-07T17-57-56Z_cloud_clone_sync.json
2026-05-07T13:58:10.0000000000Z	1161	/mnt/h/AETHIEAOPSYS/DATA/MEMORY/ANCHORS/2026-05-07T17-57-56Z_cloud_clone_sync.json
2026-05-07T14:00:48.0000000000Z	8237	/mnt/h/AETHIEAOPSYS/TOOLIO/aeth_authority_switch.py
2026-05-07T14:01:08.0000000000Z	1638	/mnt/h/AETHIEAOPSYS/LOGS/AUTHORITY/authority_switch.log
2026-05-07T14:01:08.0000000000Z	547	/mnt/h/AETHIEAOPSYS/DATA/MEMORY/STATE/AUTHORITY/GCR_DOOR.json
2026-05-07T14:01:08.0000000000Z	548	/mnt/h/AETHIEAOPSYS/DATA/MEMORY/STATE/AUTHORITY/GCR_VAULT.json
2026-05-07T14:01:08.0000000000Z	549	/mnt/h/AETHIEAOPSYS/DATA/MEMORY/STATE/AUTHORITY/GCR_WINDOW.json
2026-05-07T14:01:08.0000000000Z	549	/mnt/h/AETHIEAOPSYS/DATA/MEMORY/STATE/AUTHORITY/LAYERS_AAE.json
2026-05-07T14:01:08.0000000000Z	550	/mnt/h/AETHIEAOPSYS/DATA/MEMORY/STATE/AUTHORITY/GCR_HABITAT.json
2026-05-07T14:01:08.0000000000Z	550	/mnt/h/AETHIEAOPSYS/DATA/MEMORY/STATE/AUTHORITY/LAYERS_UAER.json
2026-05-07T14:01:08.0000000000Z	551	/mnt/h/AETHIEAOPSYS/DATA/MEMORY/STATE/AUTHORITY/LAYERS_AENET.json
2026-05-07T14:01:08.0000000000Z	552	/mnt/h/AETHIEAOPSYS/DATA/MEMORY/STATE/AUTHORITY/GCR_PEEP_HOLE.json
2026-05-07T14:01:08.0000000000Z	552	/mnt/h/AETHIEAOPSYS/DATA/MEMORY/STATE/AUTHORITY/LAYERS_AE1OF1.json
2026-05-07T14:01:08.0000000000Z	552	/mnt/h/AETHIEAOPSYS/DATA/MEMORY/STATE/AUTHORITY/LAYERS_AETHER.json
2026-05-07T14:01:08.0000000000Z	554	/mnt/h/AETHIEAOPSYS/DATA/MEMORY/STATE/AUTHORITY/DOMAINS_PRIVATE.json
2026-05-07T14:01:08.0000000000Z	555	/mnt/h/AETHIEAOPSYS/DATA/MEMORY/STATE/AUTHORITY/MODS_B43-RU5_000.json
2026-05-07T14:01:08.0000000000Z	555	/mnt/h/AETHIEAOPSYS/DATA/MEMORY/STATE/AUTHORITY/MODS_B43-RU5_001.json
2026-05-07T14:01:08.0000000000Z	555	/mnt/h/AETHIEAOPSYS/DATA/MEMORY/STATE/AUTHORITY/MODS_B43-RU5_002.json
2026-05-07T14:01:08.0000000000Z	555	/mnt/h/AETHIEAOPSYS/DATA/MEMORY/STATE/AUTHORITY/MODS_B43-RU5_003.json
2026-05-07T14:01:08.0000000000Z	555	/mnt/h/AETHIEAOPSYS/DATA/MEMORY/STATE/AUTHORITY/MODS_B43-RU5_004.json
2026-05-07T14:01:08.0000000000Z	555	/mnt/h/AETHIEAOPSYS/DATA/MEMORY/STATE/AUTHORITY/MODS_B43-RU5_005.json
2026-05-07T14:01:08.0000000000Z	555	/mnt/h/AETHIEAOPSYS/DATA/MEMORY/STATE/AUTHORITY/MODS_B43-RU5_006.json
2026-05-07T14:01:08.0000000000Z	555	/mnt/h/AETHIEAOPSYS/DATA/MEMORY/STATE/AUTHORITY/MODS_B43-RU5_007.json
2026-05-07T14:01:08.0000000000Z	555	/mnt/h/AETHIEAOPSYS/DATA/MEMORY/STATE/AUTHORITY/MODS_B43-RU5_008.json
2026-05-07T14:01:08.0000000000Z	555	/mnt/h/AETHIEAOPSYS/DATA/MEMORY/STATE/AUTHORITY/MODS_B43-RU5_009.json
2026-05-07T14:01:08.0000000000Z	555	/mnt/h/AETHIEAOPSYS/DATA/MEMORY/STATE/AUTHORITY/MODS_B43-RU5_010.json
2026-05-07T14:01:08.0000000000Z	555	/mnt/h/AETHIEAOPSYS/DATA/MEMORY/STATE/AUTHORITY/MODS_B43-RU5_011.json
2026-05-07T14:01:08.0000000000Z	555	/mnt/h/AETHIEAOPSYS/DATA/MEMORY/STATE/AUTHORITY/MODS_B43-RU5_012.json
2026-05-07T14:01:08.0000000000Z	555	/mnt/h/AETHIEAOPSYS/DATA/MEMORY/STATE/AUTHORITY/MODS_B43-RU5_013.json
2026-05-07T14:01:08.0000000000Z	555	/mnt/h/AETHIEAOPSYS/DATA/MEMORY/STATE/AUTHORITY/MODS_B43-RU5_014.json
2026-05-07T14:01:08.0000000000Z	555	/mnt/h/AETHIEAOPSYS/DATA/MEMORY/STATE/AUTHORITY/MODS_B43-RU5_015.json
2026-05-07T14:01:08.0000000000Z	555	/mnt/h/AETHIEAOPSYS/DATA/MEMORY/STATE/AUTHORITY/MODS_B43-RU5_016.json
2026-05-07T14:01:08.0000000000Z	556	/mnt/h/AETHIEAOPSYS/DATA/MEMORY/STATE/AUTHORITY/DOMAINS_NONPROFIT.json
2026-05-07T14:01:08.0000000000Z	557	/mnt/h/AETHIEAOPSYS/DATA/MEMORY/STATE/AUTHORITY/DOMAINS_FOR_PROFIT.json
2026-05-07T14:01:08.0000000000Z	562	/mnt/h/AETHIEAOPSYS/DATA/MEMORY/STATE/AUTHORITY/EXECUTION_PIPELINES__HF.json
2026-05-07T14:01:08.0000000000Z	564	/mnt/h/AETHIEAOPSYS/DATA/MEMORY/STATE/AUTHORITY/MODS_P47H30N_NODES_AR-GU5.json
2026-05-07T14:01:08.0000000000Z	565	/mnt/h/AETHIEAOPSYS/DATA/MEMORY/STATE/AUTHORITY/EXECUTION_PIPELINES_CHURCH.json
2026-05-07T14:01:08.0000000000Z	565	/mnt/h/AETHIEAOPSYS/DATA/MEMORY/STATE/AUTHORITY/MODS_P47H30N_NODES_051-RU5.json
2026-05-07T14:01:08.0000000000Z	565	/mnt/h/AETHIEAOPSYS/DATA/MEMORY/STATE/AUTHORITY/MODS_P47H30N_NODES_DNY-5U5.json
2026-05-07T14:01:08.0000000000Z	565	/mnt/h/AETHIEAOPSYS/DATA/MEMORY/STATE/AUTHORITY/MODS_P47H30N_NODES_F35-7U5.json
2026-05-07T14:01:08.0000000000Z	565	/mnt/h/AETHIEAOPSYS/DATA/MEMORY/STATE/AUTHORITY/MODS_P47H30N_NODES_H4D-3U5.json
2026-05-07T14:01:08.0000000000Z	565	/mnt/h/AETHIEAOPSYS/DATA/MEMORY/STATE/AUTHORITY/MODS_P47H30N_NODES_K3V-0U5.json
2026-05-07T14:01:08.0000000000Z	566	/mnt/h/AETHIEAOPSYS/DATA/MEMORY/STATE/AUTHORITY/DOMAINS_thematriculation.cc.json
2026-05-07T14:01:08.0000000000Z	568	/mnt/h/AETHIEAOPSYS/DATA/MEMORY/STATE/AUTHORITY/EXECUTION_PIPELINES_CHRYSALIS.json
2026-05-07T14:01:08.0000000000Z	568	/mnt/h/AETHIEAOPSYS/DATA/MEMORY/STATE/AUTHORITY/EXECUTION_PIPELINES_SOLUTIONS.json
2026-05-07T14:01:08.0000000000Z	569	/mnt/h/AETHIEAOPSYS/DATA/MEMORY/STATE/AUTHORITY/EXECUTION_PIPELINES_JUTSUBOYZZ.json
2026-05-07T14:01:08.0000000000Z	569	/mnt/h/AETHIEAOPSYS/DATA/MEMORY/STATE/AUTHORITY/EXECUTION_PIPELINES_MULTIMEDIA.json
2026-05-07T14:01:08.0000000000Z	918	/mnt/h/AETHIEAOPSYS/CORE/AUTHORITY/authority_switch.json
2026-05-07T14:03:10.0000000000Z	547	/mnt/h/AETHIEAOPSYS/CLOUD_CLONE/DATA/MEMORY/STATE/AUTHORITY/GCR_DOOR.json
2026-05-07T14:03:10.0000000000Z	548	/mnt/h/AETHIEAOPSYS/CLOUD_CLONE/DATA/MEMORY/STATE/AUTHORITY/GCR_VAULT.json
2026-05-07T14:03:10.0000000000Z	549	/mnt/h/AETHIEAOPSYS/CLOUD_CLONE/DATA/MEMORY/STATE/AUTHORITY/GCR_WINDOW.json
2026-05-07T14:03:10.0000000000Z	549	/mnt/h/AETHIEAOPSYS/CLOUD_CLONE/DATA/MEMORY/STATE/AUTHORITY/LAYERS_AAE.json
2026-05-07T14:03:10.0000000000Z	550	/mnt/h/AETHIEAOPSYS/CLOUD_CLONE/DATA/MEMORY/STATE/AUTHORITY/GCR_HABITAT.json
2026-05-07T14:03:10.0000000000Z	550	/mnt/h/AETHIEAOPSYS/CLOUD_CLONE/DATA/MEMORY/STATE/AUTHORITY/LAYERS_UAER.json
2026-05-07T14:03:10.0000000000Z	551	/mnt/h/AETHIEAOPSYS/CLOUD_CLONE/DATA/MEMORY/STATE/AUTHORITY/LAYERS_AENET.json
2026-05-07T14:03:10.0000000000Z	552	/mnt/h/AETHIEAOPSYS/CLOUD_CLONE/DATA/MEMORY/STATE/AUTHORITY/GCR_PEEP_HOLE.json
2026-05-07T14:03:10.0000000000Z	552	/mnt/h/AETHIEAOPSYS/CLOUD_CLONE/DATA/MEMORY/STATE/AUTHORITY/LAYERS_AE1OF1.json
2026-05-07T14:03:10.0000000000Z	552	/mnt/h/AETHIEAOPSYS/CLOUD_CLONE/DATA/MEMORY/STATE/AUTHORITY/LAYERS_AETHER.json
2026-05-07T14:03:10.0000000000Z	554	/mnt/h/AETHIEAOPSYS/CLOUD_CLONE/DATA/MEMORY/STATE/AUTHORITY/DOMAINS_PRIVATE.json
2026-05-07T14:03:10.0000000000Z	555	/mnt/h/AETHIEAOPSYS/CLOUD_CLONE/DATA/MEMORY/STATE/AUTHORITY/MODS_B43-RU5_000.json
2026-05-07T14:03:10.0000000000Z	555	/mnt/h/AETHIEAOPSYS/CLOUD_CLONE/DATA/MEMORY/STATE/AUTHORITY/MODS_B43-RU5_001.json
2026-05-07T14:03:10.0000000000Z	555	/mnt/h/AETHIEAOPSYS/CLOUD_CLONE/DATA/MEMORY/STATE/AUTHORITY/MODS_B43-RU5_002.json
2026-05-07T14:03:10.0000000000Z	555	/mnt/h/AETHIEAOPSYS/CLOUD_CLONE/DATA/MEMORY/STATE/AUTHORITY/MODS_B43-RU5_003.json
2026-05-07T14:03:10.0000000000Z	555	/mnt/h/AETHIEAOPSYS/CLOUD_CLONE/DATA/MEMORY/STATE/AUTHORITY/MODS_B43-RU5_004.json
2026-05-07T14:03:10.0000000000Z	555	/mnt/h/AETHIEAOPSYS/CLOUD_CLONE/DATA/MEMORY/STATE/AUTHORITY/MODS_B43-RU5_005.json
2026-05-07T14:03:10.0000000000Z	555	/mnt/h/AETHIEAOPSYS/CLOUD_CLONE/DATA/MEMORY/STATE/AUTHORITY/MODS_B43-RU5_006.json
2026-05-07T14:03:10.0000000000Z	555	/mnt/h/AETHIEAOPSYS/CLOUD_CLONE/DATA/MEMORY/STATE/AUTHORITY/MODS_B43-RU5_007.json
2026-05-07T14:03:10.0000000000Z	555	/mnt/h/AETHIEAOPSYS/CLOUD_CLONE/DATA/MEMORY/STATE/AUTHORITY/MODS_B43-RU5_008.json
2026-05-07T14:03:10.0000000000Z	555	/mnt/h/AETHIEAOPSYS/CLOUD_CLONE/DATA/MEMORY/STATE/AUTHORITY/MODS_B43-RU5_009.json
2026-05-07T14:03:10.0000000000Z	555	/mnt/h/AETHIEAOPSYS/CLOUD_CLONE/DATA/MEMORY/STATE/AUTHORITY/MODS_B43-RU5_010.json
2026-05-07T14:03:10.0000000000Z	555	/mnt/h/AETHIEAOPSYS/CLOUD_CLONE/DATA/MEMORY/STATE/AUTHORITY/MODS_B43-RU5_011.json
2026-05-07T14:03:10.0000000000Z	555	/mnt/h/AETHIEAOPSYS/CLOUD_CLONE/DATA/MEMORY/STATE/AUTHORITY/MODS_B43-RU5_012.json
2026-05-07T14:03:10.0000000000Z	555	/mnt/h/AETHIEAOPSYS/CLOUD_CLONE/DATA/MEMORY/STATE/AUTHORITY/MODS_B43-RU5_013.json
2026-05-07T14:03:10.0000000000Z	555	/mnt/h/AETHIEAOPSYS/CLOUD_CLONE/DATA/MEMORY/STATE/AUTHORITY/MODS_B43-RU5_014.json
2026-05-07T14:03:10.0000000000Z	555	/mnt/h/AETHIEAOPSYS/CLOUD_CLONE/DATA/MEMORY/STATE/AUTHORITY/MODS_B43-RU5_015.json
2026-05-07T14:03:10.0000000000Z	555	/mnt/h/AETHIEAOPSYS/CLOUD_CLONE/DATA/MEMORY/STATE/AUTHORITY/MODS_B43-RU5_016.json
2026-05-07T14:03:10.0000000000Z	556	/mnt/h/AETHIEAOPSYS/CLOUD_CLONE/DATA/MEMORY/STATE/AUTHORITY/DOMAINS_NONPROFIT.json
2026-05-07T14:03:10.0000000000Z	557	/mnt/h/AETHIEAOPSYS/CLOUD_CLONE/DATA/MEMORY/STATE/AUTHORITY/DOMAINS_FOR_PROFIT.json
2026-05-07T14:03:10.0000000000Z	562	/mnt/h/AETHIEAOPSYS/CLOUD_CLONE/DATA/MEMORY/STATE/AUTHORITY/EXECUTION_PIPELINES__HF.json
2026-05-07T14:03:10.0000000000Z	564	/mnt/h/AETHIEAOPSYS/CLOUD_CLONE/DATA/MEMORY/STATE/AUTHORITY/MODS_P47H30N_NODES_AR-GU5.json
2026-05-07T14:03:10.0000000000Z	565	/mnt/h/AETHIEAOPSYS/CLOUD_CLONE/DATA/MEMORY/STATE/AUTHORITY/EXECUTION_PIPELINES_CHURCH.json
2026-05-07T14:03:10.0000000000Z	565	/mnt/h/AETHIEAOPSYS/CLOUD_CLONE/DATA/MEMORY/STATE/AUTHORITY/MODS_P47H30N_NODES_051-RU5.json
2026-05-07T14:03:10.0000000000Z	565	/mnt/h/AETHIEAOPSYS/CLOUD_CLONE/DATA/MEMORY/STATE/AUTHORITY/MODS_P47H30N_NODES_DNY-5U5.json
2026-05-07T14:03:10.0000000000Z	565	/mnt/h/AETHIEAOPSYS/CLOUD_CLONE/DATA/MEMORY/STATE/AUTHORITY/MODS_P47H30N_NODES_F35-7U5.json
2026-05-07T14:03:10.0000000000Z	565	/mnt/h/AETHIEAOPSYS/CLOUD_CLONE/DATA/MEMORY/STATE/AUTHORITY/MODS_P47H30N_NODES_H4D-3U5.json
2026-05-07T14:03:10.0000000000Z	565	/mnt/h/AETHIEAOPSYS/CLOUD_CLONE/DATA/MEMORY/STATE/AUTHORITY/MODS_P47H30N_NODES_K3V-0U5.json
2026-05-07T14:03:10.0000000000Z	566	/mnt/h/AETHIEAOPSYS/CLOUD_CLONE/DATA/MEMORY/STATE/AUTHORITY/DOMAINS_thematriculation.cc.json
2026-05-07T14:03:10.0000000000Z	568	/mnt/h/AETHIEAOPSYS/CLOUD_CLONE/DATA/MEMORY/STATE/AUTHORITY/EXECUTION_PIPELINES_CHRYSALIS.json
2026-05-07T14:03:10.0000000000Z	568	/mnt/h/AETHIEAOPSYS/CLOUD_CLONE/DATA/MEMORY/STATE/AUTHORITY/EXECUTION_PIPELINES_SOLUTIONS.json
2026-05-07T14:03:10.0000000000Z	569	/mnt/h/AETHIEAOPSYS/CLOUD_CLONE/DATA/MEMORY/STATE/AUTHORITY/EXECUTION_PIPELINES_JUTSUBOYZZ.json
2026-05-07T14:03:10.0000000000Z	569	/mnt/h/AETHIEAOPSYS/CLOUD_CLONE/DATA/MEMORY/STATE/AUTHORITY/EXECUTION_PIPELINES_MULTIMEDIA.json
2026-05-07T14:03:20.0000000000Z	1638	/mnt/h/AETHIEAOPSYS/CLOUD_CLONE/LOGS/AUTHORITY/authority_switch.log
2026-05-07T14:03:20.0000000000Z	8237	/mnt/h/AETHIEAOPSYS/CLOUD_CLONE/TOOLIO/aeth_authority_switch.py
2026-05-07T14:03:22.0000000000Z	3659	/mnt/h/AETHIEAOPSYS/CLOUD_CLONE/DATA/MEMORY/ANCHORS/2026-05-07T18-03-08Z_cloud_clone_sync.json
2026-05-07T14:03:22.0000000000Z	3659	/mnt/h/AETHIEAOPSYS/DATA/MEMORY/ANCHORS/2026-05-07T18-03-08Z_cloud_clone_sync.json
2026-05-07T14:08:32.0000000000Z	1030	/mnt/h/AETHIEAOPSYS/DATA/MEMORY/ANCHORS/2026-05-07T18-08-20Z_cloud_clone_sync.json
2026-05-07T14:08:34.0000000000Z	1030	/mnt/h/AETHIEAOPSYS/CLOUD_CLONE/DATA/MEMORY/ANCHORS/2026-05-07T18-08-20Z_cloud_clone_sync.json
2026-05-07T14:08:56.0000000000Z	1089	/mnt/h/AETHIEAOPSYS/DATA/MEMORY/PATCHES/2026-05-07_overlap_not_commingling.patch
2026-05-07T14:13:46.0000000000Z	1030	/mnt/h/AETHIEAOPSYS/CLOUD_CLONE/DATA/MEMORY/ANCHORS/2026-05-07T18-13-32Z_cloud_clone_sync.json
2026-05-07T14:13:46.0000000000Z	1030	/mnt/h/AETHIEAOPSYS/DATA/MEMORY/ANCHORS/2026-05-07T18-13-32Z_cloud_clone_sync.json
2026-05-07T14:19:00.0000000000Z	1030	/mnt/h/AETHIEAOPSYS/CLOUD_CLONE/DATA/MEMORY/ANCHORS/2026-05-07T18-18-45Z_cloud_clone_sync.json
2026-05-07T14:19:00.0000000000Z	1030	/mnt/h/AETHIEAOPSYS/DATA/MEMORY/ANCHORS/2026-05-07T18-18-45Z_cloud_clone_sync.json
2026-05-07T14:24:14.0000000000Z	1030	/mnt/h/AETHIEAOPSYS/CLOUD_CLONE/DATA/MEMORY/ANCHORS/2026-05-07T18-23-59Z_cloud_clone_sync.json
2026-05-07T14:24:14.0000000000Z	1030	/mnt/h/AETHIEAOPSYS/DATA/MEMORY/ANCHORS/2026-05-07T18-23-59Z_cloud_clone_sync.json
2026-05-07T14:29:28.0000000000Z	1030	/mnt/h/AETHIEAOPSYS/CLOUD_CLONE/DATA/MEMORY/ANCHORS/2026-05-07T18-29-13Z_cloud_clone_sync.json
2026-05-07T14:29:28.0000000000Z	1030	/mnt/h/AETHIEAOPSYS/DATA/MEMORY/ANCHORS/2026-05-07T18-29-13Z_cloud_clone_sync.json
2026-05-07T14:34:40.0000000000Z	1030	/mnt/h/AETHIEAOPSYS/CLOUD_CLONE/DATA/MEMORY/ANCHORS/2026-05-07T18-34-26Z_cloud_clone_sync.json
2026-05-07T14:34:40.0000000000Z	1030	/mnt/h/AETHIEAOPSYS/DATA/MEMORY/ANCHORS/2026-05-07T18-34-26Z_cloud_clone_sync.json
2026-05-07T14:39:54.0000000000Z	1030	/mnt/h/AETHIEAOPSYS/CLOUD_CLONE/DATA/MEMORY/ANCHORS/2026-05-07T18-39-40Z_cloud_clone_sync.json
2026-05-07T14:39:54.0000000000Z	1030	/mnt/h/AETHIEAOPSYS/DATA/MEMORY/ANCHORS/2026-05-07T18-39-40Z_cloud_clone_sync.json
2026-05-07T14:45:06.0000000000Z	1030	/mnt/h/AETHIEAOPSYS/CLOUD_CLONE/DATA/MEMORY/ANCHORS/2026-05-07T18-44-52Z_cloud_clone_sync.json
2026-05-07T14:45:06.0000000000Z	1030	/mnt/h/AETHIEAOPSYS/DATA/MEMORY/ANCHORS/2026-05-07T18-44-52Z_cloud_clone_sync.json
2026-05-07T14:50:20.0000000000Z	1030	/mnt/h/AETHIEAOPSYS/CLOUD_CLONE/DATA/MEMORY/ANCHORS/2026-05-07T18-50-05Z_cloud_clone_sync.json
2026-05-07T14:50:20.0000000000Z	1030	/mnt/h/AETHIEAOPSYS/DATA/MEMORY/ANCHORS/2026-05-07T18-50-05Z_cloud_clone_sync.json
2026-05-07T14:55:32.0000000000Z	1030	/mnt/h/AETHIEAOPSYS/CLOUD_CLONE/DATA/MEMORY/ANCHORS/2026-05-07T18-55-18Z_cloud_clone_sync.json
2026-05-07T14:55:32.0000000000Z	1030	/mnt/h/AETHIEAOPSYS/DATA/MEMORY/ANCHORS/2026-05-07T18-55-18Z_cloud_clone_sync.json
2026-05-07T15:00:44.0000000000Z	1030	/mnt/h/AETHIEAOPSYS/CLOUD_CLONE/DATA/MEMORY/ANCHORS/2026-05-07T19-00-31Z_cloud_clone_sync.json
2026-05-07T15:00:44.0000000000Z	1030	/mnt/h/AETHIEAOPSYS/DATA/MEMORY/ANCHORS/2026-05-07T19-00-31Z_cloud_clone_sync.json
2026-05-07T15:05:58.0000000000Z	1030	/mnt/h/AETHIEAOPSYS/CLOUD_CLONE/DATA/MEMORY/ANCHORS/2026-05-07T19-05-44Z_cloud_clone_sync.json
2026-05-07T15:05:58.0000000000Z	1030	/mnt/h/AETHIEAOPSYS/DATA/MEMORY/ANCHORS/2026-05-07T19-05-44Z_cloud_clone_sync.json
2026-05-07T15:11:12.0000000000Z	1030	/mnt/h/AETHIEAOPSYS/CLOUD_CLONE/DATA/MEMORY/ANCHORS/2026-05-07T19-10-57Z_cloud_clone_sync.json
2026-05-07T15:11:12.0000000000Z	1030	/mnt/h/AETHIEAOPSYS/DATA/MEMORY/ANCHORS/2026-05-07T19-10-57Z_cloud_clone_sync.json
2026-05-07T15:16:24.0000000000Z	1030	/mnt/h/AETHIEAOPSYS/CLOUD_CLONE/DATA/MEMORY/ANCHORS/2026-05-07T19-16-10Z_cloud_clone_sync.json
2026-05-07T15:16:24.0000000000Z	1030	/mnt/h/AETHIEAOPSYS/DATA/MEMORY/ANCHORS/2026-05-07T19-16-10Z_cloud_clone_sync.json
2026-05-07T15:21:36.0000000000Z	1030	/mnt/h/AETHIEAOPSYS/CLOUD_CLONE/DATA/MEMORY/ANCHORS/2026-05-07T19-21-23Z_cloud_clone_sync.json
2026-05-07T15:21:36.0000000000Z	1030	/mnt/h/AETHIEAOPSYS/DATA/MEMORY/ANCHORS/2026-05-07T19-21-23Z_cloud_clone_sync.json
2026-05-07T15:26:50.0000000000Z	1030	/mnt/h/AETHIEAOPSYS/CLOUD_CLONE/DATA/MEMORY/ANCHORS/2026-05-07T19-26-35Z_cloud_clone_sync.json
2026-05-07T15:26:50.0000000000Z	1030	/mnt/h/AETHIEAOPSYS/DATA/MEMORY/ANCHORS/2026-05-07T19-26-35Z_cloud_clone_sync.json
2026-05-07T15:31:58.0000000000Z	1030	/mnt/h/AETHIEAOPSYS/CLOUD_CLONE/DATA/MEMORY/ANCHORS/2026-05-07T19-31-48Z_cloud_clone_sync.json
2026-05-07T15:31:58.0000000000Z	1030	/mnt/h/AETHIEAOPSYS/DATA/MEMORY/ANCHORS/2026-05-07T19-31-48Z_cloud_clone_sync.json
2026-05-07T15:37:08.0000000000Z	1030	/mnt/h/AETHIEAOPSYS/CLOUD_CLONE/DATA/MEMORY/ANCHORS/2026-05-07T19-36-58Z_cloud_clone_sync.json
2026-05-07T15:37:08.0000000000Z	1030	/mnt/h/AETHIEAOPSYS/DATA/MEMORY/ANCHORS/2026-05-07T19-36-58Z_cloud_clone_sync.json
2026-05-07T15:42:18.0000000000Z	1030	/mnt/h/AETHIEAOPSYS/CLOUD_CLONE/DATA/MEMORY/ANCHORS/2026-05-07T19-42-07Z_cloud_clone_sync.json
2026-05-07T15:42:18.0000000000Z	1030	/mnt/h/AETHIEAOPSYS/DATA/MEMORY/ANCHORS/2026-05-07T19-42-07Z_cloud_clone_sync.json
2026-05-07T15:47:30.0000000000Z	1030	/mnt/h/AETHIEAOPSYS/CLOUD_CLONE/DATA/MEMORY/ANCHORS/2026-05-07T19-47-16Z_cloud_clone_sync.json
2026-05-07T15:47:30.0000000000Z	1030	/mnt/h/AETHIEAOPSYS/DATA/MEMORY/ANCHORS/2026-05-07T19-47-16Z_cloud_clone_sync.json
2026-05-07T15:52:44.0000000000Z	1030	/mnt/h/AETHIEAOPSYS/CLOUD_CLONE/DATA/MEMORY/ANCHORS/2026-05-07T19-52-30Z_cloud_clone_sync.json
2026-05-07T15:52:44.0000000000Z	1030	/mnt/h/AETHIEAOPSYS/DATA/MEMORY/ANCHORS/2026-05-07T19-52-30Z_cloud_clone_sync.json
2026-05-07T15:57:56.0000000000Z	1030	/mnt/h/AETHIEAOPSYS/CLOUD_CLONE/DATA/MEMORY/ANCHORS/2026-05-07T19-57-43Z_cloud_clone_sync.json
2026-05-07T15:57:56.0000000000Z	1030	/mnt/h/AETHIEAOPSYS/DATA/MEMORY/ANCHORS/2026-05-07T19-57-43Z_cloud_clone_sync.json
2026-05-07T16:03:10.0000000000Z	1030	/mnt/h/AETHIEAOPSYS/CLOUD_CLONE/DATA/MEMORY/ANCHORS/2026-05-07T20-02-55Z_cloud_clone_sync.json
2026-05-07T16:03:10.0000000000Z	1030	/mnt/h/AETHIEAOPSYS/DATA/MEMORY/ANCHORS/2026-05-07T20-02-55Z_cloud_clone_sync.json
2026-05-07T16:08:22.0000000000Z	1030	/mnt/h/AETHIEAOPSYS/CLOUD_CLONE/DATA/MEMORY/ANCHORS/2026-05-07T20-08-08Z_cloud_clone_sync.json
2026-05-07T16:08:22.0000000000Z	1030	/mnt/h/AETHIEAOPSYS/DATA/MEMORY/ANCHORS/2026-05-07T20-08-08Z_cloud_clone_sync.json
2026-05-07T16:13:36.0000000000Z	1030	/mnt/h/AETHIEAOPSYS/CLOUD_CLONE/DATA/MEMORY/ANCHORS/2026-05-07T20-13-22Z_cloud_clone_sync.json
2026-05-07T16:13:36.0000000000Z	1030	/mnt/h/AETHIEAOPSYS/DATA/MEMORY/ANCHORS/2026-05-07T20-13-22Z_cloud_clone_sync.json
2026-05-07T16:18:50.0000000000Z	1030	/mnt/h/AETHIEAOPSYS/CLOUD_CLONE/DATA/MEMORY/ANCHORS/2026-05-07T20-18-36Z_cloud_clone_sync.json
2026-05-07T16:18:50.0000000000Z	1030	/mnt/h/AETHIEAOPSYS/DATA/MEMORY/ANCHORS/2026-05-07T20-18-36Z_cloud_clone_sync.json
2026-05-07T16:24:04.0000000000Z	1030	/mnt/h/AETHIEAOPSYS/CLOUD_CLONE/DATA/MEMORY/ANCHORS/2026-05-07T20-23-50Z_cloud_clone_sync.json
2026-05-07T16:24:04.0000000000Z	1030	/mnt/h/AETHIEAOPSYS/DATA/MEMORY/ANCHORS/2026-05-07T20-23-50Z_cloud_clone_sync.json
2026-05-07T16:29:20.0000000000Z	1030	/mnt/h/AETHIEAOPSYS/CLOUD_CLONE/DATA/MEMORY/ANCHORS/2026-05-07T20-29-06Z_cloud_clone_sync.json
2026-05-07T16:29:20.0000000000Z	1030	/mnt/h/AETHIEAOPSYS/DATA/MEMORY/ANCHORS/2026-05-07T20-29-06Z_cloud_clone_sync.json
2026-05-07T16:34:34.0000000000Z	1030	/mnt/h/AETHIEAOPSYS/CLOUD_CLONE/DATA/MEMORY/ANCHORS/2026-05-07T20-34-20Z_cloud_clone_sync.json
2026-05-07T16:34:34.0000000000Z	1030	/mnt/h/AETHIEAOPSYS/DATA/MEMORY/ANCHORS/2026-05-07T20-34-20Z_cloud_clone_sync.json
2026-05-07T16:39:48.0000000000Z	1030	/mnt/h/AETHIEAOPSYS/CLOUD_CLONE/DATA/MEMORY/ANCHORS/2026-05-07T20-39-33Z_cloud_clone_sync.json
2026-05-07T16:39:48.0000000000Z	1030	/mnt/h/AETHIEAOPSYS/DATA/MEMORY/ANCHORS/2026-05-07T20-39-33Z_cloud_clone_sync.json
2026-05-07T16:45:00.0000000000Z	1030	/mnt/h/AETHIEAOPSYS/CLOUD_CLONE/DATA/MEMORY/ANCHORS/2026-05-07T20-44-46Z_cloud_clone_sync.json
2026-05-07T16:45:00.0000000000Z	1030	/mnt/h/AETHIEAOPSYS/DATA/MEMORY/ANCHORS/2026-05-07T20-44-46Z_cloud_clone_sync.json
2026-05-07T16:50:14.0000000000Z	1030	/mnt/h/AETHIEAOPSYS/CLOUD_CLONE/DATA/MEMORY/ANCHORS/2026-05-07T20-49-59Z_cloud_clone_sync.json
2026-05-07T16:50:14.0000000000Z	1030	/mnt/h/AETHIEAOPSYS/DATA/MEMORY/ANCHORS/2026-05-07T20-49-59Z_cloud_clone_sync.json
2026-05-07T16:55:26.0000000000Z	1030	/mnt/h/AETHIEAOPSYS/CLOUD_CLONE/DATA/MEMORY/ANCHORS/2026-05-07T20-55-12Z_cloud_clone_sync.json
2026-05-07T16:55:26.0000000000Z	1030	/mnt/h/AETHIEAOPSYS/DATA/MEMORY/ANCHORS/2026-05-07T20-55-12Z_cloud_clone_sync.json
2026-05-07T17:00:42.0000000000Z	1030	/mnt/h/AETHIEAOPSYS/CLOUD_CLONE/DATA/MEMORY/ANCHORS/2026-05-07T21-00-27Z_cloud_clone_sync.json
2026-05-07T17:00:42.0000000000Z	1030	/mnt/h/AETHIEAOPSYS/DATA/MEMORY/ANCHORS/2026-05-07T21-00-27Z_cloud_clone_sync.json
2026-05-07T17:05:56.0000000000Z	1030	/mnt/h/AETHIEAOPSYS/CLOUD_CLONE/DATA/MEMORY/ANCHORS/2026-05-07T21-05-42Z_cloud_clone_sync.json
2026-05-07T17:05:56.0000000000Z	1030	/mnt/h/AETHIEAOPSYS/DATA/MEMORY/ANCHORS/2026-05-07T21-05-42Z_cloud_clone_sync.json
2026-05-07T17:11:12.0000000000Z	1030	/mnt/h/AETHIEAOPSYS/CLOUD_CLONE/DATA/MEMORY/ANCHORS/2026-05-07T21-10-57Z_cloud_clone_sync.json
2026-05-07T17:11:12.0000000000Z	1030	/mnt/h/AETHIEAOPSYS/DATA/MEMORY/ANCHORS/2026-05-07T21-10-57Z_cloud_clone_sync.json
2026-05-07T17:16:30.0000000000Z	1030	/mnt/h/AETHIEAOPSYS/CLOUD_CLONE/DATA/MEMORY/ANCHORS/2026-05-07T21-16-11Z_cloud_clone_sync.json
2026-05-07T17:16:30.0000000000Z	1030	/mnt/h/AETHIEAOPSYS/DATA/MEMORY/ANCHORS/2026-05-07T21-16-11Z_cloud_clone_sync.json
2026-05-07T17:21:46.0000000000Z	1030	/mnt/h/AETHIEAOPSYS/CLOUD_CLONE/DATA/MEMORY/ANCHORS/2026-05-07T21-21-31Z_cloud_clone_sync.json
2026-05-07T17:21:46.0000000000Z	1030	/mnt/h/AETHIEAOPSYS/DATA/MEMORY/ANCHORS/2026-05-07T21-21-31Z_cloud_clone_sync.json
2026-05-07T17:27:02.0000000000Z	1030	/mnt/h/AETHIEAOPSYS/CLOUD_CLONE/DATA/MEMORY/ANCHORS/2026-05-07T21-26-48Z_cloud_clone_sync.json
2026-05-07T17:27:02.0000000000Z	1030	/mnt/h/AETHIEAOPSYS/DATA/MEMORY/ANCHORS/2026-05-07T21-26-48Z_cloud_clone_sync.json
2026-05-07T17:32:22.0000000000Z	1030	/mnt/h/AETHIEAOPSYS/CLOUD_CLONE/DATA/MEMORY/ANCHORS/2026-05-07T21-32-06Z_cloud_clone_sync.json
2026-05-07T17:32:22.0000000000Z	1030	/mnt/h/AETHIEAOPSYS/DATA/MEMORY/ANCHORS/2026-05-07T21-32-06Z_cloud_clone_sync.json
2026-05-07T17:37:40.0000000000Z	1030	/mnt/h/AETHIEAOPSYS/CLOUD_CLONE/DATA/MEMORY/ANCHORS/2026-05-07T21-37-25Z_cloud_clone_sync.json
2026-05-07T17:37:40.0000000000Z	1030	/mnt/h/AETHIEAOPSYS/DATA/MEMORY/ANCHORS/2026-05-07T21-37-25Z_cloud_clone_sync.json
2026-05-07T17:42:58.0000000000Z	1030	/mnt/h/AETHIEAOPSYS/CLOUD_CLONE/DATA/MEMORY/ANCHORS/2026-05-07T21-42-43Z_cloud_clone_sync.json
2026-05-07T17:42:58.0000000000Z	1030	/mnt/h/AETHIEAOPSYS/DATA/MEMORY/ANCHORS/2026-05-07T21-42-43Z_cloud_clone_sync.json
2026-05-07T17:48:16.0000000000Z	1030	/mnt/h/AETHIEAOPSYS/CLOUD_CLONE/DATA/MEMORY/ANCHORS/2026-05-07T21-47-57Z_cloud_clone_sync.json
2026-05-07T17:48:16.0000000000Z	1030	/mnt/h/AETHIEAOPSYS/DATA/MEMORY/ANCHORS/2026-05-07T21-47-57Z_cloud_clone_sync.json
2026-05-07T17:53:30.0000000000Z	1030	/mnt/h/AETHIEAOPSYS/CLOUD_CLONE/DATA/MEMORY/ANCHORS/2026-05-07T21-53-15Z_cloud_clone_sync.json
2026-05-07T17:53:30.0000000000Z	1030	/mnt/h/AETHIEAOPSYS/DATA/MEMORY/ANCHORS/2026-05-07T21-53-15Z_cloud_clone_sync.json
2026-05-07T17:58:44.0000000000Z	1030	/mnt/h/AETHIEAOPSYS/CLOUD_CLONE/DATA/MEMORY/ANCHORS/2026-05-07T21-58-30Z_cloud_clone_sync.json
2026-05-07T17:58:44.0000000000Z	1030	/mnt/h/AETHIEAOPSYS/DATA/MEMORY/ANCHORS/2026-05-07T21-58-30Z_cloud_clone_sync.json
2026-05-07T18:03:58.0000000000Z	1030	/mnt/h/AETHIEAOPSYS/CLOUD_CLONE/DATA/MEMORY/ANCHORS/2026-05-07T22-03-43Z_cloud_clone_sync.json
2026-05-07T18:03:58.0000000000Z	1030	/mnt/h/AETHIEAOPSYS/DATA/MEMORY/ANCHORS/2026-05-07T22-03-43Z_cloud_clone_sync.json
2026-05-07T18:09:08.0000000000Z	1030	/mnt/h/AETHIEAOPSYS/CLOUD_CLONE/DATA/MEMORY/ANCHORS/2026-05-07T22-08-56Z_cloud_clone_sync.json
2026-05-07T18:09:08.0000000000Z	1030	/mnt/h/AETHIEAOPSYS/DATA/MEMORY/ANCHORS/2026-05-07T22-08-56Z_cloud_clone_sync.json
2026-05-07T18:14:18.0000000000Z	1030	/mnt/h/AETHIEAOPSYS/CLOUD_CLONE/DATA/MEMORY/ANCHORS/2026-05-07T22-14-08Z_cloud_clone_sync.json
2026-05-07T18:14:18.0000000000Z	1030	/mnt/h/AETHIEAOPSYS/DATA/MEMORY/ANCHORS/2026-05-07T22-14-08Z_cloud_clone_sync.json
2026-05-07T18:19:32.0000000000Z	1030	/mnt/h/AETHIEAOPSYS/CLOUD_CLONE/DATA/MEMORY/ANCHORS/2026-05-07T22-19-22Z_cloud_clone_sync.json
2026-05-07T18:19:32.0000000000Z	1030	/mnt/h/AETHIEAOPSYS/DATA/MEMORY/ANCHORS/2026-05-07T22-19-22Z_cloud_clone_sync.json
2026-05-07T18:24:46.0000000000Z	1030	/mnt/h/AETHIEAOPSYS/CLOUD_CLONE/DATA/MEMORY/ANCHORS/2026-05-07T22-24-35Z_cloud_clone_sync.json
2026-05-07T18:24:46.0000000000Z	1030	/mnt/h/AETHIEAOPSYS/DATA/MEMORY/ANCHORS/2026-05-07T22-24-35Z_cloud_clone_sync.json
2026-05-07T18:29:56.0000000000Z	1030	/mnt/h/AETHIEAOPSYS/CLOUD_CLONE/DATA/MEMORY/ANCHORS/2026-05-07T22-29-45Z_cloud_clone_sync.json
2026-05-07T18:29:56.0000000000Z	1030	/mnt/h/AETHIEAOPSYS/DATA/MEMORY/ANCHORS/2026-05-07T22-29-45Z_cloud_clone_sync.json
2026-05-07T18:35:08.0000000000Z	1030	/mnt/h/AETHIEAOPSYS/CLOUD_CLONE/DATA/MEMORY/ANCHORS/2026-05-07T22-34-57Z_cloud_clone_sync.json
2026-05-07T18:35:08.0000000000Z	1030	/mnt/h/AETHIEAOPSYS/DATA/MEMORY/ANCHORS/2026-05-07T22-34-57Z_cloud_clone_sync.json
2026-05-07T18:40:22.0000000000Z	1030	/mnt/h/AETHIEAOPSYS/CLOUD_CLONE/DATA/MEMORY/ANCHORS/2026-05-07T22-40-10Z_cloud_clone_sync.json
2026-05-07T18:40:22.0000000000Z	1030	/mnt/h/AETHIEAOPSYS/DATA/MEMORY/ANCHORS/2026-05-07T22-40-10Z_cloud_clone_sync.json
2026-05-07T18:45:36.0000000000Z	1030	/mnt/h/AETHIEAOPSYS/CLOUD_CLONE/DATA/MEMORY/ANCHORS/2026-05-07T22-45-25Z_cloud_clone_sync.json
2026-05-07T18:45:36.0000000000Z	1030	/mnt/h/AETHIEAOPSYS/DATA/MEMORY/ANCHORS/2026-05-07T22-45-25Z_cloud_clone_sync.json
2026-05-07T18:50:50.0000000000Z	1030	/mnt/h/AETHIEAOPSYS/CLOUD_CLONE/DATA/MEMORY/ANCHORS/2026-05-07T22-50-40Z_cloud_clone_sync.json
2026-05-07T18:50:50.0000000000Z	1030	/mnt/h/AETHIEAOPSYS/DATA/MEMORY/ANCHORS/2026-05-07T22-50-40Z_cloud_clone_sync.json
2026-05-07T18:56:06.0000000000Z	1030	/mnt/h/AETHIEAOPSYS/CLOUD_CLONE/DATA/MEMORY/ANCHORS/2026-05-07T22-55-54Z_cloud_clone_sync.json
2026-05-07T18:56:06.0000000000Z	1030	/mnt/h/AETHIEAOPSYS/DATA/MEMORY/ANCHORS/2026-05-07T22-55-54Z_cloud_clone_sync.json
2026-05-07T19:01:20.0000000000Z	1030	/mnt/h/AETHIEAOPSYS/CLOUD_CLONE/DATA/MEMORY/ANCHORS/2026-05-07T23-01-09Z_cloud_clone_sync.json
2026-05-07T19:01:20.0000000000Z	1030	/mnt/h/AETHIEAOPSYS/DATA/MEMORY/ANCHORS/2026-05-07T23-01-09Z_cloud_clone_sync.json
2026-05-07T19:06:34.0000000000Z	1030	/mnt/h/AETHIEAOPSYS/CLOUD_CLONE/DATA/MEMORY/ANCHORS/2026-05-07T23-06-22Z_cloud_clone_sync.json
2026-05-07T19:06:34.0000000000Z	1030	/mnt/h/AETHIEAOPSYS/DATA/MEMORY/ANCHORS/2026-05-07T23-06-22Z_cloud_clone_sync.json
2026-05-07T19:11:44.0000000000Z	1030	/mnt/h/AETHIEAOPSYS/CLOUD_CLONE/DATA/MEMORY/ANCHORS/2026-05-07T23-11-34Z_cloud_clone_sync.json
2026-05-07T19:11:44.0000000000Z	1030	/mnt/h/AETHIEAOPSYS/DATA/MEMORY/ANCHORS/2026-05-07T23-11-34Z_cloud_clone_sync.json
2026-05-07T19:16:58.0000000000Z	1030	/mnt/h/AETHIEAOPSYS/CLOUD_CLONE/DATA/MEMORY/ANCHORS/2026-05-07T23-16-48Z_cloud_clone_sync.json
2026-05-07T19:16:58.0000000000Z	1030	/mnt/h/AETHIEAOPSYS/DATA/MEMORY/ANCHORS/2026-05-07T23-16-48Z_cloud_clone_sync.json
2026-05-07T19:22:10.0000000000Z	1030	/mnt/h/AETHIEAOPSYS/CLOUD_CLONE/DATA/MEMORY/ANCHORS/2026-05-07T23-21-59Z_cloud_clone_sync.json
2026-05-07T19:22:10.0000000000Z	1030	/mnt/h/AETHIEAOPSYS/DATA/MEMORY/ANCHORS/2026-05-07T23-21-59Z_cloud_clone_sync.json
2026-05-07T19:27:24.0000000000Z	1030	/mnt/h/AETHIEAOPSYS/CLOUD_CLONE/DATA/MEMORY/ANCHORS/2026-05-07T23-27-14Z_cloud_clone_sync.json
2026-05-07T19:27:24.0000000000Z	1030	/mnt/h/AETHIEAOPSYS/DATA/MEMORY/ANCHORS/2026-05-07T23-27-14Z_cloud_clone_sync.json
2026-05-07T19:32:40.0000000000Z	1030	/mnt/h/AETHIEAOPSYS/CLOUD_CLONE/DATA/MEMORY/ANCHORS/2026-05-07T23-32-29Z_cloud_clone_sync.json
2026-05-07T19:32:40.0000000000Z	1030	/mnt/h/AETHIEAOPSYS/DATA/MEMORY/ANCHORS/2026-05-07T23-32-29Z_cloud_clone_sync.json
2026-05-07T19:37:54.0000000000Z	1030	/mnt/h/AETHIEAOPSYS/CLOUD_CLONE/DATA/MEMORY/ANCHORS/2026-05-07T23-37-44Z_cloud_clone_sync.json
2026-05-07T19:37:54.0000000000Z	1030	/mnt/h/AETHIEAOPSYS/DATA/MEMORY/ANCHORS/2026-05-07T23-37-44Z_cloud_clone_sync.json
2026-05-07T19:43:10.0000000000Z	1030	/mnt/h/AETHIEAOPSYS/CLOUD_CLONE/DATA/MEMORY/ANCHORS/2026-05-07T23-42-58Z_cloud_clone_sync.json
2026-05-07T19:43:10.0000000000Z	1030	/mnt/h/AETHIEAOPSYS/DATA/MEMORY/ANCHORS/2026-05-07T23-42-58Z_cloud_clone_sync.json
2026-05-07T19:48:24.0000000000Z	1030	/mnt/h/AETHIEAOPSYS/CLOUD_CLONE/DATA/MEMORY/ANCHORS/2026-05-07T23-48-13Z_cloud_clone_sync.json
2026-05-07T19:48:24.0000000000Z	1030	/mnt/h/AETHIEAOPSYS/DATA/MEMORY/ANCHORS/2026-05-07T23-48-13Z_cloud_clone_sync.json
2026-05-07T19:53:40.0000000000Z	1030	/mnt/h/AETHIEAOPSYS/CLOUD_CLONE/DATA/MEMORY/ANCHORS/2026-05-07T23-53-30Z_cloud_clone_sync.json
2026-05-07T19:53:40.0000000000Z	1030	/mnt/h/AETHIEAOPSYS/DATA/MEMORY/ANCHORS/2026-05-07T23-53-30Z_cloud_clone_sync.json
2026-05-07T19:58:56.0000000000Z	1030	/mnt/h/AETHIEAOPSYS/CLOUD_CLONE/DATA/MEMORY/ANCHORS/2026-05-07T23-58-46Z_cloud_clone_sync.json
2026-05-07T19:58:56.0000000000Z	1030	/mnt/h/AETHIEAOPSYS/DATA/MEMORY/ANCHORS/2026-05-07T23-58-46Z_cloud_clone_sync.json
2026-05-07T20:04:12.0000000000Z	1030	/mnt/h/AETHIEAOPSYS/CLOUD_CLONE/DATA/MEMORY/ANCHORS/2026-05-08T00-04-01Z_cloud_clone_sync.json
2026-05-07T20:04:12.0000000000Z	1030	/mnt/h/AETHIEAOPSYS/DATA/MEMORY/ANCHORS/2026-05-08T00-04-01Z_cloud_clone_sync.json
2026-05-07T20:09:30.0000000000Z	1030	/mnt/h/AETHIEAOPSYS/CLOUD_CLONE/DATA/MEMORY/ANCHORS/2026-05-08T00-09-18Z_cloud_clone_sync.json
2026-05-07T20:09:30.0000000000Z	1030	/mnt/h/AETHIEAOPSYS/DATA/MEMORY/ANCHORS/2026-05-08T00-09-18Z_cloud_clone_sync.json
2026-05-07T20:14:46.0000000000Z	1030	/mnt/h/AETHIEAOPSYS/CLOUD_CLONE/DATA/MEMORY/ANCHORS/2026-05-08T00-14-34Z_cloud_clone_sync.json
2026-05-07T20:14:46.0000000000Z	1030	/mnt/h/AETHIEAOPSYS/DATA/MEMORY/ANCHORS/2026-05-08T00-14-34Z_cloud_clone_sync.json
2026-05-07T20:20:02.0000000000Z	1030	/mnt/h/AETHIEAOPSYS/CLOUD_CLONE/DATA/MEMORY/ANCHORS/2026-05-08T00-19-52Z_cloud_clone_sync.json
2026-05-07T20:20:02.0000000000Z	1030	/mnt/h/AETHIEAOPSYS/DATA/MEMORY/ANCHORS/2026-05-08T00-19-52Z_cloud_clone_sync.json
2026-05-07T20:25:16.0000000000Z	1030	/mnt/h/AETHIEAOPSYS/CLOUD_CLONE/DATA/MEMORY/ANCHORS/2026-05-08T00-25-05Z_cloud_clone_sync.json
2026-05-07T20:25:16.0000000000Z	1030	/mnt/h/AETHIEAOPSYS/DATA/MEMORY/ANCHORS/2026-05-08T00-25-05Z_cloud_clone_sync.json
2026-05-07T20:30:32.0000000000Z	1030	/mnt/h/AETHIEAOPSYS/CLOUD_CLONE/DATA/MEMORY/ANCHORS/2026-05-08T00-30-20Z_cloud_clone_sync.json
2026-05-07T20:30:32.0000000000Z	1030	/mnt/h/AETHIEAOPSYS/DATA/MEMORY/ANCHORS/2026-05-08T00-30-20Z_cloud_clone_sync.json
2026-05-07T20:35:46.0000000000Z	1030	/mnt/h/AETHIEAOPSYS/CLOUD_CLONE/DATA/MEMORY/ANCHORS/2026-05-08T00-35-35Z_cloud_clone_sync.json
2026-05-07T20:35:46.0000000000Z	1030	/mnt/h/AETHIEAOPSYS/DATA/MEMORY/ANCHORS/2026-05-08T00-35-35Z_cloud_clone_sync.json
2026-05-07T20:41:04.0000000000Z	1030	/mnt/h/AETHIEAOPSYS/CLOUD_CLONE/DATA/MEMORY/ANCHORS/2026-05-08T00-40-52Z_cloud_clone_sync.json
2026-05-07T20:41:04.0000000000Z	1030	/mnt/h/AETHIEAOPSYS/DATA/MEMORY/ANCHORS/2026-05-08T00-40-52Z_cloud_clone_sync.json
2026-05-07T20:46:20.0000000000Z	1030	/mnt/h/AETHIEAOPSYS/CLOUD_CLONE/DATA/MEMORY/ANCHORS/2026-05-08T00-46-08Z_cloud_clone_sync.json
2026-05-07T20:46:20.0000000000Z	1030	/mnt/h/AETHIEAOPSYS/DATA/MEMORY/ANCHORS/2026-05-08T00-46-08Z_cloud_clone_sync.json
2026-05-07T20:51:38.0000000000Z	1030	/mnt/h/AETHIEAOPSYS/CLOUD_CLONE/DATA/MEMORY/ANCHORS/2026-05-08T00-51-24Z_cloud_clone_sync.json
2026-05-07T20:51:38.0000000000Z	1030	/mnt/h/AETHIEAOPSYS/DATA/MEMORY/ANCHORS/2026-05-08T00-51-24Z_cloud_clone_sync.json
2026-05-07T20:56:58.0000000000Z	1030	/mnt/h/AETHIEAOPSYS/CLOUD_CLONE/DATA/MEMORY/ANCHORS/2026-05-08T00-56-44Z_cloud_clone_sync.json
2026-05-07T20:56:58.0000000000Z	1030	/mnt/h/AETHIEAOPSYS/DATA/MEMORY/ANCHORS/2026-05-08T00-56-44Z_cloud_clone_sync.json
2026-05-07T21:02:18.0000000000Z	1030	/mnt/h/AETHIEAOPSYS/CLOUD_CLONE/DATA/MEMORY/ANCHORS/2026-05-08T01-02-04Z_cloud_clone_sync.json
2026-05-07T21:02:18.0000000000Z	1030	/mnt/h/AETHIEAOPSYS/DATA/MEMORY/ANCHORS/2026-05-08T01-02-04Z_cloud_clone_sync.json
2026-05-07T21:07:38.0000000000Z	1030	/mnt/h/AETHIEAOPSYS/CLOUD_CLONE/DATA/MEMORY/ANCHORS/2026-05-08T01-07-24Z_cloud_clone_sync.json
2026-05-07T21:07:38.0000000000Z	1030	/mnt/h/AETHIEAOPSYS/DATA/MEMORY/ANCHORS/2026-05-08T01-07-24Z_cloud_clone_sync.json
2026-05-07T21:12:58.0000000000Z	1030	/mnt/h/AETHIEAOPSYS/CLOUD_CLONE/DATA/MEMORY/ANCHORS/2026-05-08T01-12-44Z_cloud_clone_sync.json
2026-05-07T21:12:58.0000000000Z	1030	/mnt/h/AETHIEAOPSYS/DATA/MEMORY/ANCHORS/2026-05-08T01-12-44Z_cloud_clone_sync.json
2026-05-07T21:18:16.0000000000Z	1030	/mnt/h/AETHIEAOPSYS/CLOUD_CLONE/DATA/MEMORY/ANCHORS/2026-05-08T01-18-03Z_cloud_clone_sync.json
2026-05-07T21:18:16.0000000000Z	1030	/mnt/h/AETHIEAOPSYS/DATA/MEMORY/ANCHORS/2026-05-08T01-18-03Z_cloud_clone_sync.json
2026-05-07T21:23:34.0000000000Z	1030	/mnt/h/AETHIEAOPSYS/CLOUD_CLONE/DATA/MEMORY/ANCHORS/2026-05-08T01-23-22Z_cloud_clone_sync.json
2026-05-07T21:23:34.0000000000Z	1030	/mnt/h/AETHIEAOPSYS/DATA/MEMORY/ANCHORS/2026-05-08T01-23-22Z_cloud_clone_sync.json
2026-05-07T21:28:54.0000000000Z	1030	/mnt/h/AETHIEAOPSYS/CLOUD_CLONE/DATA/MEMORY/ANCHORS/2026-05-08T01-28-39Z_cloud_clone_sync.json
2026-05-07T21:28:54.0000000000Z	1030	/mnt/h/AETHIEAOPSYS/DATA/MEMORY/ANCHORS/2026-05-08T01-28-39Z_cloud_clone_sync.json
2026-05-07T21:34:10.0000000000Z	1030	/mnt/h/AETHIEAOPSYS/CLOUD_CLONE/DATA/MEMORY/ANCHORS/2026-05-08T01-33-57Z_cloud_clone_sync.json
2026-05-07T21:34:10.0000000000Z	1030	/mnt/h/AETHIEAOPSYS/DATA/MEMORY/ANCHORS/2026-05-08T01-33-57Z_cloud_clone_sync.json
2026-05-07T21:39:28.0000000000Z	1030	/mnt/h/AETHIEAOPSYS/CLOUD_CLONE/DATA/MEMORY/ANCHORS/2026-05-08T01-39-14Z_cloud_clone_sync.json
2026-05-07T21:39:28.0000000000Z	1030	/mnt/h/AETHIEAOPSYS/DATA/MEMORY/ANCHORS/2026-05-08T01-39-14Z_cloud_clone_sync.json
2026-05-07T21:44:48.0000000000Z	1030	/mnt/h/AETHIEAOPSYS/CLOUD_CLONE/DATA/MEMORY/ANCHORS/2026-05-08T01-44-33Z_cloud_clone_sync.json
2026-05-07T21:44:48.0000000000Z	1030	/mnt/h/AETHIEAOPSYS/DATA/MEMORY/ANCHORS/2026-05-08T01-44-33Z_cloud_clone_sync.json
2026-05-07T21:50:10.0000000000Z	1030	/mnt/h/AETHIEAOPSYS/CLOUD_CLONE/DATA/MEMORY/ANCHORS/2026-05-08T01-49-55Z_cloud_clone_sync.json
2026-05-07T21:50:10.0000000000Z	1030	/mnt/h/AETHIEAOPSYS/DATA/MEMORY/ANCHORS/2026-05-08T01-49-55Z_cloud_clone_sync.json
2026-05-07T21:55:30.0000000000Z	1030	/mnt/h/AETHIEAOPSYS/CLOUD_CLONE/DATA/MEMORY/ANCHORS/2026-05-08T01-55-16Z_cloud_clone_sync.json
2026-05-07T21:55:30.0000000000Z	1030	/mnt/h/AETHIEAOPSYS/DATA/MEMORY/ANCHORS/2026-05-08T01-55-16Z_cloud_clone_sync.json
2026-05-07T22:00:52.0000000000Z	1030	/mnt/h/AETHIEAOPSYS/CLOUD_CLONE/DATA/MEMORY/ANCHORS/2026-05-08T02-00-36Z_cloud_clone_sync.json
2026-05-07T22:00:52.0000000000Z	1030	/mnt/h/AETHIEAOPSYS/DATA/MEMORY/ANCHORS/2026-05-08T02-00-36Z_cloud_clone_sync.json
2026-05-07T22:06:12.0000000000Z	1030	/mnt/h/AETHIEAOPSYS/CLOUD_CLONE/DATA/MEMORY/ANCHORS/2026-05-08T02-05-57Z_cloud_clone_sync.json
2026-05-07T22:06:12.0000000000Z	1030	/mnt/h/AETHIEAOPSYS/DATA/MEMORY/ANCHORS/2026-05-08T02-05-57Z_cloud_clone_sync.json
2026-05-07T22:11:34.0000000000Z	1030	/mnt/h/AETHIEAOPSYS/DATA/MEMORY/ANCHORS/2026-05-08T02-11-19Z_cloud_clone_sync.json
2026-05-07T22:11:36.0000000000Z	1030	/mnt/h/AETHIEAOPSYS/CLOUD_CLONE/DATA/MEMORY/ANCHORS/2026-05-08T02-11-19Z_cloud_clone_sync.json
2026-05-07T22:16:56.0000000000Z	1030	/mnt/h/AETHIEAOPSYS/CLOUD_CLONE/DATA/MEMORY/ANCHORS/2026-05-08T02-16-40Z_cloud_clone_sync.json
2026-05-07T22:16:56.0000000000Z	1030	/mnt/h/AETHIEAOPSYS/DATA/MEMORY/ANCHORS/2026-05-08T02-16-40Z_cloud_clone_sync.json
2026-05-07T22:22:14.0000000000Z	1030	/mnt/h/AETHIEAOPSYS/CLOUD_CLONE/DATA/MEMORY/ANCHORS/2026-05-08T02-21-59Z_cloud_clone_sync.json
2026-05-07T22:22:14.0000000000Z	1030	/mnt/h/AETHIEAOPSYS/DATA/MEMORY/ANCHORS/2026-05-08T02-21-59Z_cloud_clone_sync.json
2026-05-07T22:27:32.0000000000Z	1030	/mnt/h/AETHIEAOPSYS/CLOUD_CLONE/DATA/MEMORY/ANCHORS/2026-05-08T02-27-17Z_cloud_clone_sync.json
2026-05-07T22:27:32.0000000000Z	1030	/mnt/h/AETHIEAOPSYS/DATA/MEMORY/ANCHORS/2026-05-08T02-27-17Z_cloud_clone_sync.json
2026-05-07T22:32:50.0000000000Z	1030	/mnt/h/AETHIEAOPSYS/CLOUD_CLONE/DATA/MEMORY/ANCHORS/2026-05-08T02-32-36Z_cloud_clone_sync.json
2026-05-07T22:32:50.0000000000Z	1030	/mnt/h/AETHIEAOPSYS/DATA/MEMORY/ANCHORS/2026-05-08T02-32-36Z_cloud_clone_sync.json
2026-05-07T22:38:08.0000000000Z	1030	/mnt/h/AETHIEAOPSYS/CLOUD_CLONE/DATA/MEMORY/ANCHORS/2026-05-08T02-37-54Z_cloud_clone_sync.json
2026-05-07T22:38:08.0000000000Z	1030	/mnt/h/AETHIEAOPSYS/DATA/MEMORY/ANCHORS/2026-05-08T02-37-54Z_cloud_clone_sync.json
2026-05-07T22:43:28.0000000000Z	1030	/mnt/h/AETHIEAOPSYS/CLOUD_CLONE/DATA/MEMORY/ANCHORS/2026-05-08T02-43-13Z_cloud_clone_sync.json
2026-05-07T22:43:28.0000000000Z	1030	/mnt/h/AETHIEAOPSYS/DATA/MEMORY/ANCHORS/2026-05-08T02-43-13Z_cloud_clone_sync.json
2026-05-07T22:48:46.0000000000Z	1030	/mnt/h/AETHIEAOPSYS/CLOUD_CLONE/DATA/MEMORY/ANCHORS/2026-05-08T02-48-32Z_cloud_clone_sync.json
2026-05-07T22:48:46.0000000000Z	1030	/mnt/h/AETHIEAOPSYS/DATA/MEMORY/ANCHORS/2026-05-08T02-48-32Z_cloud_clone_sync.json
2026-05-07T22:54:04.0000000000Z	1030	/mnt/h/AETHIEAOPSYS/CLOUD_CLONE/DATA/MEMORY/ANCHORS/2026-05-08T02-53-49Z_cloud_clone_sync.json
2026-05-07T22:54:04.0000000000Z	1030	/mnt/h/AETHIEAOPSYS/DATA/MEMORY/ANCHORS/2026-05-08T02-53-49Z_cloud_clone_sync.json
2026-05-07T22:59:24.0000000000Z	1030	/mnt/h/AETHIEAOPSYS/CLOUD_CLONE/DATA/MEMORY/ANCHORS/2026-05-08T02-59-09Z_cloud_clone_sync.json
2026-05-07T22:59:24.0000000000Z	1030	/mnt/h/AETHIEAOPSYS/DATA/MEMORY/ANCHORS/2026-05-08T02-59-09Z_cloud_clone_sync.json
2026-05-07T23:04:44.0000000000Z	1030	/mnt/h/AETHIEAOPSYS/CLOUD_CLONE/DATA/MEMORY/ANCHORS/2026-05-08T03-04-30Z_cloud_clone_sync.json
2026-05-07T23:04:44.0000000000Z	1030	/mnt/h/AETHIEAOPSYS/DATA/MEMORY/ANCHORS/2026-05-08T03-04-30Z_cloud_clone_sync.json
2026-05-07T23:10:06.0000000000Z	1030	/mnt/h/AETHIEAOPSYS/CLOUD_CLONE/DATA/MEMORY/ANCHORS/2026-05-08T03-09-52Z_cloud_clone_sync.json
2026-05-07T23:10:06.0000000000Z	1030	/mnt/h/AETHIEAOPSYS/DATA/MEMORY/ANCHORS/2026-05-08T03-09-52Z_cloud_clone_sync.json
2026-05-07T23:15:24.0000000000Z	1030	/mnt/h/AETHIEAOPSYS/CLOUD_CLONE/DATA/MEMORY/ANCHORS/2026-05-08T03-15-09Z_cloud_clone_sync.json
2026-05-07T23:15:24.0000000000Z	1030	/mnt/h/AETHIEAOPSYS/DATA/MEMORY/ANCHORS/2026-05-08T03-15-09Z_cloud_clone_sync.json
2026-05-07T23:20:42.0000000000Z	1030	/mnt/h/AETHIEAOPSYS/CLOUD_CLONE/DATA/MEMORY/ANCHORS/2026-05-08T03-20-28Z_cloud_clone_sync.json
2026-05-07T23:20:42.0000000000Z	1030	/mnt/h/AETHIEAOPSYS/DATA/MEMORY/ANCHORS/2026-05-08T03-20-28Z_cloud_clone_sync.json
2026-05-07T23:26:02.0000000000Z	1030	/mnt/h/AETHIEAOPSYS/CLOUD_CLONE/DATA/MEMORY/ANCHORS/2026-05-08T03-25-47Z_cloud_clone_sync.json
2026-05-07T23:26:02.0000000000Z	1030	/mnt/h/AETHIEAOPSYS/DATA/MEMORY/ANCHORS/2026-05-08T03-25-47Z_cloud_clone_sync.json
2026-05-07T23:31:24.0000000000Z	1030	/mnt/h/AETHIEAOPSYS/CLOUD_CLONE/DATA/MEMORY/ANCHORS/2026-05-08T03-31-08Z_cloud_clone_sync.json
2026-05-07T23:31:24.0000000000Z	1030	/mnt/h/AETHIEAOPSYS/DATA/MEMORY/ANCHORS/2026-05-08T03-31-08Z_cloud_clone_sync.json
2026-05-07T23:36:44.0000000000Z	1030	/mnt/h/AETHIEAOPSYS/CLOUD_CLONE/DATA/MEMORY/ANCHORS/2026-05-08T03-36-28Z_cloud_clone_sync.json
2026-05-07T23:36:44.0000000000Z	1030	/mnt/h/AETHIEAOPSYS/DATA/MEMORY/ANCHORS/2026-05-08T03-36-28Z_cloud_clone_sync.json
2026-05-07T23:42:02.0000000000Z	1030	/mnt/h/AETHIEAOPSYS/CLOUD_CLONE/DATA/MEMORY/ANCHORS/2026-05-08T03-41-46Z_cloud_clone_sync.json
2026-05-07T23:42:02.0000000000Z	1030	/mnt/h/AETHIEAOPSYS/DATA/MEMORY/ANCHORS/2026-05-08T03-41-46Z_cloud_clone_sync.json
2026-05-07T23:47:20.0000000000Z	1030	/mnt/h/AETHIEAOPSYS/CLOUD_CLONE/DATA/MEMORY/ANCHORS/2026-05-08T03-47-05Z_cloud_clone_sync.json
2026-05-07T23:47:20.0000000000Z	1030	/mnt/h/AETHIEAOPSYS/DATA/MEMORY/ANCHORS/2026-05-08T03-47-05Z_cloud_clone_sync.json
2026-05-07T23:52:40.0000000000Z	1030	/mnt/h/AETHIEAOPSYS/CLOUD_CLONE/DATA/MEMORY/ANCHORS/2026-05-08T03-52-25Z_cloud_clone_sync.json
2026-05-07T23:52:40.0000000000Z	1030	/mnt/h/AETHIEAOPSYS/DATA/MEMORY/ANCHORS/2026-05-08T03-52-25Z_cloud_clone_sync.json
2026-05-07T23:58:00.0000000000Z	1030	/mnt/h/AETHIEAOPSYS/CLOUD_CLONE/DATA/MEMORY/ANCHORS/2026-05-08T03-57-45Z_cloud_clone_sync.json
2026-05-07T23:58:00.0000000000Z	1030	/mnt/h/AETHIEAOPSYS/DATA/MEMORY/ANCHORS/2026-05-08T03-57-45Z_cloud_clone_sync.json
2026-05-08T00:03:22.0000000000Z	1030	/mnt/h/AETHIEAOPSYS/CLOUD_CLONE/DATA/MEMORY/ANCHORS/2026-05-08T04-03-06Z_cloud_clone_sync.json
2026-05-08T00:03:22.0000000000Z	1030	/mnt/h/AETHIEAOPSYS/DATA/MEMORY/ANCHORS/2026-05-08T04-03-06Z_cloud_clone_sync.json
2026-05-08T00:08:44.0000000000Z	1030	/mnt/h/AETHIEAOPSYS/CLOUD_CLONE/DATA/MEMORY/ANCHORS/2026-05-08T04-08-29Z_cloud_clone_sync.json
2026-05-08T00:08:44.0000000000Z	1030	/mnt/h/AETHIEAOPSYS/DATA/MEMORY/ANCHORS/2026-05-08T04-08-29Z_cloud_clone_sync.json
2026-05-08T00:14:04.0000000000Z	1030	/mnt/h/AETHIEAOPSYS/CLOUD_CLONE/DATA/MEMORY/ANCHORS/2026-05-08T04-13-49Z_cloud_clone_sync.json
2026-05-08T00:14:04.0000000000Z	1030	/mnt/h/AETHIEAOPSYS/DATA/MEMORY/ANCHORS/2026-05-08T04-13-49Z_cloud_clone_sync.json
2026-05-08T00:19:24.0000000000Z	1030	/mnt/h/AETHIEAOPSYS/CLOUD_CLONE/DATA/MEMORY/ANCHORS/2026-05-08T04-19-10Z_cloud_clone_sync.json
2026-05-08T00:19:24.0000000000Z	1030	/mnt/h/AETHIEAOPSYS/DATA/MEMORY/ANCHORS/2026-05-08T04-19-10Z_cloud_clone_sync.json
2026-05-08T00:24:46.0000000000Z	1030	/mnt/h/AETHIEAOPSYS/CLOUD_CLONE/DATA/MEMORY/ANCHORS/2026-05-08T04-24-31Z_cloud_clone_sync.json
2026-05-08T00:24:46.0000000000Z	1030	/mnt/h/AETHIEAOPSYS/DATA/MEMORY/ANCHORS/2026-05-08T04-24-31Z_cloud_clone_sync.json
2026-05-08T00:30:08.0000000000Z	1030	/mnt/h/AETHIEAOPSYS/CLOUD_CLONE/DATA/MEMORY/ANCHORS/2026-05-08T04-29-52Z_cloud_clone_sync.json
2026-05-08T00:30:08.0000000000Z	1030	/mnt/h/AETHIEAOPSYS/DATA/MEMORY/ANCHORS/2026-05-08T04-29-52Z_cloud_clone_sync.json
2026-05-08T00:35:30.0000000000Z	1030	/mnt/h/AETHIEAOPSYS/CLOUD_CLONE/DATA/MEMORY/ANCHORS/2026-05-08T04-35-14Z_cloud_clone_sync.json
2026-05-08T00:35:30.0000000000Z	1030	/mnt/h/AETHIEAOPSYS/DATA/MEMORY/ANCHORS/2026-05-08T04-35-14Z_cloud_clone_sync.json
2026-05-08T00:40:52.0000000000Z	1030	/mnt/h/AETHIEAOPSYS/CLOUD_CLONE/DATA/MEMORY/ANCHORS/2026-05-08T04-40-37Z_cloud_clone_sync.json
2026-05-08T00:40:52.0000000000Z	1030	/mnt/h/AETHIEAOPSYS/DATA/MEMORY/ANCHORS/2026-05-08T04-40-37Z_cloud_clone_sync.json
2026-05-08T00:46:14.0000000000Z	1030	/mnt/h/AETHIEAOPSYS/CLOUD_CLONE/DATA/MEMORY/ANCHORS/2026-05-08T04-46-00Z_cloud_clone_sync.json
2026-05-08T00:46:14.0000000000Z	1030	/mnt/h/AETHIEAOPSYS/DATA/MEMORY/ANCHORS/2026-05-08T04-46-00Z_cloud_clone_sync.json
2026-05-08T00:51:38.0000000000Z	1030	/mnt/h/AETHIEAOPSYS/CLOUD_CLONE/DATA/MEMORY/ANCHORS/2026-05-08T04-51-22Z_cloud_clone_sync.json
2026-05-08T00:51:38.0000000000Z	1030	/mnt/h/AETHIEAOPSYS/DATA/MEMORY/ANCHORS/2026-05-08T04-51-22Z_cloud_clone_sync.json
2026-05-08T00:57:00.0000000000Z	1030	/mnt/h/AETHIEAOPSYS/CLOUD_CLONE/DATA/MEMORY/ANCHORS/2026-05-08T04-56-44Z_cloud_clone_sync.json
2026-05-08T00:57:00.0000000000Z	1030	/mnt/h/AETHIEAOPSYS/DATA/MEMORY/ANCHORS/2026-05-08T04-56-44Z_cloud_clone_sync.json
2026-05-08T01:02:18.0000000000Z	1030	/mnt/h/AETHIEAOPSYS/CLOUD_CLONE/DATA/MEMORY/ANCHORS/2026-05-08T05-02-03Z_cloud_clone_sync.json
2026-05-08T01:02:18.0000000000Z	1030	/mnt/h/AETHIEAOPSYS/DATA/MEMORY/ANCHORS/2026-05-08T05-02-03Z_cloud_clone_sync.json
2026-05-08T01:07:38.0000000000Z	1030	/mnt/h/AETHIEAOPSYS/CLOUD_CLONE/DATA/MEMORY/ANCHORS/2026-05-08T05-07-23Z_cloud_clone_sync.json
2026-05-08T01:07:38.0000000000Z	1030	/mnt/h/AETHIEAOPSYS/DATA/MEMORY/ANCHORS/2026-05-08T05-07-23Z_cloud_clone_sync.json
2026-05-08T01:12:58.0000000000Z	1030	/mnt/h/AETHIEAOPSYS/CLOUD_CLONE/DATA/MEMORY/ANCHORS/2026-05-08T05-12-44Z_cloud_clone_sync.json
2026-05-08T01:12:58.0000000000Z	1030	/mnt/h/AETHIEAOPSYS/DATA/MEMORY/ANCHORS/2026-05-08T05-12-44Z_cloud_clone_sync.json
2026-05-08T01:18:20.0000000000Z	1030	/mnt/h/AETHIEAOPSYS/CLOUD_CLONE/DATA/MEMORY/ANCHORS/2026-05-08T05-18-05Z_cloud_clone_sync.json
2026-05-08T01:18:20.0000000000Z	1030	/mnt/h/AETHIEAOPSYS/DATA/MEMORY/ANCHORS/2026-05-08T05-18-05Z_cloud_clone_sync.json
2026-05-08T01:23:42.0000000000Z	1030	/mnt/h/AETHIEAOPSYS/CLOUD_CLONE/DATA/MEMORY/ANCHORS/2026-05-08T05-23-26Z_cloud_clone_sync.json
2026-05-08T01:23:42.0000000000Z	1030	/mnt/h/AETHIEAOPSYS/DATA/MEMORY/ANCHORS/2026-05-08T05-23-26Z_cloud_clone_sync.json
2026-05-08T01:29:02.0000000000Z	1030	/mnt/h/AETHIEAOPSYS/CLOUD_CLONE/DATA/MEMORY/ANCHORS/2026-05-08T05-28-47Z_cloud_clone_sync.json
2026-05-08T01:29:02.0000000000Z	1030	/mnt/h/AETHIEAOPSYS/DATA/MEMORY/ANCHORS/2026-05-08T05-28-47Z_cloud_clone_sync.json
2026-05-08T01:34:24.0000000000Z	1030	/mnt/h/AETHIEAOPSYS/CLOUD_CLONE/DATA/MEMORY/ANCHORS/2026-05-08T05-34-09Z_cloud_clone_sync.json
2026-05-08T01:34:24.0000000000Z	1030	/mnt/h/AETHIEAOPSYS/DATA/MEMORY/ANCHORS/2026-05-08T05-34-09Z_cloud_clone_sync.json
2026-05-08T01:39:48.0000000000Z	1030	/mnt/h/AETHIEAOPSYS/CLOUD_CLONE/DATA/MEMORY/ANCHORS/2026-05-08T05-39-32Z_cloud_clone_sync.json
2026-05-08T01:39:48.0000000000Z	1030	/mnt/h/AETHIEAOPSYS/DATA/MEMORY/ANCHORS/2026-05-08T05-39-32Z_cloud_clone_sync.json
2026-05-08T01:45:10.0000000000Z	1030	/mnt/h/AETHIEAOPSYS/CLOUD_CLONE/DATA/MEMORY/ANCHORS/2026-05-08T05-44-54Z_cloud_clone_sync.json
2026-05-08T01:45:10.0000000000Z	1030	/mnt/h/AETHIEAOPSYS/DATA/MEMORY/ANCHORS/2026-05-08T05-44-54Z_cloud_clone_sync.json
2026-05-08T01:50:28.0000000000Z	1030	/mnt/h/AETHIEAOPSYS/CLOUD_CLONE/DATA/MEMORY/ANCHORS/2026-05-08T05-50-13Z_cloud_clone_sync.json
2026-05-08T01:50:28.0000000000Z	1030	/mnt/h/AETHIEAOPSYS/DATA/MEMORY/ANCHORS/2026-05-08T05-50-13Z_cloud_clone_sync.json
2026-05-08T01:55:50.0000000000Z	1030	/mnt/h/AETHIEAOPSYS/CLOUD_CLONE/DATA/MEMORY/ANCHORS/2026-05-08T05-55-34Z_cloud_clone_sync.json
2026-05-08T01:55:50.0000000000Z	1030	/mnt/h/AETHIEAOPSYS/DATA/MEMORY/ANCHORS/2026-05-08T05-55-34Z_cloud_clone_sync.json
2026-05-08T02:01:12.0000000000Z	1030	/mnt/h/AETHIEAOPSYS/CLOUD_CLONE/DATA/MEMORY/ANCHORS/2026-05-08T06-00-56Z_cloud_clone_sync.json
2026-05-08T02:01:12.0000000000Z	1030	/mnt/h/AETHIEAOPSYS/DATA/MEMORY/ANCHORS/2026-05-08T06-00-56Z_cloud_clone_sync.json
2026-05-08T02:06:34.0000000000Z	1030	/mnt/h/AETHIEAOPSYS/CLOUD_CLONE/DATA/MEMORY/ANCHORS/2026-05-08T06-06-19Z_cloud_clone_sync.json
2026-05-08T02:06:34.0000000000Z	1030	/mnt/h/AETHIEAOPSYS/DATA/MEMORY/ANCHORS/2026-05-08T06-06-19Z_cloud_clone_sync.json
2026-05-08T02:11:56.0000000000Z	1030	/mnt/h/AETHIEAOPSYS/CLOUD_CLONE/DATA/MEMORY/ANCHORS/2026-05-08T06-11-41Z_cloud_clone_sync.json
2026-05-08T02:11:56.0000000000Z	1030	/mnt/h/AETHIEAOPSYS/DATA/MEMORY/ANCHORS/2026-05-08T06-11-41Z_cloud_clone_sync.json
2026-05-08T02:17:16.0000000000Z	1030	/mnt/h/AETHIEAOPSYS/CLOUD_CLONE/DATA/MEMORY/ANCHORS/2026-05-08T06-17-00Z_cloud_clone_sync.json
2026-05-08T02:17:16.0000000000Z	1030	/mnt/h/AETHIEAOPSYS/DATA/MEMORY/ANCHORS/2026-05-08T06-17-00Z_cloud_clone_sync.json
2026-05-08T02:22:36.0000000000Z	1030	/mnt/h/AETHIEAOPSYS/CLOUD_CLONE/DATA/MEMORY/ANCHORS/2026-05-08T06-22-21Z_cloud_clone_sync.json
2026-05-08T02:22:36.0000000000Z	1030	/mnt/h/AETHIEAOPSYS/DATA/MEMORY/ANCHORS/2026-05-08T06-22-21Z_cloud_clone_sync.json
2026-05-08T02:27:58.0000000000Z	1030	/mnt/h/AETHIEAOPSYS/CLOUD_CLONE/DATA/MEMORY/ANCHORS/2026-05-08T06-27-42Z_cloud_clone_sync.json
2026-05-08T02:27:58.0000000000Z	1030	/mnt/h/AETHIEAOPSYS/DATA/MEMORY/ANCHORS/2026-05-08T06-27-42Z_cloud_clone_sync.json
2026-05-08T02:33:20.0000000000Z	1030	/mnt/h/AETHIEAOPSYS/CLOUD_CLONE/DATA/MEMORY/ANCHORS/2026-05-08T06-33-04Z_cloud_clone_sync.json
2026-05-08T02:33:20.0000000000Z	1030	/mnt/h/AETHIEAOPSYS/DATA/MEMORY/ANCHORS/2026-05-08T06-33-04Z_cloud_clone_sync.json
2026-05-08T02:38:42.0000000000Z	1030	/mnt/h/AETHIEAOPSYS/CLOUD_CLONE/DATA/MEMORY/ANCHORS/2026-05-08T06-38-27Z_cloud_clone_sync.json
2026-05-08T02:38:42.0000000000Z	1030	/mnt/h/AETHIEAOPSYS/DATA/MEMORY/ANCHORS/2026-05-08T06-38-27Z_cloud_clone_sync.json
2026-05-08T02:44:04.0000000000Z	1030	/mnt/h/AETHIEAOPSYS/CLOUD_CLONE/DATA/MEMORY/ANCHORS/2026-05-08T06-43-47Z_cloud_clone_sync.json
2026-05-08T02:44:04.0000000000Z	1030	/mnt/h/AETHIEAOPSYS/DATA/MEMORY/ANCHORS/2026-05-08T06-43-47Z_cloud_clone_sync.json
2026-05-08T02:49:24.0000000000Z	1030	/mnt/h/AETHIEAOPSYS/CLOUD_CLONE/DATA/MEMORY/ANCHORS/2026-05-08T06-49-10Z_cloud_clone_sync.json
2026-05-08T02:49:24.0000000000Z	1030	/mnt/h/AETHIEAOPSYS/DATA/MEMORY/ANCHORS/2026-05-08T06-49-10Z_cloud_clone_sync.json
2026-05-08T02:54:46.0000000000Z	1030	/mnt/h/AETHIEAOPSYS/CLOUD_CLONE/DATA/MEMORY/ANCHORS/2026-05-08T06-54-30Z_cloud_clone_sync.json
2026-05-08T02:54:46.0000000000Z	1030	/mnt/h/AETHIEAOPSYS/DATA/MEMORY/ANCHORS/2026-05-08T06-54-30Z_cloud_clone_sync.json
2026-05-08T03:00:08.0000000000Z	1030	/mnt/h/AETHIEAOPSYS/CLOUD_CLONE/DATA/MEMORY/ANCHORS/2026-05-08T06-59-52Z_cloud_clone_sync.json
2026-05-08T03:00:08.0000000000Z	1030	/mnt/h/AETHIEAOPSYS/DATA/MEMORY/ANCHORS/2026-05-08T06-59-52Z_cloud_clone_sync.json
2026-05-08T03:05:30.0000000000Z	1030	/mnt/h/AETHIEAOPSYS/CLOUD_CLONE/DATA/MEMORY/ANCHORS/2026-05-08T07-05-15Z_cloud_clone_sync.json
2026-05-08T03:05:30.0000000000Z	1030	/mnt/h/AETHIEAOPSYS/DATA/MEMORY/ANCHORS/2026-05-08T07-05-15Z_cloud_clone_sync.json
2026-05-08T03:10:54.0000000000Z	1030	/mnt/h/AETHIEAOPSYS/CLOUD_CLONE/DATA/MEMORY/ANCHORS/2026-05-08T07-10-38Z_cloud_clone_sync.json
2026-05-08T03:10:54.0000000000Z	1030	/mnt/h/AETHIEAOPSYS/DATA/MEMORY/ANCHORS/2026-05-08T07-10-38Z_cloud_clone_sync.json
2026-05-08T03:16:16.0000000000Z	1030	/mnt/h/AETHIEAOPSYS/CLOUD_CLONE/DATA/MEMORY/ANCHORS/2026-05-08T07-16-00Z_cloud_clone_sync.json
2026-05-08T03:16:16.0000000000Z	1030	/mnt/h/AETHIEAOPSYS/DATA/MEMORY/ANCHORS/2026-05-08T07-16-00Z_cloud_clone_sync.json
2026-05-08T03:21:38.0000000000Z	1030	/mnt/h/AETHIEAOPSYS/CLOUD_CLONE/DATA/MEMORY/ANCHORS/2026-05-08T07-21-22Z_cloud_clone_sync.json
2026-05-08T03:21:38.0000000000Z	1030	/mnt/h/AETHIEAOPSYS/DATA/MEMORY/ANCHORS/2026-05-08T07-21-22Z_cloud_clone_sync.json
2026-05-08T03:27:00.0000000000Z	1030	/mnt/h/AETHIEAOPSYS/CLOUD_CLONE/DATA/MEMORY/ANCHORS/2026-05-08T07-26-45Z_cloud_clone_sync.json
2026-05-08T03:27:00.0000000000Z	1030	/mnt/h/AETHIEAOPSYS/DATA/MEMORY/ANCHORS/2026-05-08T07-26-45Z_cloud_clone_sync.json
2026-05-08T03:32:26.0000000000Z	1030	/mnt/h/AETHIEAOPSYS/CLOUD_CLONE/DATA/MEMORY/ANCHORS/2026-05-08T07-32-09Z_cloud_clone_sync.json
2026-05-08T03:32:26.0000000000Z	1030	/mnt/h/AETHIEAOPSYS/DATA/MEMORY/ANCHORS/2026-05-08T07-32-09Z_cloud_clone_sync.json
2026-05-08T03:37:48.0000000000Z	1030	/mnt/h/AETHIEAOPSYS/CLOUD_CLONE/DATA/MEMORY/ANCHORS/2026-05-08T07-37-34Z_cloud_clone_sync.json
2026-05-08T03:37:48.0000000000Z	1030	/mnt/h/AETHIEAOPSYS/DATA/MEMORY/ANCHORS/2026-05-08T07-37-34Z_cloud_clone_sync.json
2026-05-08T03:43:12.0000000000Z	1030	/mnt/h/AETHIEAOPSYS/CLOUD_CLONE/DATA/MEMORY/ANCHORS/2026-05-08T07-42-56Z_cloud_clone_sync.json
2026-05-08T03:43:12.0000000000Z	1030	/mnt/h/AETHIEAOPSYS/DATA/MEMORY/ANCHORS/2026-05-08T07-42-56Z_cloud_clone_sync.json
2026-05-08T03:48:34.0000000000Z	1030	/mnt/h/AETHIEAOPSYS/CLOUD_CLONE/DATA/MEMORY/ANCHORS/2026-05-08T07-48-18Z_cloud_clone_sync.json
2026-05-08T03:48:34.0000000000Z	1030	/mnt/h/AETHIEAOPSYS/DATA/MEMORY/ANCHORS/2026-05-08T07-48-18Z_cloud_clone_sync.json
2026-05-08T03:53:58.0000000000Z	1030	/mnt/h/AETHIEAOPSYS/CLOUD_CLONE/DATA/MEMORY/ANCHORS/2026-05-08T07-53-42Z_cloud_clone_sync.json
2026-05-08T03:53:58.0000000000Z	1030	/mnt/h/AETHIEAOPSYS/DATA/MEMORY/ANCHORS/2026-05-08T07-53-42Z_cloud_clone_sync.json
2026-05-08T03:59:22.0000000000Z	1030	/mnt/h/AETHIEAOPSYS/CLOUD_CLONE/DATA/MEMORY/ANCHORS/2026-05-08T07-59-06Z_cloud_clone_sync.json
2026-05-08T03:59:22.0000000000Z	1030	/mnt/h/AETHIEAOPSYS/DATA/MEMORY/ANCHORS/2026-05-08T07-59-06Z_cloud_clone_sync.json
2026-05-08T04:04:48.0000000000Z	1030	/mnt/h/AETHIEAOPSYS/CLOUD_CLONE/DATA/MEMORY/ANCHORS/2026-05-08T08-04-31Z_cloud_clone_sync.json
2026-05-08T04:04:48.0000000000Z	1030	/mnt/h/AETHIEAOPSYS/DATA/MEMORY/ANCHORS/2026-05-08T08-04-31Z_cloud_clone_sync.json
2026-05-08T04:10:12.0000000000Z	1030	/mnt/h/AETHIEAOPSYS/CLOUD_CLONE/DATA/MEMORY/ANCHORS/2026-05-08T08-09-55Z_cloud_clone_sync.json
2026-05-08T04:10:12.0000000000Z	1030	/mnt/h/AETHIEAOPSYS/DATA/MEMORY/ANCHORS/2026-05-08T08-09-55Z_cloud_clone_sync.json
2026-05-08T04:15:36.0000000000Z	1030	/mnt/h/AETHIEAOPSYS/CLOUD_CLONE/DATA/MEMORY/ANCHORS/2026-05-08T08-15-20Z_cloud_clone_sync.json
2026-05-08T04:15:36.0000000000Z	1030	/mnt/h/AETHIEAOPSYS/DATA/MEMORY/ANCHORS/2026-05-08T08-15-20Z_cloud_clone_sync.json
2026-05-08T04:21:00.0000000000Z	1030	/mnt/h/AETHIEAOPSYS/CLOUD_CLONE/DATA/MEMORY/ANCHORS/2026-05-08T08-20-45Z_cloud_clone_sync.json
2026-05-08T04:21:00.0000000000Z	1030	/mnt/h/AETHIEAOPSYS/DATA/MEMORY/ANCHORS/2026-05-08T08-20-45Z_cloud_clone_sync.json
2026-05-08T04:26:24.0000000000Z	1030	/mnt/h/AETHIEAOPSYS/CLOUD_CLONE/DATA/MEMORY/ANCHORS/2026-05-08T08-26-08Z_cloud_clone_sync.json
2026-05-08T04:26:24.0000000000Z	1030	/mnt/h/AETHIEAOPSYS/DATA/MEMORY/ANCHORS/2026-05-08T08-26-08Z_cloud_clone_sync.json
2026-05-08T04:31:44.0000000000Z	1030	/mnt/h/AETHIEAOPSYS/CLOUD_CLONE/DATA/MEMORY/ANCHORS/2026-05-08T08-31-29Z_cloud_clone_sync.json
2026-05-08T04:31:44.0000000000Z	1030	/mnt/h/AETHIEAOPSYS/DATA/MEMORY/ANCHORS/2026-05-08T08-31-29Z_cloud_clone_sync.json
2026-05-08T04:37:06.0000000000Z	1030	/mnt/h/AETHIEAOPSYS/CLOUD_CLONE/DATA/MEMORY/ANCHORS/2026-05-08T08-36-49Z_cloud_clone_sync.json
2026-05-08T04:37:06.0000000000Z	1030	/mnt/h/AETHIEAOPSYS/DATA/MEMORY/ANCHORS/2026-05-08T08-36-49Z_cloud_clone_sync.json
2026-05-08T04:42:26.0000000000Z	1030	/mnt/h/AETHIEAOPSYS/CLOUD_CLONE/DATA/MEMORY/ANCHORS/2026-05-08T08-42-10Z_cloud_clone_sync.json
2026-05-08T04:42:26.0000000000Z	1030	/mnt/h/AETHIEAOPSYS/DATA/MEMORY/ANCHORS/2026-05-08T08-42-10Z_cloud_clone_sync.json
2026-05-08T04:47:48.0000000000Z	1030	/mnt/h/AETHIEAOPSYS/CLOUD_CLONE/DATA/MEMORY/ANCHORS/2026-05-08T08-47-32Z_cloud_clone_sync.json
2026-05-08T04:47:48.0000000000Z	1030	/mnt/h/AETHIEAOPSYS/DATA/MEMORY/ANCHORS/2026-05-08T08-47-32Z_cloud_clone_sync.json
2026-05-08T04:53:12.0000000000Z	1030	/mnt/h/AETHIEAOPSYS/CLOUD_CLONE/DATA/MEMORY/ANCHORS/2026-05-08T08-52-56Z_cloud_clone_sync.json
2026-05-08T04:53:12.0000000000Z	1030	/mnt/h/AETHIEAOPSYS/DATA/MEMORY/ANCHORS/2026-05-08T08-52-56Z_cloud_clone_sync.json
2026-05-08T04:58:36.0000000000Z	1030	/mnt/h/AETHIEAOPSYS/CLOUD_CLONE/DATA/MEMORY/ANCHORS/2026-05-08T08-58-21Z_cloud_clone_sync.json
2026-05-08T04:58:36.0000000000Z	1030	/mnt/h/AETHIEAOPSYS/DATA/MEMORY/ANCHORS/2026-05-08T08-58-21Z_cloud_clone_sync.json
2026-05-08T05:04:02.0000000000Z	1030	/mnt/h/AETHIEAOPSYS/CLOUD_CLONE/DATA/MEMORY/ANCHORS/2026-05-08T09-03-45Z_cloud_clone_sync.json
2026-05-08T05:04:02.0000000000Z	1030	/mnt/h/AETHIEAOPSYS/DATA/MEMORY/ANCHORS/2026-05-08T09-03-45Z_cloud_clone_sync.json
2026-05-08T05:09:26.0000000000Z	1030	/mnt/h/AETHIEAOPSYS/CLOUD_CLONE/DATA/MEMORY/ANCHORS/2026-05-08T09-09-09Z_cloud_clone_sync.json
2026-05-08T05:09:26.0000000000Z	1030	/mnt/h/AETHIEAOPSYS/DATA/MEMORY/ANCHORS/2026-05-08T09-09-09Z_cloud_clone_sync.json
2026-05-08T05:14:50.0000000000Z	1030	/mnt/h/AETHIEAOPSYS/CLOUD_CLONE/DATA/MEMORY/ANCHORS/2026-05-08T09-14-34Z_cloud_clone_sync.json
2026-05-08T05:14:50.0000000000Z	1030	/mnt/h/AETHIEAOPSYS/DATA/MEMORY/ANCHORS/2026-05-08T09-14-34Z_cloud_clone_sync.json
2026-05-08T05:20:16.0000000000Z	1030	/mnt/h/AETHIEAOPSYS/CLOUD_CLONE/DATA/MEMORY/ANCHORS/2026-05-08T09-20-00Z_cloud_clone_sync.json
2026-05-08T05:20:16.0000000000Z	1030	/mnt/h/AETHIEAOPSYS/DATA/MEMORY/ANCHORS/2026-05-08T09-20-00Z_cloud_clone_sync.json
2026-05-08T05:25:42.0000000000Z	1030	/mnt/h/AETHIEAOPSYS/CLOUD_CLONE/DATA/MEMORY/ANCHORS/2026-05-08T09-25-25Z_cloud_clone_sync.json
2026-05-08T05:25:42.0000000000Z	1030	/mnt/h/AETHIEAOPSYS/DATA/MEMORY/ANCHORS/2026-05-08T09-25-25Z_cloud_clone_sync.json
2026-05-08T05:31:08.0000000000Z	1030	/mnt/h/AETHIEAOPSYS/CLOUD_CLONE/DATA/MEMORY/ANCHORS/2026-05-08T09-30-51Z_cloud_clone_sync.json
2026-05-08T05:31:08.0000000000Z	1030	/mnt/h/AETHIEAOPSYS/DATA/MEMORY/ANCHORS/2026-05-08T09-30-51Z_cloud_clone_sync.json
2026-05-08T05:36:38.0000000000Z	1030	/mnt/h/AETHIEAOPSYS/CLOUD_CLONE/DATA/MEMORY/ANCHORS/2026-05-08T09-36-18Z_cloud_clone_sync.json
2026-05-08T05:36:38.0000000000Z	1030	/mnt/h/AETHIEAOPSYS/DATA/MEMORY/ANCHORS/2026-05-08T09-36-18Z_cloud_clone_sync.json
2026-05-08T05:42:04.0000000000Z	1030	/mnt/h/AETHIEAOPSYS/CLOUD_CLONE/DATA/MEMORY/ANCHORS/2026-05-08T09-41-49Z_cloud_clone_sync.json
2026-05-08T05:42:04.0000000000Z	1030	/mnt/h/AETHIEAOPSYS/DATA/MEMORY/ANCHORS/2026-05-08T09-41-49Z_cloud_clone_sync.json
2026-05-08T05:47:28.0000000000Z	1030	/mnt/h/AETHIEAOPSYS/CLOUD_CLONE/DATA/MEMORY/ANCHORS/2026-05-08T09-47-11Z_cloud_clone_sync.json
2026-05-08T05:47:28.0000000000Z	1030	/mnt/h/AETHIEAOPSYS/DATA/MEMORY/ANCHORS/2026-05-08T09-47-11Z_cloud_clone_sync.json
2026-05-08T05:52:52.0000000000Z	1030	/mnt/h/AETHIEAOPSYS/CLOUD_CLONE/DATA/MEMORY/ANCHORS/2026-05-08T09-52-36Z_cloud_clone_sync.json
2026-05-08T05:52:52.0000000000Z	1030	/mnt/h/AETHIEAOPSYS/DATA/MEMORY/ANCHORS/2026-05-08T09-52-36Z_cloud_clone_sync.json
2026-05-08T05:58:16.0000000000Z	1030	/mnt/h/AETHIEAOPSYS/CLOUD_CLONE/DATA/MEMORY/ANCHORS/2026-05-08T09-57-59Z_cloud_clone_sync.json
2026-05-08T05:58:16.0000000000Z	1030	/mnt/h/AETHIEAOPSYS/DATA/MEMORY/ANCHORS/2026-05-08T09-57-59Z_cloud_clone_sync.json
2026-05-08T06:03:40.0000000000Z	1030	/mnt/h/AETHIEAOPSYS/CLOUD_CLONE/DATA/MEMORY/ANCHORS/2026-05-08T10-03-23Z_cloud_clone_sync.json
2026-05-08T06:03:40.0000000000Z	1030	/mnt/h/AETHIEAOPSYS/DATA/MEMORY/ANCHORS/2026-05-08T10-03-23Z_cloud_clone_sync.json
2026-05-08T06:09:06.0000000000Z	1030	/mnt/h/AETHIEAOPSYS/CLOUD_CLONE/DATA/MEMORY/ANCHORS/2026-05-08T10-08-50Z_cloud_clone_sync.json
2026-05-08T06:09:06.0000000000Z	1030	/mnt/h/AETHIEAOPSYS/DATA/MEMORY/ANCHORS/2026-05-08T10-08-50Z_cloud_clone_sync.json
2026-05-08T06:14:32.0000000000Z	1030	/mnt/h/AETHIEAOPSYS/CLOUD_CLONE/DATA/MEMORY/ANCHORS/2026-05-08T10-14-16Z_cloud_clone_sync.json
2026-05-08T06:14:32.0000000000Z	1030	/mnt/h/AETHIEAOPSYS/DATA/MEMORY/ANCHORS/2026-05-08T10-14-16Z_cloud_clone_sync.json
2026-05-08T06:19:58.0000000000Z	1030	/mnt/h/AETHIEAOPSYS/CLOUD_CLONE/DATA/MEMORY/ANCHORS/2026-05-08T10-19-41Z_cloud_clone_sync.json
2026-05-08T06:19:58.0000000000Z	1030	/mnt/h/AETHIEAOPSYS/DATA/MEMORY/ANCHORS/2026-05-08T10-19-41Z_cloud_clone_sync.json
2026-05-08T06:25:26.0000000000Z	1030	/mnt/h/AETHIEAOPSYS/CLOUD_CLONE/DATA/MEMORY/ANCHORS/2026-05-08T10-25-09Z_cloud_clone_sync.json
2026-05-08T06:25:26.0000000000Z	1030	/mnt/h/AETHIEAOPSYS/DATA/MEMORY/ANCHORS/2026-05-08T10-25-09Z_cloud_clone_sync.json
2026-05-08T06:30:52.0000000000Z	1030	/mnt/h/AETHIEAOPSYS/CLOUD_CLONE/DATA/MEMORY/ANCHORS/2026-05-08T10-30-36Z_cloud_clone_sync.json
2026-05-08T06:30:52.0000000000Z	1030	/mnt/h/AETHIEAOPSYS/DATA/MEMORY/ANCHORS/2026-05-08T10-30-36Z_cloud_clone_sync.json
2026-05-08T06:36:18.0000000000Z	1030	/mnt/h/AETHIEAOPSYS/CLOUD_CLONE/DATA/MEMORY/ANCHORS/2026-05-08T10-36-02Z_cloud_clone_sync.json
2026-05-08T06:36:18.0000000000Z	1030	/mnt/h/AETHIEAOPSYS/DATA/MEMORY/ANCHORS/2026-05-08T10-36-02Z_cloud_clone_sync.json
2026-05-08T06:41:46.0000000000Z	1030	/mnt/h/AETHIEAOPSYS/CLOUD_CLONE/DATA/MEMORY/ANCHORS/2026-05-08T10-41-29Z_cloud_clone_sync.json
2026-05-08T06:41:46.0000000000Z	1030	/mnt/h/AETHIEAOPSYS/DATA/MEMORY/ANCHORS/2026-05-08T10-41-29Z_cloud_clone_sync.json
2026-05-08T06:47:12.0000000000Z	1030	/mnt/h/AETHIEAOPSYS/CLOUD_CLONE/DATA/MEMORY/ANCHORS/2026-05-08T10-46-56Z_cloud_clone_sync.json
2026-05-08T06:47:12.0000000000Z	1030	/mnt/h/AETHIEAOPSYS/DATA/MEMORY/ANCHORS/2026-05-08T10-46-56Z_cloud_clone_sync.json
2026-05-08T06:52:40.0000000000Z	1030	/mnt/h/AETHIEAOPSYS/CLOUD_CLONE/DATA/MEMORY/ANCHORS/2026-05-08T10-52-24Z_cloud_clone_sync.json
2026-05-08T06:52:40.0000000000Z	1030	/mnt/h/AETHIEAOPSYS/DATA/MEMORY/ANCHORS/2026-05-08T10-52-24Z_cloud_clone_sync.json
2026-05-08T06:58:08.0000000000Z	1030	/mnt/h/AETHIEAOPSYS/CLOUD_CLONE/DATA/MEMORY/ANCHORS/2026-05-08T10-57-51Z_cloud_clone_sync.json
2026-05-08T06:58:08.0000000000Z	1030	/mnt/h/AETHIEAOPSYS/DATA/MEMORY/ANCHORS/2026-05-08T10-57-51Z_cloud_clone_sync.json
2026-05-08T07:03:36.0000000000Z	1030	/mnt/h/AETHIEAOPSYS/CLOUD_CLONE/DATA/MEMORY/ANCHORS/2026-05-08T11-03-19Z_cloud_clone_sync.json
2026-05-08T07:03:36.0000000000Z	1030	/mnt/h/AETHIEAOPSYS/DATA/MEMORY/ANCHORS/2026-05-08T11-03-19Z_cloud_clone_sync.json
2026-05-08T07:09:04.0000000000Z	1030	/mnt/h/AETHIEAOPSYS/CLOUD_CLONE/DATA/MEMORY/ANCHORS/2026-05-08T11-08-47Z_cloud_clone_sync.json
2026-05-08T07:09:04.0000000000Z	1030	/mnt/h/AETHIEAOPSYS/DATA/MEMORY/ANCHORS/2026-05-08T11-08-47Z_cloud_clone_sync.json
2026-05-08T07:14:32.0000000000Z	1030	/mnt/h/AETHIEAOPSYS/CLOUD_CLONE/DATA/MEMORY/ANCHORS/2026-05-08T11-14-16Z_cloud_clone_sync.json
2026-05-08T07:14:32.0000000000Z	1030	/mnt/h/AETHIEAOPSYS/DATA/MEMORY/ANCHORS/2026-05-08T11-14-16Z_cloud_clone_sync.json
2026-05-08T07:20:00.0000000000Z	1030	/mnt/h/AETHIEAOPSYS/CLOUD_CLONE/DATA/MEMORY/ANCHORS/2026-05-08T11-19-43Z_cloud_clone_sync.json
2026-05-08T07:20:00.0000000000Z	1030	/mnt/h/AETHIEAOPSYS/DATA/MEMORY/ANCHORS/2026-05-08T11-19-43Z_cloud_clone_sync.json
2026-05-08T07:25:26.0000000000Z	1030	/mnt/h/AETHIEAOPSYS/CLOUD_CLONE/DATA/MEMORY/ANCHORS/2026-05-08T11-25-08Z_cloud_clone_sync.json
2026-05-08T07:25:26.0000000000Z	1030	/mnt/h/AETHIEAOPSYS/DATA/MEMORY/ANCHORS/2026-05-08T11-25-08Z_cloud_clone_sync.json
2026-05-08T07:30:50.0000000000Z	1030	/mnt/h/AETHIEAOPSYS/CLOUD_CLONE/DATA/MEMORY/ANCHORS/2026-05-08T11-30-34Z_cloud_clone_sync.json
2026-05-08T07:30:50.0000000000Z	1030	/mnt/h/AETHIEAOPSYS/DATA/MEMORY/ANCHORS/2026-05-08T11-30-34Z_cloud_clone_sync.json
2026-05-08T07:36:16.0000000000Z	1030	/mnt/h/AETHIEAOPSYS/CLOUD_CLONE/DATA/MEMORY/ANCHORS/2026-05-08T11-35-59Z_cloud_clone_sync.json
2026-05-08T07:36:16.0000000000Z	1030	/mnt/h/AETHIEAOPSYS/DATA/MEMORY/ANCHORS/2026-05-08T11-35-59Z_cloud_clone_sync.json
2026-05-08T07:41:40.0000000000Z	1030	/mnt/h/AETHIEAOPSYS/CLOUD_CLONE/DATA/MEMORY/ANCHORS/2026-05-08T11-41-23Z_cloud_clone_sync.json
2026-05-08T07:41:40.0000000000Z	1030	/mnt/h/AETHIEAOPSYS/DATA/MEMORY/ANCHORS/2026-05-08T11-41-23Z_cloud_clone_sync.json
2026-05-08T07:47:06.0000000000Z	1030	/mnt/h/AETHIEAOPSYS/CLOUD_CLONE/DATA/MEMORY/ANCHORS/2026-05-08T11-46-48Z_cloud_clone_sync.json
2026-05-08T07:47:06.0000000000Z	1030	/mnt/h/AETHIEAOPSYS/DATA/MEMORY/ANCHORS/2026-05-08T11-46-48Z_cloud_clone_sync.json
2026-05-08T07:52:32.0000000000Z	1030	/mnt/h/AETHIEAOPSYS/CLOUD_CLONE/DATA/MEMORY/ANCHORS/2026-05-08T11-52-15Z_cloud_clone_sync.json
2026-05-08T07:52:32.0000000000Z	1030	/mnt/h/AETHIEAOPSYS/DATA/MEMORY/ANCHORS/2026-05-08T11-52-15Z_cloud_clone_sync.json
2026-05-08T07:58:00.0000000000Z	1030	/mnt/h/AETHIEAOPSYS/CLOUD_CLONE/DATA/MEMORY/ANCHORS/2026-05-08T11-57-43Z_cloud_clone_sync.json
2026-05-08T07:58:00.0000000000Z	1030	/mnt/h/AETHIEAOPSYS/DATA/MEMORY/ANCHORS/2026-05-08T11-57-43Z_cloud_clone_sync.json
2026-05-08T08:03:18.0000000000Z	1030	/mnt/h/AETHIEAOPSYS/CLOUD_CLONE/DATA/MEMORY/ANCHORS/2026-05-08T12-03-02Z_cloud_clone_sync.json
2026-05-08T08:03:18.0000000000Z	1030	/mnt/h/AETHIEAOPSYS/DATA/MEMORY/ANCHORS/2026-05-08T12-03-02Z_cloud_clone_sync.json
2026-05-08T08:08:34.0000000000Z	1030	/mnt/h/AETHIEAOPSYS/CLOUD_CLONE/DATA/MEMORY/ANCHORS/2026-05-08T12-08-17Z_cloud_clone_sync.json
2026-05-08T08:08:34.0000000000Z	1030	/mnt/h/AETHIEAOPSYS/DATA/MEMORY/ANCHORS/2026-05-08T12-08-17Z_cloud_clone_sync.json
2026-05-08T08:13:50.0000000000Z	1030	/mnt/h/AETHIEAOPSYS/CLOUD_CLONE/DATA/MEMORY/ANCHORS/2026-05-08T12-13-33Z_cloud_clone_sync.json
2026-05-08T08:13:50.0000000000Z	1030	/mnt/h/AETHIEAOPSYS/DATA/MEMORY/ANCHORS/2026-05-08T12-13-33Z_cloud_clone_sync.json
2026-05-08T08:19:04.0000000000Z	1030	/mnt/h/AETHIEAOPSYS/CLOUD_CLONE/DATA/MEMORY/ANCHORS/2026-05-08T12-18-48Z_cloud_clone_sync.json
2026-05-08T08:19:04.0000000000Z	1030	/mnt/h/AETHIEAOPSYS/DATA/MEMORY/ANCHORS/2026-05-08T12-18-48Z_cloud_clone_sync.json
2026-05-08T08:24:20.0000000000Z	1030	/mnt/h/AETHIEAOPSYS/CLOUD_CLONE/DATA/MEMORY/ANCHORS/2026-05-08T12-24-03Z_cloud_clone_sync.json
2026-05-08T08:24:20.0000000000Z	1030	/mnt/h/AETHIEAOPSYS/DATA/MEMORY/ANCHORS/2026-05-08T12-24-03Z_cloud_clone_sync.json
2026-05-08T08:29:34.0000000000Z	1030	/mnt/h/AETHIEAOPSYS/CLOUD_CLONE/DATA/MEMORY/ANCHORS/2026-05-08T12-29-18Z_cloud_clone_sync.json
2026-05-08T08:29:34.0000000000Z	1030	/mnt/h/AETHIEAOPSYS/DATA/MEMORY/ANCHORS/2026-05-08T12-29-18Z_cloud_clone_sync.json
2026-05-08T08:34:50.0000000000Z	1030	/mnt/h/AETHIEAOPSYS/CLOUD_CLONE/DATA/MEMORY/ANCHORS/2026-05-08T12-34-33Z_cloud_clone_sync.json
2026-05-08T08:34:50.0000000000Z	1030	/mnt/h/AETHIEAOPSYS/DATA/MEMORY/ANCHORS/2026-05-08T12-34-33Z_cloud_clone_sync.json
2026-05-08T08:40:04.0000000000Z	1030	/mnt/h/AETHIEAOPSYS/CLOUD_CLONE/DATA/MEMORY/ANCHORS/2026-05-08T12-39-48Z_cloud_clone_sync.json
2026-05-08T08:40:04.0000000000Z	1030	/mnt/h/AETHIEAOPSYS/DATA/MEMORY/ANCHORS/2026-05-08T12-39-48Z_cloud_clone_sync.json
2026-05-08T08:45:20.0000000000Z	1030	/mnt/h/AETHIEAOPSYS/CLOUD_CLONE/DATA/MEMORY/ANCHORS/2026-05-08T12-45-03Z_cloud_clone_sync.json
2026-05-08T08:45:20.0000000000Z	1030	/mnt/h/AETHIEAOPSYS/DATA/MEMORY/ANCHORS/2026-05-08T12-45-03Z_cloud_clone_sync.json
2026-05-08T08:50:34.0000000000Z	1030	/mnt/h/AETHIEAOPSYS/CLOUD_CLONE/DATA/MEMORY/ANCHORS/2026-05-08T12-50-18Z_cloud_clone_sync.json
2026-05-08T08:50:34.0000000000Z	1030	/mnt/h/AETHIEAOPSYS/DATA/MEMORY/ANCHORS/2026-05-08T12-50-18Z_cloud_clone_sync.json
2026-05-08T08:55:50.0000000000Z	1030	/mnt/h/AETHIEAOPSYS/CLOUD_CLONE/DATA/MEMORY/ANCHORS/2026-05-08T12-55-33Z_cloud_clone_sync.json
2026-05-08T08:55:50.0000000000Z	1030	/mnt/h/AETHIEAOPSYS/DATA/MEMORY/ANCHORS/2026-05-08T12-55-33Z_cloud_clone_sync.json
2026-05-08T09:01:06.0000000000Z	1030	/mnt/h/AETHIEAOPSYS/CLOUD_CLONE/DATA/MEMORY/ANCHORS/2026-05-08T13-00-49Z_cloud_clone_sync.json
2026-05-08T09:01:06.0000000000Z	1030	/mnt/h/AETHIEAOPSYS/DATA/MEMORY/ANCHORS/2026-05-08T13-00-49Z_cloud_clone_sync.json
2026-05-08T09:06:20.0000000000Z	1030	/mnt/h/AETHIEAOPSYS/CLOUD_CLONE/DATA/MEMORY/ANCHORS/2026-05-08T13-06-04Z_cloud_clone_sync.json
2026-05-08T09:06:20.0000000000Z	1030	/mnt/h/AETHIEAOPSYS/DATA/MEMORY/ANCHORS/2026-05-08T13-06-04Z_cloud_clone_sync.json
2026-05-08T09:11:38.0000000000Z	1030	/mnt/h/AETHIEAOPSYS/CLOUD_CLONE/DATA/MEMORY/ANCHORS/2026-05-08T13-11-22Z_cloud_clone_sync.json
2026-05-08T09:11:38.0000000000Z	1030	/mnt/h/AETHIEAOPSYS/DATA/MEMORY/ANCHORS/2026-05-08T13-11-22Z_cloud_clone_sync.json
2026-05-08T09:17:02.0000000000Z	1030	/mnt/h/AETHIEAOPSYS/CLOUD_CLONE/DATA/MEMORY/ANCHORS/2026-05-08T13-16-45Z_cloud_clone_sync.json
2026-05-08T09:17:02.0000000000Z	1030	/mnt/h/AETHIEAOPSYS/DATA/MEMORY/ANCHORS/2026-05-08T13-16-45Z_cloud_clone_sync.json
2026-05-08T09:22:26.0000000000Z	1030	/mnt/h/AETHIEAOPSYS/CLOUD_CLONE/DATA/MEMORY/ANCHORS/2026-05-08T13-22-09Z_cloud_clone_sync.json
2026-05-08T09:22:26.0000000000Z	1030	/mnt/h/AETHIEAOPSYS/DATA/MEMORY/ANCHORS/2026-05-08T13-22-09Z_cloud_clone_sync.json
2026-05-08T09:27:52.0000000000Z	1030	/mnt/h/AETHIEAOPSYS/CLOUD_CLONE/DATA/MEMORY/ANCHORS/2026-05-08T13-27-36Z_cloud_clone_sync.json
2026-05-08T09:27:52.0000000000Z	1030	/mnt/h/AETHIEAOPSYS/DATA/MEMORY/ANCHORS/2026-05-08T13-27-36Z_cloud_clone_sync.json
2026-05-08T09:33:20.0000000000Z	1030	/mnt/h/AETHIEAOPSYS/CLOUD_CLONE/DATA/MEMORY/ANCHORS/2026-05-08T13-33-03Z_cloud_clone_sync.json
2026-05-08T09:33:20.0000000000Z	1030	/mnt/h/AETHIEAOPSYS/DATA/MEMORY/ANCHORS/2026-05-08T13-33-03Z_cloud_clone_sync.json
2026-05-08T09:38:48.0000000000Z	1030	/mnt/h/AETHIEAOPSYS/CLOUD_CLONE/DATA/MEMORY/ANCHORS/2026-05-08T13-38-31Z_cloud_clone_sync.json
2026-05-08T09:38:48.0000000000Z	1030	/mnt/h/AETHIEAOPSYS/DATA/MEMORY/ANCHORS/2026-05-08T13-38-31Z_cloud_clone_sync.json
2026-05-08T09:44:26.0000000000Z	1030	/mnt/h/AETHIEAOPSYS/CLOUD_CLONE/DATA/MEMORY/ANCHORS/2026-05-08T13-43-58Z_cloud_clone_sync.json
2026-05-08T09:44:26.0000000000Z	1030	/mnt/h/AETHIEAOPSYS/DATA/MEMORY/ANCHORS/2026-05-08T13-43-58Z_cloud_clone_sync.json
2026-05-08T09:49:54.0000000000Z	1030	/mnt/h/AETHIEAOPSYS/CLOUD_CLONE/DATA/MEMORY/ANCHORS/2026-05-08T13-49-38Z_cloud_clone_sync.json
2026-05-08T09:49:54.0000000000Z	1030	/mnt/h/AETHIEAOPSYS/DATA/MEMORY/ANCHORS/2026-05-08T13-49-38Z_cloud_clone_sync.json
2026-05-08T09:55:24.0000000000Z	1030	/mnt/h/AETHIEAOPSYS/CLOUD_CLONE/DATA/MEMORY/ANCHORS/2026-05-08T13-55-07Z_cloud_clone_sync.json
2026-05-08T09:55:24.0000000000Z	1030	/mnt/h/AETHIEAOPSYS/DATA/MEMORY/ANCHORS/2026-05-08T13-55-07Z_cloud_clone_sync.json
2026-05-08T10:00:52.0000000000Z	1030	/mnt/h/AETHIEAOPSYS/CLOUD_CLONE/DATA/MEMORY/ANCHORS/2026-05-08T14-00-36Z_cloud_clone_sync.json
2026-05-08T10:00:52.0000000000Z	1030	/mnt/h/AETHIEAOPSYS/DATA/MEMORY/ANCHORS/2026-05-08T14-00-36Z_cloud_clone_sync.json
2026-05-08T10:06:22.0000000000Z	1030	/mnt/h/AETHIEAOPSYS/CLOUD_CLONE/DATA/MEMORY/ANCHORS/2026-05-08T14-06-06Z_cloud_clone_sync.json
2026-05-08T10:06:22.0000000000Z	1030	/mnt/h/AETHIEAOPSYS/DATA/MEMORY/ANCHORS/2026-05-08T14-06-06Z_cloud_clone_sync.json
2026-05-08T10:11:52.0000000000Z	1030	/mnt/h/AETHIEAOPSYS/CLOUD_CLONE/DATA/MEMORY/ANCHORS/2026-05-08T14-11-36Z_cloud_clone_sync.json
2026-05-08T10:11:52.0000000000Z	1030	/mnt/h/AETHIEAOPSYS/DATA/MEMORY/ANCHORS/2026-05-08T14-11-36Z_cloud_clone_sync.json
2026-05-08T10:17:22.0000000000Z	1030	/mnt/h/AETHIEAOPSYS/CLOUD_CLONE/DATA/MEMORY/ANCHORS/2026-05-08T14-17-06Z_cloud_clone_sync.json
2026-05-08T10:17:22.0000000000Z	1030	/mnt/h/AETHIEAOPSYS/DATA/MEMORY/ANCHORS/2026-05-08T14-17-06Z_cloud_clone_sync.json
2026-05-08T10:22:52.0000000000Z	1030	/mnt/h/AETHIEAOPSYS/CLOUD_CLONE/DATA/MEMORY/ANCHORS/2026-05-08T14-22-35Z_cloud_clone_sync.json
2026-05-08T10:22:52.0000000000Z	1030	/mnt/h/AETHIEAOPSYS/DATA/MEMORY/ANCHORS/2026-05-08T14-22-35Z_cloud_clone_sync.json
2026-05-08T10:28:22.0000000000Z	1030	/mnt/h/AETHIEAOPSYS/CLOUD_CLONE/DATA/MEMORY/ANCHORS/2026-05-08T14-28-05Z_cloud_clone_sync.json
2026-05-08T10:28:22.0000000000Z	1030	/mnt/h/AETHIEAOPSYS/DATA/MEMORY/ANCHORS/2026-05-08T14-28-05Z_cloud_clone_sync.json
2026-05-08T10:33:52.0000000000Z	1030	/mnt/h/AETHIEAOPSYS/CLOUD_CLONE/DATA/MEMORY/ANCHORS/2026-05-08T14-33-36Z_cloud_clone_sync.json
2026-05-08T10:33:52.0000000000Z	1030	/mnt/h/AETHIEAOPSYS/DATA/MEMORY/ANCHORS/2026-05-08T14-33-36Z_cloud_clone_sync.json
2026-05-08T10:39:22.0000000000Z	1030	/mnt/h/AETHIEAOPSYS/CLOUD_CLONE/DATA/MEMORY/ANCHORS/2026-05-08T14-39-06Z_cloud_clone_sync.json
2026-05-08T10:39:22.0000000000Z	1030	/mnt/h/AETHIEAOPSYS/DATA/MEMORY/ANCHORS/2026-05-08T14-39-06Z_cloud_clone_sync.json
2026-05-08T10:44:54.0000000000Z	1030	/mnt/h/AETHIEAOPSYS/CLOUD_CLONE/DATA/MEMORY/ANCHORS/2026-05-08T14-44-35Z_cloud_clone_sync.json
2026-05-08T10:44:54.0000000000Z	1030	/mnt/h/AETHIEAOPSYS/DATA/MEMORY/ANCHORS/2026-05-08T14-44-35Z_cloud_clone_sync.json
2026-05-08T10:50:22.0000000000Z	1030	/mnt/h/AETHIEAOPSYS/CLOUD_CLONE/DATA/MEMORY/ANCHORS/2026-05-08T14-50-05Z_cloud_clone_sync.json
2026-05-08T10:50:22.0000000000Z	1030	/mnt/h/AETHIEAOPSYS/DATA/MEMORY/ANCHORS/2026-05-08T14-50-05Z_cloud_clone_sync.json
2026-05-08T10:55:52.0000000000Z	1030	/mnt/h/AETHIEAOPSYS/CLOUD_CLONE/DATA/MEMORY/ANCHORS/2026-05-08T14-55-36Z_cloud_clone_sync.json
2026-05-08T10:55:52.0000000000Z	1030	/mnt/h/AETHIEAOPSYS/DATA/MEMORY/ANCHORS/2026-05-08T14-55-36Z_cloud_clone_sync.json
2026-05-08T11:01:24.0000000000Z	1030	/mnt/h/AETHIEAOPSYS/CLOUD_CLONE/DATA/MEMORY/ANCHORS/2026-05-08T15-01-07Z_cloud_clone_sync.json
2026-05-08T11:01:24.0000000000Z	1030	/mnt/h/AETHIEAOPSYS/DATA/MEMORY/ANCHORS/2026-05-08T15-01-07Z_cloud_clone_sync.json
2026-05-08T11:06:56.0000000000Z	1030	/mnt/h/AETHIEAOPSYS/CLOUD_CLONE/DATA/MEMORY/ANCHORS/2026-05-08T15-06-38Z_cloud_clone_sync.json
2026-05-08T11:06:56.0000000000Z	1030	/mnt/h/AETHIEAOPSYS/DATA/MEMORY/ANCHORS/2026-05-08T15-06-38Z_cloud_clone_sync.json
2026-05-08T11:12:26.0000000000Z	1030	/mnt/h/AETHIEAOPSYS/CLOUD_CLONE/DATA/MEMORY/ANCHORS/2026-05-08T15-12-09Z_cloud_clone_sync.json
2026-05-08T11:12:26.0000000000Z	1030	/mnt/h/AETHIEAOPSYS/DATA/MEMORY/ANCHORS/2026-05-08T15-12-09Z_cloud_clone_sync.json
2026-05-08T11:17:58.0000000000Z	1030	/mnt/h/AETHIEAOPSYS/CLOUD_CLONE/DATA/MEMORY/ANCHORS/2026-05-08T15-17-40Z_cloud_clone_sync.json
2026-05-08T11:17:58.0000000000Z	1030	/mnt/h/AETHIEAOPSYS/DATA/MEMORY/ANCHORS/2026-05-08T15-17-40Z_cloud_clone_sync.json
2026-05-08T11:23:24.0000000000Z	1030	/mnt/h/AETHIEAOPSYS/CLOUD_CLONE/DATA/MEMORY/ANCHORS/2026-05-08T15-23-11Z_cloud_clone_sync.json
2026-05-08T11:23:24.0000000000Z	1030	/mnt/h/AETHIEAOPSYS/DATA/MEMORY/ANCHORS/2026-05-08T15-23-11Z_cloud_clone_sync.json
2026-05-08T11:28:50.0000000000Z	1030	/mnt/h/AETHIEAOPSYS/CLOUD_CLONE/DATA/MEMORY/ANCHORS/2026-05-08T15-28-34Z_cloud_clone_sync.json
2026-05-08T11:28:50.0000000000Z	1030	/mnt/h/AETHIEAOPSYS/DATA/MEMORY/ANCHORS/2026-05-08T15-28-34Z_cloud_clone_sync.json
2026-05-08T11:34:18.0000000000Z	1030	/mnt/h/AETHIEAOPSYS/CLOUD_CLONE/DATA/MEMORY/ANCHORS/2026-05-08T15-34-02Z_cloud_clone_sync.json
2026-05-08T11:34:18.0000000000Z	1030	/mnt/h/AETHIEAOPSYS/DATA/MEMORY/ANCHORS/2026-05-08T15-34-02Z_cloud_clone_sync.json
2026-05-08T11:39:48.0000000000Z	1030	/mnt/h/AETHIEAOPSYS/CLOUD_CLONE/DATA/MEMORY/ANCHORS/2026-05-08T15-39-30Z_cloud_clone_sync.json
2026-05-08T11:39:48.0000000000Z	1030	/mnt/h/AETHIEAOPSYS/DATA/MEMORY/ANCHORS/2026-05-08T15-39-30Z_cloud_clone_sync.json
2026-05-08T11:45:16.0000000000Z	1030	/mnt/h/AETHIEAOPSYS/CLOUD_CLONE/DATA/MEMORY/ANCHORS/2026-05-08T15-45-00Z_cloud_clone_sync.json
2026-05-08T11:45:16.0000000000Z	1030	/mnt/h/AETHIEAOPSYS/DATA/MEMORY/ANCHORS/2026-05-08T15-45-00Z_cloud_clone_sync.json
2026-05-08T11:50:46.0000000000Z	1030	/mnt/h/AETHIEAOPSYS/CLOUD_CLONE/DATA/MEMORY/ANCHORS/2026-05-08T15-50-29Z_cloud_clone_sync.json
2026-05-08T11:50:46.0000000000Z	1030	/mnt/h/AETHIEAOPSYS/DATA/MEMORY/ANCHORS/2026-05-08T15-50-29Z_cloud_clone_sync.json
2026-05-08T11:56:16.0000000000Z	1030	/mnt/h/AETHIEAOPSYS/CLOUD_CLONE/DATA/MEMORY/ANCHORS/2026-05-08T15-55-58Z_cloud_clone_sync.json
2026-05-08T11:56:16.0000000000Z	1030	/mnt/h/AETHIEAOPSYS/DATA/MEMORY/ANCHORS/2026-05-08T15-55-58Z_cloud_clone_sync.json
2026-05-08T12:01:48.0000000000Z	1030	/mnt/h/AETHIEAOPSYS/CLOUD_CLONE/DATA/MEMORY/ANCHORS/2026-05-08T16-01-30Z_cloud_clone_sync.json
2026-05-08T12:01:48.0000000000Z	1030	/mnt/h/AETHIEAOPSYS/DATA/MEMORY/ANCHORS/2026-05-08T16-01-30Z_cloud_clone_sync.json
2026-05-08T12:07:14.0000000000Z	1030	/mnt/h/AETHIEAOPSYS/CLOUD_CLONE/DATA/MEMORY/ANCHORS/2026-05-08T16-06-56Z_cloud_clone_sync.json
2026-05-08T12:07:14.0000000000Z	1030	/mnt/h/AETHIEAOPSYS/DATA/MEMORY/ANCHORS/2026-05-08T16-06-56Z_cloud_clone_sync.json
2026-05-08T12:12:40.0000000000Z	1030	/mnt/h/AETHIEAOPSYS/CLOUD_CLONE/DATA/MEMORY/ANCHORS/2026-05-08T16-12-24Z_cloud_clone_sync.json
2026-05-08T12:12:40.0000000000Z	1030	/mnt/h/AETHIEAOPSYS/DATA/MEMORY/ANCHORS/2026-05-08T16-12-24Z_cloud_clone_sync.json
2026-05-08T12:18:08.0000000000Z	1030	/mnt/h/AETHIEAOPSYS/CLOUD_CLONE/DATA/MEMORY/ANCHORS/2026-05-08T16-17-50Z_cloud_clone_sync.json
2026-05-08T12:18:08.0000000000Z	1030	/mnt/h/AETHIEAOPSYS/DATA/MEMORY/ANCHORS/2026-05-08T16-17-50Z_cloud_clone_sync.json
2026-05-08T12:23:30.0000000000Z	1030	/mnt/h/AETHIEAOPSYS/CLOUD_CLONE/DATA/MEMORY/ANCHORS/2026-05-08T16-23-17Z_cloud_clone_sync.json
2026-05-08T12:23:30.0000000000Z	1030	/mnt/h/AETHIEAOPSYS/DATA/MEMORY/ANCHORS/2026-05-08T16-23-17Z_cloud_clone_sync.json
2026-05-08T12:29:04.0000000000Z	1030	/mnt/h/AETHIEAOPSYS/CLOUD_CLONE/DATA/MEMORY/ANCHORS/2026-05-08T16-28-42Z_cloud_clone_sync.json
2026-05-08T12:29:04.0000000000Z	1030	/mnt/h/AETHIEAOPSYS/DATA/MEMORY/ANCHORS/2026-05-08T16-28-42Z_cloud_clone_sync.json
2026-05-08T12:34:36.0000000000Z	1030	/mnt/h/AETHIEAOPSYS/CLOUD_CLONE/DATA/MEMORY/ANCHORS/2026-05-08T16-34-18Z_cloud_clone_sync.json
2026-05-08T12:34:36.0000000000Z	1030	/mnt/h/AETHIEAOPSYS/DATA/MEMORY/ANCHORS/2026-05-08T16-34-18Z_cloud_clone_sync.json
2026-05-08T12:40:06.0000000000Z	1030	/mnt/h/AETHIEAOPSYS/CLOUD_CLONE/DATA/MEMORY/ANCHORS/2026-05-08T16-39-49Z_cloud_clone_sync.json
2026-05-08T12:40:06.0000000000Z	1030	/mnt/h/AETHIEAOPSYS/DATA/MEMORY/ANCHORS/2026-05-08T16-39-49Z_cloud_clone_sync.json
2026-05-08T12:45:38.0000000000Z	1030	/mnt/h/AETHIEAOPSYS/CLOUD_CLONE/DATA/MEMORY/ANCHORS/2026-05-08T16-45-20Z_cloud_clone_sync.json
2026-05-08T12:45:38.0000000000Z	1030	/mnt/h/AETHIEAOPSYS/DATA/MEMORY/ANCHORS/2026-05-08T16-45-20Z_cloud_clone_sync.json
2026-05-08T12:51:10.0000000000Z	1030	/mnt/h/AETHIEAOPSYS/CLOUD_CLONE/DATA/MEMORY/ANCHORS/2026-05-08T16-50-53Z_cloud_clone_sync.json
2026-05-08T12:51:10.0000000000Z	1030	/mnt/h/AETHIEAOPSYS/DATA/MEMORY/ANCHORS/2026-05-08T16-50-53Z_cloud_clone_sync.json
2026-05-08T12:56:44.0000000000Z	1030	/mnt/h/AETHIEAOPSYS/CLOUD_CLONE/DATA/MEMORY/ANCHORS/2026-05-08T16-56-26Z_cloud_clone_sync.json
2026-05-08T12:56:44.0000000000Z	1030	/mnt/h/AETHIEAOPSYS/DATA/MEMORY/ANCHORS/2026-05-08T16-56-26Z_cloud_clone_sync.json
2026-05-08T13:02:10.0000000000Z	1030	/mnt/h/AETHIEAOPSYS/CLOUD_CLONE/DATA/MEMORY/ANCHORS/2026-05-08T17-01-53Z_cloud_clone_sync.json
2026-05-08T13:02:10.0000000000Z	1030	/mnt/h/AETHIEAOPSYS/DATA/MEMORY/ANCHORS/2026-05-08T17-01-53Z_cloud_clone_sync.json
2026-05-08T13:07:36.0000000000Z	1030	/mnt/h/AETHIEAOPSYS/CLOUD_CLONE/DATA/MEMORY/ANCHORS/2026-05-08T17-07-20Z_cloud_clone_sync.json
2026-05-08T13:07:36.0000000000Z	1030	/mnt/h/AETHIEAOPSYS/DATA/MEMORY/ANCHORS/2026-05-08T17-07-20Z_cloud_clone_sync.json
2026-05-08T13:13:00.0000000000Z	1030	/mnt/h/AETHIEAOPSYS/CLOUD_CLONE/DATA/MEMORY/ANCHORS/2026-05-08T17-12-42Z_cloud_clone_sync.json
2026-05-08T13:13:00.0000000000Z	1030	/mnt/h/AETHIEAOPSYS/DATA/MEMORY/ANCHORS/2026-05-08T17-12-42Z_cloud_clone_sync.json
2026-05-08T13:18:24.0000000000Z	1030	/mnt/h/AETHIEAOPSYS/CLOUD_CLONE/DATA/MEMORY/ANCHORS/2026-05-08T17-18-07Z_cloud_clone_sync.json
2026-05-08T13:18:24.0000000000Z	1030	/mnt/h/AETHIEAOPSYS/DATA/MEMORY/ANCHORS/2026-05-08T17-18-07Z_cloud_clone_sync.json
2026-05-08T13:23:52.0000000000Z	1030	/mnt/h/AETHIEAOPSYS/CLOUD_CLONE/DATA/MEMORY/ANCHORS/2026-05-08T17-23-35Z_cloud_clone_sync.json
2026-05-08T13:23:52.0000000000Z	1030	/mnt/h/AETHIEAOPSYS/DATA/MEMORY/ANCHORS/2026-05-08T17-23-35Z_cloud_clone_sync.json
2026-05-08T13:29:18.0000000000Z	1030	/mnt/h/AETHIEAOPSYS/CLOUD_CLONE/DATA/MEMORY/ANCHORS/2026-05-08T17-29-00Z_cloud_clone_sync.json
2026-05-08T13:29:18.0000000000Z	1030	/mnt/h/AETHIEAOPSYS/DATA/MEMORY/ANCHORS/2026-05-08T17-29-00Z_cloud_clone_sync.json
2026-05-08T13:34:44.0000000000Z	1030	/mnt/h/AETHIEAOPSYS/CLOUD_CLONE/DATA/MEMORY/ANCHORS/2026-05-08T17-34-27Z_cloud_clone_sync.json
2026-05-08T13:34:44.0000000000Z	1030	/mnt/h/AETHIEAOPSYS/DATA/MEMORY/ANCHORS/2026-05-08T17-34-27Z_cloud_clone_sync.json
2026-05-08T13:40:24.0000000000Z	1030	/mnt/h/AETHIEAOPSYS/CLOUD_CLONE/DATA/MEMORY/ANCHORS/2026-05-08T17-39-55Z_cloud_clone_sync.json
2026-05-08T13:40:24.0000000000Z	1030	/mnt/h/AETHIEAOPSYS/DATA/MEMORY/ANCHORS/2026-05-08T17-39-55Z_cloud_clone_sync.json
2026-05-08T13:45:56.0000000000Z	1030	/mnt/h/AETHIEAOPSYS/CLOUD_CLONE/DATA/MEMORY/ANCHORS/2026-05-08T17-45-38Z_cloud_clone_sync.json
2026-05-08T13:45:56.0000000000Z	1030	/mnt/h/AETHIEAOPSYS/DATA/MEMORY/ANCHORS/2026-05-08T17-45-38Z_cloud_clone_sync.json
2026-05-08T13:51:26.0000000000Z	1030	/mnt/h/AETHIEAOPSYS/CLOUD_CLONE/DATA/MEMORY/ANCHORS/2026-05-08T17-51-09Z_cloud_clone_sync.json
2026-05-08T13:51:26.0000000000Z	1030	/mnt/h/AETHIEAOPSYS/DATA/MEMORY/ANCHORS/2026-05-08T17-51-09Z_cloud_clone_sync.json
2026-05-08T13:56:56.0000000000Z	1030	/mnt/h/AETHIEAOPSYS/CLOUD_CLONE/DATA/MEMORY/ANCHORS/2026-05-08T17-56-40Z_cloud_clone_sync.json
2026-05-08T13:56:56.0000000000Z	1030	/mnt/h/AETHIEAOPSYS/DATA/MEMORY/ANCHORS/2026-05-08T17-56-40Z_cloud_clone_sync.json
2026-05-08T14:02:30.0000000000Z	1030	/mnt/h/AETHIEAOPSYS/CLOUD_CLONE/DATA/MEMORY/ANCHORS/2026-05-08T18-02-12Z_cloud_clone_sync.json
2026-05-08T14:02:30.0000000000Z	1030	/mnt/h/AETHIEAOPSYS/DATA/MEMORY/ANCHORS/2026-05-08T18-02-12Z_cloud_clone_sync.json
2026-05-08T14:08:00.0000000000Z	1030	/mnt/h/AETHIEAOPSYS/CLOUD_CLONE/DATA/MEMORY/ANCHORS/2026-05-08T18-07-43Z_cloud_clone_sync.json
2026-05-08T14:08:00.0000000000Z	1030	/mnt/h/AETHIEAOPSYS/DATA/MEMORY/ANCHORS/2026-05-08T18-07-43Z_cloud_clone_sync.json
2026-05-08T14:13:42.0000000000Z	1030	/mnt/h/AETHIEAOPSYS/CLOUD_CLONE/DATA/MEMORY/ANCHORS/2026-05-08T18-13-15Z_cloud_clone_sync.json
2026-05-08T14:13:42.0000000000Z	1030	/mnt/h/AETHIEAOPSYS/DATA/MEMORY/ANCHORS/2026-05-08T18-13-15Z_cloud_clone_sync.json
2026-05-08T14:19:16.0000000000Z	1030	/mnt/h/AETHIEAOPSYS/CLOUD_CLONE/DATA/MEMORY/ANCHORS/2026-05-08T18-18-59Z_cloud_clone_sync.json
2026-05-08T14:19:16.0000000000Z	1030	/mnt/h/AETHIEAOPSYS/DATA/MEMORY/ANCHORS/2026-05-08T18-18-59Z_cloud_clone_sync.json
2026-05-08T14:24:48.0000000000Z	1030	/mnt/h/AETHIEAOPSYS/CLOUD_CLONE/DATA/MEMORY/ANCHORS/2026-05-08T18-24-31Z_cloud_clone_sync.json
2026-05-08T14:24:48.0000000000Z	1030	/mnt/h/AETHIEAOPSYS/DATA/MEMORY/ANCHORS/2026-05-08T18-24-31Z_cloud_clone_sync.json
2026-05-08T14:30:20.0000000000Z	1030	/mnt/h/AETHIEAOPSYS/CLOUD_CLONE/DATA/MEMORY/ANCHORS/2026-05-08T18-30-02Z_cloud_clone_sync.json
2026-05-08T14:30:20.0000000000Z	1030	/mnt/h/AETHIEAOPSYS/DATA/MEMORY/ANCHORS/2026-05-08T18-30-02Z_cloud_clone_sync.json
2026-05-08T14:35:50.0000000000Z	1030	/mnt/h/AETHIEAOPSYS/CLOUD_CLONE/DATA/MEMORY/ANCHORS/2026-05-08T18-35-34Z_cloud_clone_sync.json
2026-05-08T14:35:50.0000000000Z	1030	/mnt/h/AETHIEAOPSYS/DATA/MEMORY/ANCHORS/2026-05-08T18-35-34Z_cloud_clone_sync.json
2026-05-08T14:41:18.0000000000Z	1030	/mnt/h/AETHIEAOPSYS/CLOUD_CLONE/DATA/MEMORY/ANCHORS/2026-05-08T18-41-02Z_cloud_clone_sync.json
2026-05-08T14:41:18.0000000000Z	1030	/mnt/h/AETHIEAOPSYS/DATA/MEMORY/ANCHORS/2026-05-08T18-41-02Z_cloud_clone_sync.json
2026-05-08T14:46:46.0000000000Z	1030	/mnt/h/AETHIEAOPSYS/CLOUD_CLONE/DATA/MEMORY/ANCHORS/2026-05-08T18-46-30Z_cloud_clone_sync.json
2026-05-08T14:46:46.0000000000Z	1030	/mnt/h/AETHIEAOPSYS/DATA/MEMORY/ANCHORS/2026-05-08T18-46-30Z_cloud_clone_sync.json
2026-05-08T14:52:12.0000000000Z	1030	/mnt/h/AETHIEAOPSYS/CLOUD_CLONE/DATA/MEMORY/ANCHORS/2026-05-08T18-51-54Z_cloud_clone_sync.json
2026-05-08T14:52:12.0000000000Z	1030	/mnt/h/AETHIEAOPSYS/DATA/MEMORY/ANCHORS/2026-05-08T18-51-54Z_cloud_clone_sync.json
2026-05-08T14:57:32.0000000000Z	1030	/mnt/h/AETHIEAOPSYS/CLOUD_CLONE/DATA/MEMORY/ANCHORS/2026-05-08T18-57-15Z_cloud_clone_sync.json
2026-05-08T14:57:32.0000000000Z	1030	/mnt/h/AETHIEAOPSYS/DATA/MEMORY/ANCHORS/2026-05-08T18-57-15Z_cloud_clone_sync.json
2026-05-08T15:02:58.0000000000Z	1030	/mnt/h/AETHIEAOPSYS/CLOUD_CLONE/DATA/MEMORY/ANCHORS/2026-05-08T19-02-42Z_cloud_clone_sync.json
2026-05-08T15:02:58.0000000000Z	1030	/mnt/h/AETHIEAOPSYS/DATA/MEMORY/ANCHORS/2026-05-08T19-02-42Z_cloud_clone_sync.json
2026-05-08T15:08:26.0000000000Z	1030	/mnt/h/AETHIEAOPSYS/CLOUD_CLONE/DATA/MEMORY/ANCHORS/2026-05-08T19-08-08Z_cloud_clone_sync.json
2026-05-08T15:08:26.0000000000Z	1030	/mnt/h/AETHIEAOPSYS/DATA/MEMORY/ANCHORS/2026-05-08T19-08-08Z_cloud_clone_sync.json
2026-05-08T15:13:54.0000000000Z	1030	/mnt/h/AETHIEAOPSYS/CLOUD_CLONE/DATA/MEMORY/ANCHORS/2026-05-08T19-13-36Z_cloud_clone_sync.json
2026-05-08T15:13:54.0000000000Z	1030	/mnt/h/AETHIEAOPSYS/DATA/MEMORY/ANCHORS/2026-05-08T19-13-36Z_cloud_clone_sync.json
2026-05-08T15:19:24.0000000000Z	1030	/mnt/h/AETHIEAOPSYS/CLOUD_CLONE/DATA/MEMORY/ANCHORS/2026-05-08T19-19-07Z_cloud_clone_sync.json
2026-05-08T15:19:24.0000000000Z	1030	/mnt/h/AETHIEAOPSYS/DATA/MEMORY/ANCHORS/2026-05-08T19-19-07Z_cloud_clone_sync.json
2026-05-08T15:24:50.0000000000Z	1030	/mnt/h/AETHIEAOPSYS/CLOUD_CLONE/DATA/MEMORY/ANCHORS/2026-05-08T19-24-33Z_cloud_clone_sync.json
2026-05-08T15:24:50.0000000000Z	1030	/mnt/h/AETHIEAOPSYS/DATA/MEMORY/ANCHORS/2026-05-08T19-24-33Z_cloud_clone_sync.json
2026-05-08T15:30:20.0000000000Z	1030	/mnt/h/AETHIEAOPSYS/CLOUD_CLONE/DATA/MEMORY/ANCHORS/2026-05-08T19-30-02Z_cloud_clone_sync.json
2026-05-08T15:30:20.0000000000Z	1030	/mnt/h/AETHIEAOPSYS/DATA/MEMORY/ANCHORS/2026-05-08T19-30-02Z_cloud_clone_sync.json
2026-05-08T15:35:44.0000000000Z	1030	/mnt/h/AETHIEAOPSYS/CLOUD_CLONE/DATA/MEMORY/ANCHORS/2026-05-08T19-35-28Z_cloud_clone_sync.json
2026-05-08T15:35:44.0000000000Z	1030	/mnt/h/AETHIEAOPSYS/DATA/MEMORY/ANCHORS/2026-05-08T19-35-28Z_cloud_clone_sync.json
2026-05-08T15:41:08.0000000000Z	1030	/mnt/h/AETHIEAOPSYS/CLOUD_CLONE/DATA/MEMORY/ANCHORS/2026-05-08T19-40-49Z_cloud_clone_sync.json
2026-05-08T15:41:08.0000000000Z	1030	/mnt/h/AETHIEAOPSYS/DATA/MEMORY/ANCHORS/2026-05-08T19-40-49Z_cloud_clone_sync.json
2026-05-08T15:46:30.0000000000Z	1030	/mnt/h/AETHIEAOPSYS/CLOUD_CLONE/DATA/MEMORY/ANCHORS/2026-05-08T19-46-19Z_cloud_clone_sync.json
2026-05-08T15:46:30.0000000000Z	1030	/mnt/h/AETHIEAOPSYS/DATA/MEMORY/ANCHORS/2026-05-08T19-46-19Z_cloud_clone_sync.json
2026-05-08T15:51:56.0000000000Z	1030	/mnt/h/AETHIEAOPSYS/CLOUD_CLONE/DATA/MEMORY/ANCHORS/2026-05-08T19-51-41Z_cloud_clone_sync.json
2026-05-08T15:51:56.0000000000Z	1030	/mnt/h/AETHIEAOPSYS/DATA/MEMORY/ANCHORS/2026-05-08T19-51-41Z_cloud_clone_sync.json
2026-05-08T15:57:30.0000000000Z	1030	/mnt/h/AETHIEAOPSYS/CLOUD_CLONE/DATA/MEMORY/ANCHORS/2026-05-08T19-57-00Z_cloud_clone_sync.json
2026-05-08T15:57:30.0000000000Z	1030	/mnt/h/AETHIEAOPSYS/DATA/MEMORY/ANCHORS/2026-05-08T19-57-00Z_cloud_clone_sync.json
2026-05-08T16:02:52.0000000000Z	1030	/mnt/h/AETHIEAOPSYS/CLOUD_CLONE/DATA/MEMORY/ANCHORS/2026-05-08T20-02-38Z_cloud_clone_sync.json
2026-05-08T16:02:52.0000000000Z	1030	/mnt/h/AETHIEAOPSYS/DATA/MEMORY/ANCHORS/2026-05-08T20-02-38Z_cloud_clone_sync.json
2026-05-08T16:08:14.0000000000Z	1030	/mnt/h/AETHIEAOPSYS/CLOUD_CLONE/DATA/MEMORY/ANCHORS/2026-05-08T20-08-00Z_cloud_clone_sync.json
2026-05-08T16:08:14.0000000000Z	1030	/mnt/h/AETHIEAOPSYS/DATA/MEMORY/ANCHORS/2026-05-08T20-08-00Z_cloud_clone_sync.json
2026-05-08T16:13:34.0000000000Z	1030	/mnt/h/AETHIEAOPSYS/CLOUD_CLONE/DATA/MEMORY/ANCHORS/2026-05-08T20-13-21Z_cloud_clone_sync.json
2026-05-08T16:13:34.0000000000Z	1030	/mnt/h/AETHIEAOPSYS/DATA/MEMORY/ANCHORS/2026-05-08T20-13-21Z_cloud_clone_sync.json
2026-05-08T16:18:52.0000000000Z	1030	/mnt/h/AETHIEAOPSYS/CLOUD_CLONE/DATA/MEMORY/ANCHORS/2026-05-08T20-18-40Z_cloud_clone_sync.json
2026-05-08T16:18:52.0000000000Z	1030	/mnt/h/AETHIEAOPSYS/DATA/MEMORY/ANCHORS/2026-05-08T20-18-40Z_cloud_clone_sync.json
2026-05-08T16:24:16.0000000000Z	1030	/mnt/h/AETHIEAOPSYS/CLOUD_CLONE/DATA/MEMORY/ANCHORS/2026-05-08T20-24-02Z_cloud_clone_sync.json
2026-05-08T16:24:16.0000000000Z	1030	/mnt/h/AETHIEAOPSYS/DATA/MEMORY/ANCHORS/2026-05-08T20-24-02Z_cloud_clone_sync.json
2026-05-08T16:29:40.0000000000Z	1030	/mnt/h/AETHIEAOPSYS/CLOUD_CLONE/DATA/MEMORY/ANCHORS/2026-05-08T20-29-26Z_cloud_clone_sync.json
2026-05-08T16:29:40.0000000000Z	1030	/mnt/h/AETHIEAOPSYS/DATA/MEMORY/ANCHORS/2026-05-08T20-29-26Z_cloud_clone_sync.json
2026-05-08T16:34:58.0000000000Z	1030	/mnt/h/AETHIEAOPSYS/CLOUD_CLONE/DATA/MEMORY/ANCHORS/2026-05-08T20-34-45Z_cloud_clone_sync.json
2026-05-08T16:34:58.0000000000Z	1030	/mnt/h/AETHIEAOPSYS/DATA/MEMORY/ANCHORS/2026-05-08T20-34-45Z_cloud_clone_sync.json
2026-05-08T16:40:12.0000000000Z	1030	/mnt/h/AETHIEAOPSYS/CLOUD_CLONE/DATA/MEMORY/ANCHORS/2026-05-08T20-39-57Z_cloud_clone_sync.json
2026-05-08T16:40:12.0000000000Z	1030	/mnt/h/AETHIEAOPSYS/DATA/MEMORY/ANCHORS/2026-05-08T20-39-57Z_cloud_clone_sync.json
2026-05-08T16:45:24.0000000000Z	1030	/mnt/h/AETHIEAOPSYS/CLOUD_CLONE/DATA/MEMORY/ANCHORS/2026-05-08T20-45-11Z_cloud_clone_sync.json
2026-05-08T16:45:24.0000000000Z	1030	/mnt/h/AETHIEAOPSYS/DATA/MEMORY/ANCHORS/2026-05-08T20-45-11Z_cloud_clone_sync.json
2026-05-08T16:50:48.0000000000Z	1030	/mnt/h/AETHIEAOPSYS/CLOUD_CLONE/DATA/MEMORY/ANCHORS/2026-05-08T20-50-23Z_cloud_clone_sync.json
2026-05-08T16:50:48.0000000000Z	1030	/mnt/h/AETHIEAOPSYS/DATA/MEMORY/ANCHORS/2026-05-08T20-50-23Z_cloud_clone_sync.json
2026-05-08T16:56:10.0000000000Z	1030	/mnt/h/AETHIEAOPSYS/CLOUD_CLONE/DATA/MEMORY/ANCHORS/2026-05-08T20-55-46Z_cloud_clone_sync.json
2026-05-08T16:56:10.0000000000Z	1030	/mnt/h/AETHIEAOPSYS/DATA/MEMORY/ANCHORS/2026-05-08T20-55-46Z_cloud_clone_sync.json
2026-05-08T17:01:22.0000000000Z	1030	/mnt/h/AETHIEAOPSYS/CLOUD_CLONE/DATA/MEMORY/ANCHORS/2026-05-08T21-01-09Z_cloud_clone_sync.json
2026-05-08T17:01:22.0000000000Z	1030	/mnt/h/AETHIEAOPSYS/DATA/MEMORY/ANCHORS/2026-05-08T21-01-09Z_cloud_clone_sync.json
2026-05-08T17:11:40.0000000000Z	1030	/mnt/h/AETHIEAOPSYS/DATA/MEMORY/ANCHORS/2026-05-08T21-11-29Z_cloud_clone_sync.json
2026-05-08T17:11:42.0000000000Z	1030	/mnt/h/AETHIEAOPSYS/CLOUD_CLONE/DATA/MEMORY/ANCHORS/2026-05-08T21-11-29Z_cloud_clone_sync.json
2026-05-08T17:23:34.0000000000Z	1030	/mnt/h/AETHIEAOPSYS/CLOUD_CLONE/DATA/MEMORY/ANCHORS/2026-05-08T21-23-21Z_cloud_clone_sync.json
2026-05-08T17:23:34.0000000000Z	1030	/mnt/h/AETHIEAOPSYS/DATA/MEMORY/ANCHORS/2026-05-08T21-23-21Z_cloud_clone_sync.json
2026-05-08T17:28:56.0000000000Z	1030	/mnt/h/AETHIEAOPSYS/CLOUD_CLONE/DATA/MEMORY/ANCHORS/2026-05-08T21-28-42Z_cloud_clone_sync.json
2026-05-08T17:28:56.0000000000Z	1030	/mnt/h/AETHIEAOPSYS/DATA/MEMORY/ANCHORS/2026-05-08T21-28-42Z_cloud_clone_sync.json
2026-05-08T17:35:24.0000000000Z	1030	/mnt/h/AETHIEAOPSYS/CLOUD_CLONE/DATA/MEMORY/ANCHORS/2026-05-08T21-35-10Z_cloud_clone_sync.json
2026-05-08T17:35:24.0000000000Z	1030	/mnt/h/AETHIEAOPSYS/DATA/MEMORY/ANCHORS/2026-05-08T21-35-10Z_cloud_clone_sync.json
2026-05-08T18:14:38.0000000000Z	1030	/mnt/h/AETHIEAOPSYS/CLOUD_CLONE/DATA/MEMORY/ANCHORS/2026-05-08T22-14-25Z_cloud_clone_sync.json
2026-05-08T18:14:38.0000000000Z	1030	/mnt/h/AETHIEAOPSYS/DATA/MEMORY/ANCHORS/2026-05-08T22-14-25Z_cloud_clone_sync.json
2026-05-08T18:57:34.0000000000Z	1030	/mnt/h/AETHIEAOPSYS/CLOUD_CLONE/DATA/MEMORY/ANCHORS/2026-05-08T22-57-21Z_cloud_clone_sync.json
2026-05-08T18:57:34.0000000000Z	1030	/mnt/h/AETHIEAOPSYS/DATA/MEMORY/ANCHORS/2026-05-08T22-57-21Z_cloud_clone_sync.json
2026-05-09T11:39:12.0000000000Z	1030	/mnt/h/AETHIEAOPSYS/CLOUD_CLONE/DATA/MEMORY/ANCHORS/2026-05-09T15-38-50Z_cloud_clone_sync.json
2026-05-09T11:39:12.0000000000Z	1030	/mnt/h/AETHIEAOPSYS/DATA/MEMORY/ANCHORS/2026-05-09T15-38-50Z_cloud_clone_sync.json
2026-05-09T11:44:30.0000000000Z	1030	/mnt/h/AETHIEAOPSYS/CLOUD_CLONE/DATA/MEMORY/ANCHORS/2026-05-09T15-44-10Z_cloud_clone_sync.json
2026-05-09T11:44:30.0000000000Z	1030	/mnt/h/AETHIEAOPSYS/DATA/MEMORY/ANCHORS/2026-05-09T15-44-10Z_cloud_clone_sync.json
2026-05-09T11:50:04.0000000000Z	1030	/mnt/h/AETHIEAOPSYS/CLOUD_CLONE/DATA/MEMORY/ANCHORS/2026-05-09T15-49-45Z_cloud_clone_sync.json
2026-05-09T11:50:04.0000000000Z	1030	/mnt/h/AETHIEAOPSYS/DATA/MEMORY/ANCHORS/2026-05-09T15-49-45Z_cloud_clone_sync.json
2026-05-09T11:55:46.0000000000Z	1030	/mnt/h/AETHIEAOPSYS/CLOUD_CLONE/DATA/MEMORY/ANCHORS/2026-05-09T15-55-23Z_cloud_clone_sync.json
2026-05-09T11:55:46.0000000000Z	1030	/mnt/h/AETHIEAOPSYS/DATA/MEMORY/ANCHORS/2026-05-09T15-55-23Z_cloud_clone_sync.json
2026-05-09T12:01:24.0000000000Z	1030	/mnt/h/AETHIEAOPSYS/CLOUD_CLONE/DATA/MEMORY/ANCHORS/2026-05-09T16-01-04Z_cloud_clone_sync.json
2026-05-09T12:01:24.0000000000Z	1030	/mnt/h/AETHIEAOPSYS/DATA/MEMORY/ANCHORS/2026-05-09T16-01-04Z_cloud_clone_sync.json
2026-05-09T12:07:04.0000000000Z	1030	/mnt/h/AETHIEAOPSYS/CLOUD_CLONE/DATA/MEMORY/ANCHORS/2026-05-09T16-06-42Z_cloud_clone_sync.json
2026-05-09T12:07:04.0000000000Z	1030	/mnt/h/AETHIEAOPSYS/DATA/MEMORY/ANCHORS/2026-05-09T16-06-42Z_cloud_clone_sync.json
2026-05-09T12:12:50.0000000000Z	1030	/mnt/h/AETHIEAOPSYS/CLOUD_CLONE/DATA/MEMORY/ANCHORS/2026-05-09T16-12-27Z_cloud_clone_sync.json
2026-05-09T12:12:50.0000000000Z	1030	/mnt/h/AETHIEAOPSYS/DATA/MEMORY/ANCHORS/2026-05-09T16-12-27Z_cloud_clone_sync.json
2026-05-09T12:18:34.0000000000Z	1030	/mnt/h/AETHIEAOPSYS/CLOUD_CLONE/DATA/MEMORY/ANCHORS/2026-05-09T16-18-11Z_cloud_clone_sync.json
2026-05-09T12:18:34.0000000000Z	1030	/mnt/h/AETHIEAOPSYS/DATA/MEMORY/ANCHORS/2026-05-09T16-18-11Z_cloud_clone_sync.json
2026-05-09T12:24:18.0000000000Z	1030	/mnt/h/AETHIEAOPSYS/CLOUD_CLONE/DATA/MEMORY/ANCHORS/2026-05-09T16-23-57Z_cloud_clone_sync.json
2026-05-09T12:24:18.0000000000Z	1030	/mnt/h/AETHIEAOPSYS/DATA/MEMORY/ANCHORS/2026-05-09T16-23-57Z_cloud_clone_sync.json
2026-05-09T12:30:06.0000000000Z	1030	/mnt/h/AETHIEAOPSYS/CLOUD_CLONE/DATA/MEMORY/ANCHORS/2026-05-09T16-29-43Z_cloud_clone_sync.json
2026-05-09T12:30:06.0000000000Z	1030	/mnt/h/AETHIEAOPSYS/DATA/MEMORY/ANCHORS/2026-05-09T16-29-43Z_cloud_clone_sync.json
2026-05-09T12:35:52.0000000000Z	1030	/mnt/h/AETHIEAOPSYS/CLOUD_CLONE/DATA/MEMORY/ANCHORS/2026-05-09T16-35-30Z_cloud_clone_sync.json
2026-05-09T12:35:52.0000000000Z	1030	/mnt/h/AETHIEAOPSYS/DATA/MEMORY/ANCHORS/2026-05-09T16-35-30Z_cloud_clone_sync.json
2026-05-09T12:41:44.0000000000Z	1030	/mnt/h/AETHIEAOPSYS/CLOUD_CLONE/DATA/MEMORY/ANCHORS/2026-05-09T16-41-19Z_cloud_clone_sync.json
2026-05-09T12:41:44.0000000000Z	1030	/mnt/h/AETHIEAOPSYS/DATA/MEMORY/ANCHORS/2026-05-09T16-41-19Z_cloud_clone_sync.json
2026-05-09T12:47:36.0000000000Z	1030	/mnt/h/AETHIEAOPSYS/CLOUD_CLONE/DATA/MEMORY/ANCHORS/2026-05-09T16-47-10Z_cloud_clone_sync.json
2026-05-09T12:47:36.0000000000Z	1030	/mnt/h/AETHIEAOPSYS/DATA/MEMORY/ANCHORS/2026-05-09T16-47-10Z_cloud_clone_sync.json
2026-05-09T12:53:58.0000000000Z	1030	/mnt/h/AETHIEAOPSYS/CLOUD_CLONE/DATA/MEMORY/ANCHORS/2026-05-09T16-53-02Z_cloud_clone_sync.json
2026-05-09T12:53:58.0000000000Z	1030	/mnt/h/AETHIEAOPSYS/DATA/MEMORY/ANCHORS/2026-05-09T16-53-02Z_cloud_clone_sync.json
2026-05-09T12:59:50.0000000000Z	1030	/mnt/h/AETHIEAOPSYS/CLOUD_CLONE/DATA/MEMORY/ANCHORS/2026-05-09T16-59-22Z_cloud_clone_sync.json
2026-05-09T12:59:50.0000000000Z	1030	/mnt/h/AETHIEAOPSYS/DATA/MEMORY/ANCHORS/2026-05-09T16-59-22Z_cloud_clone_sync.json
2026-05-09T13:05:36.0000000000Z	1030	/mnt/h/AETHIEAOPSYS/CLOUD_CLONE/DATA/MEMORY/ANCHORS/2026-05-09T17-05-14Z_cloud_clone_sync.json
2026-05-09T13:05:36.0000000000Z	1030	/mnt/h/AETHIEAOPSYS/DATA/MEMORY/ANCHORS/2026-05-09T17-05-14Z_cloud_clone_sync.json
2026-05-09T13:11:24.0000000000Z	1030	/mnt/h/AETHIEAOPSYS/CLOUD_CLONE/DATA/MEMORY/ANCHORS/2026-05-09T17-11-02Z_cloud_clone_sync.json
2026-05-09T13:11:24.0000000000Z	1030	/mnt/h/AETHIEAOPSYS/DATA/MEMORY/ANCHORS/2026-05-09T17-11-02Z_cloud_clone_sync.json
2026-05-09T13:17:10.0000000000Z	1030	/mnt/h/AETHIEAOPSYS/CLOUD_CLONE/DATA/MEMORY/ANCHORS/2026-05-09T17-16-37Z_cloud_clone_sync.json
2026-05-09T13:17:10.0000000000Z	1030	/mnt/h/AETHIEAOPSYS/DATA/MEMORY/ANCHORS/2026-05-09T17-16-37Z_cloud_clone_sync.json
2026-05-09T13:29:38.0000000000Z	1030	/mnt/h/AETHIEAOPSYS/CLOUD_CLONE/DATA/MEMORY/ANCHORS/2026-05-09T17-29-19Z_cloud_clone_sync.json
2026-05-09T13:29:38.0000000000Z	1030	/mnt/h/AETHIEAOPSYS/DATA/MEMORY/ANCHORS/2026-05-09T17-29-19Z_cloud_clone_sync.json
2026-05-09T13:35:38.0000000000Z	1030	/mnt/h/AETHIEAOPSYS/CLOUD_CLONE/DATA/MEMORY/ANCHORS/2026-05-09T17-34-59Z_cloud_clone_sync.json
2026-05-09T13:35:38.0000000000Z	1030	/mnt/h/AETHIEAOPSYS/DATA/MEMORY/ANCHORS/2026-05-09T17-34-59Z_cloud_clone_sync.json
2026-05-09T13:41:28.0000000000Z	1030	/mnt/h/AETHIEAOPSYS/CLOUD_CLONE/DATA/MEMORY/ANCHORS/2026-05-09T17-41-01Z_cloud_clone_sync.json
2026-05-09T13:41:28.0000000000Z	1030	/mnt/h/AETHIEAOPSYS/DATA/MEMORY/ANCHORS/2026-05-09T17-41-01Z_cloud_clone_sync.json
2026-05-09T13:47:30.0000000000Z	1030	/mnt/h/AETHIEAOPSYS/CLOUD_CLONE/DATA/MEMORY/ANCHORS/2026-05-09T17-46-45Z_cloud_clone_sync.json
2026-05-09T13:47:30.0000000000Z	1030	/mnt/h/AETHIEAOPSYS/DATA/MEMORY/ANCHORS/2026-05-09T17-46-45Z_cloud_clone_sync.json
2026-05-09T13:53:20.0000000000Z	1030	/mnt/h/AETHIEAOPSYS/CLOUD_CLONE/DATA/MEMORY/ANCHORS/2026-05-09T17-52-50Z_cloud_clone_sync.json
2026-05-09T13:53:20.0000000000Z	1030	/mnt/h/AETHIEAOPSYS/DATA/MEMORY/ANCHORS/2026-05-09T17-52-50Z_cloud_clone_sync.json
2026-05-09T13:59:08.0000000000Z	1030	/mnt/h/AETHIEAOPSYS/CLOUD_CLONE/DATA/MEMORY/ANCHORS/2026-05-09T17-58-41Z_cloud_clone_sync.json
2026-05-09T13:59:08.0000000000Z	1030	/mnt/h/AETHIEAOPSYS/DATA/MEMORY/ANCHORS/2026-05-09T17-58-41Z_cloud_clone_sync.json
2026-05-09T14:05:00.0000000000Z	1030	/mnt/h/AETHIEAOPSYS/CLOUD_CLONE/DATA/MEMORY/ANCHORS/2026-05-09T18-04-30Z_cloud_clone_sync.json
2026-05-09T14:05:00.0000000000Z	1030	/mnt/h/AETHIEAOPSYS/DATA/MEMORY/ANCHORS/2026-05-09T18-04-30Z_cloud_clone_sync.json
2026-05-09T14:10:52.0000000000Z	1030	/mnt/h/AETHIEAOPSYS/CLOUD_CLONE/DATA/MEMORY/ANCHORS/2026-05-09T18-10-23Z_cloud_clone_sync.json
2026-05-09T14:10:52.0000000000Z	1030	/mnt/h/AETHIEAOPSYS/DATA/MEMORY/ANCHORS/2026-05-09T18-10-23Z_cloud_clone_sync.json
2026-05-09T14:16:48.0000000000Z	1030	/mnt/h/AETHIEAOPSYS/CLOUD_CLONE/DATA/MEMORY/ANCHORS/2026-05-09T18-16-13Z_cloud_clone_sync.json
2026-05-09T14:16:48.0000000000Z	1030	/mnt/h/AETHIEAOPSYS/DATA/MEMORY/ANCHORS/2026-05-09T18-16-13Z_cloud_clone_sync.json
2026-05-09T14:22:38.0000000000Z	1030	/mnt/h/AETHIEAOPSYS/CLOUD_CLONE/DATA/MEMORY/ANCHORS/2026-05-09T18-22-08Z_cloud_clone_sync.json
2026-05-09T14:22:38.0000000000Z	1030	/mnt/h/AETHIEAOPSYS/DATA/MEMORY/ANCHORS/2026-05-09T18-22-08Z_cloud_clone_sync.json
2026-05-09T14:28:30.0000000000Z	1030	/mnt/h/AETHIEAOPSYS/CLOUD_CLONE/DATA/MEMORY/ANCHORS/2026-05-09T18-28-00Z_cloud_clone_sync.json
2026-05-09T14:28:30.0000000000Z	1030	/mnt/h/AETHIEAOPSYS/DATA/MEMORY/ANCHORS/2026-05-09T18-28-00Z_cloud_clone_sync.json
2026-05-09T14:34:28.0000000000Z	1030	/mnt/h/AETHIEAOPSYS/CLOUD_CLONE/DATA/MEMORY/ANCHORS/2026-05-09T18-33-53Z_cloud_clone_sync.json
2026-05-09T14:34:28.0000000000Z	1030	/mnt/h/AETHIEAOPSYS/DATA/MEMORY/ANCHORS/2026-05-09T18-33-53Z_cloud_clone_sync.json
2026-05-09T14:40:16.0000000000Z	1030	/mnt/h/AETHIEAOPSYS/CLOUD_CLONE/DATA/MEMORY/ANCHORS/2026-05-09T18-39-49Z_cloud_clone_sync.json
2026-05-09T14:40:16.0000000000Z	1030	/mnt/h/AETHIEAOPSYS/DATA/MEMORY/ANCHORS/2026-05-09T18-39-49Z_cloud_clone_sync.json
2026-05-09T14:46:10.0000000000Z	1030	/mnt/h/AETHIEAOPSYS/CLOUD_CLONE/DATA/MEMORY/ANCHORS/2026-05-09T18-45-38Z_cloud_clone_sync.json
2026-05-09T14:46:10.0000000000Z	1030	/mnt/h/AETHIEAOPSYS/DATA/MEMORY/ANCHORS/2026-05-09T18-45-38Z_cloud_clone_sync.json
2026-05-09T14:52:12.0000000000Z	1030	/mnt/h/AETHIEAOPSYS/CLOUD_CLONE/DATA/MEMORY/ANCHORS/2026-05-09T18-51-34Z_cloud_clone_sync.json
2026-05-09T14:52:12.0000000000Z	1030	/mnt/h/AETHIEAOPSYS/DATA/MEMORY/ANCHORS/2026-05-09T18-51-34Z_cloud_clone_sync.json
2026-05-09T14:58:08.0000000000Z	1030	/mnt/h/AETHIEAOPSYS/CLOUD_CLONE/DATA/MEMORY/ANCHORS/2026-05-09T18-57-34Z_cloud_clone_sync.json
2026-05-09T14:58:08.0000000000Z	1030	/mnt/h/AETHIEAOPSYS/DATA/MEMORY/ANCHORS/2026-05-09T18-57-34Z_cloud_clone_sync.json
2026-05-09T15:04:00.0000000000Z	1030	/mnt/h/AETHIEAOPSYS/CLOUD_CLONE/DATA/MEMORY/ANCHORS/2026-05-09T19-03-31Z_cloud_clone_sync.json
2026-05-09T15:04:00.0000000000Z	1030	/mnt/h/AETHIEAOPSYS/DATA/MEMORY/ANCHORS/2026-05-09T19-03-31Z_cloud_clone_sync.json
2026-05-09T15:09:52.0000000000Z	1030	/mnt/h/AETHIEAOPSYS/CLOUD_CLONE/DATA/MEMORY/ANCHORS/2026-05-09T19-09-23Z_cloud_clone_sync.json
2026-05-09T15:09:52.0000000000Z	1030	/mnt/h/AETHIEAOPSYS/DATA/MEMORY/ANCHORS/2026-05-09T19-09-23Z_cloud_clone_sync.json
2026-05-09T15:15:48.0000000000Z	1030	/mnt/h/AETHIEAOPSYS/CLOUD_CLONE/DATA/MEMORY/ANCHORS/2026-05-09T19-15-18Z_cloud_clone_sync.json
2026-05-09T15:15:48.0000000000Z	1030	/mnt/h/AETHIEAOPSYS/DATA/MEMORY/ANCHORS/2026-05-09T19-15-18Z_cloud_clone_sync.json
2026-05-09T15:21:40.0000000000Z	1030	/mnt/h/AETHIEAOPSYS/CLOUD_CLONE/DATA/MEMORY/ANCHORS/2026-05-09T19-21-09Z_cloud_clone_sync.json
2026-05-09T15:21:40.0000000000Z	1030	/mnt/h/AETHIEAOPSYS/DATA/MEMORY/ANCHORS/2026-05-09T19-21-09Z_cloud_clone_sync.json
2026-05-09T15:27:32.0000000000Z	1030	/mnt/h/AETHIEAOPSYS/CLOUD_CLONE/DATA/MEMORY/ANCHORS/2026-05-09T19-27-01Z_cloud_clone_sync.json
2026-05-09T15:27:32.0000000000Z	1030	/mnt/h/AETHIEAOPSYS/DATA/MEMORY/ANCHORS/2026-05-09T19-27-01Z_cloud_clone_sync.json
2026-05-09T15:33:32.0000000000Z	1030	/mnt/h/AETHIEAOPSYS/CLOUD_CLONE/DATA/MEMORY/ANCHORS/2026-05-09T19-32-55Z_cloud_clone_sync.json
2026-05-09T15:33:32.0000000000Z	1030	/mnt/h/AETHIEAOPSYS/DATA/MEMORY/ANCHORS/2026-05-09T19-32-55Z_cloud_clone_sync.json
2026-05-09T15:39:26.0000000000Z	1030	/mnt/h/AETHIEAOPSYS/CLOUD_CLONE/DATA/MEMORY/ANCHORS/2026-05-09T19-38-58Z_cloud_clone_sync.json
2026-05-09T15:39:26.0000000000Z	1030	/mnt/h/AETHIEAOPSYS/DATA/MEMORY/ANCHORS/2026-05-09T19-38-58Z_cloud_clone_sync.json
2026-05-09T15:45:24.0000000000Z	1030	/mnt/h/AETHIEAOPSYS/CLOUD_CLONE/DATA/MEMORY/ANCHORS/2026-05-09T19-44-46Z_cloud_clone_sync.json
2026-05-09T15:45:24.0000000000Z	1030	/mnt/h/AETHIEAOPSYS/DATA/MEMORY/ANCHORS/2026-05-09T19-44-46Z_cloud_clone_sync.json
2026-05-09T15:51:10.0000000000Z	1030	/mnt/h/AETHIEAOPSYS/CLOUD_CLONE/DATA/MEMORY/ANCHORS/2026-05-09T19-50-41Z_cloud_clone_sync.json
2026-05-09T15:51:10.0000000000Z	1030	/mnt/h/AETHIEAOPSYS/DATA/MEMORY/ANCHORS/2026-05-09T19-50-41Z_cloud_clone_sync.json
2026-05-09T15:57:10.0000000000Z	1030	/mnt/h/AETHIEAOPSYS/CLOUD_CLONE/DATA/MEMORY/ANCHORS/2026-05-09T19-56-30Z_cloud_clone_sync.json
2026-05-09T15:57:10.0000000000Z	1030	/mnt/h/AETHIEAOPSYS/DATA/MEMORY/ANCHORS/2026-05-09T19-56-30Z_cloud_clone_sync.json
2026-05-09T16:03:00.0000000000Z	1030	/mnt/h/AETHIEAOPSYS/CLOUD_CLONE/DATA/MEMORY/ANCHORS/2026-05-09T20-02-33Z_cloud_clone_sync.json
2026-05-09T16:03:00.0000000000Z	1030	/mnt/h/AETHIEAOPSYS/DATA/MEMORY/ANCHORS/2026-05-09T20-02-33Z_cloud_clone_sync.json
2026-05-09T16:08:54.0000000000Z	1030	/mnt/h/AETHIEAOPSYS/CLOUD_CLONE/DATA/MEMORY/ANCHORS/2026-05-09T20-08-23Z_cloud_clone_sync.json
2026-05-09T16:08:54.0000000000Z	1030	/mnt/h/AETHIEAOPSYS/DATA/MEMORY/ANCHORS/2026-05-09T20-08-23Z_cloud_clone_sync.json
2026-05-09T16:14:46.0000000000Z	1030	/mnt/h/AETHIEAOPSYS/CLOUD_CLONE/DATA/MEMORY/ANCHORS/2026-05-09T20-14-15Z_cloud_clone_sync.json
2026-05-09T16:14:46.0000000000Z	1030	/mnt/h/AETHIEAOPSYS/DATA/MEMORY/ANCHORS/2026-05-09T20-14-15Z_cloud_clone_sync.json
2026-05-09T16:20:38.0000000000Z	1030	/mnt/h/AETHIEAOPSYS/CLOUD_CLONE/DATA/MEMORY/ANCHORS/2026-05-09T20-20-11Z_cloud_clone_sync.json
2026-05-09T16:20:38.0000000000Z	1030	/mnt/h/AETHIEAOPSYS/DATA/MEMORY/ANCHORS/2026-05-09T20-20-11Z_cloud_clone_sync.json
2026-05-09T16:26:38.0000000000Z	1030	/mnt/h/AETHIEAOPSYS/CLOUD_CLONE/DATA/MEMORY/ANCHORS/2026-05-09T20-26-03Z_cloud_clone_sync.json
2026-05-09T16:26:38.0000000000Z	1030	/mnt/h/AETHIEAOPSYS/DATA/MEMORY/ANCHORS/2026-05-09T20-26-03Z_cloud_clone_sync.json
2026-05-09T16:32:26.0000000000Z	1030	/mnt/h/AETHIEAOPSYS/CLOUD_CLONE/DATA/MEMORY/ANCHORS/2026-05-09T20-32-00Z_cloud_clone_sync.json
2026-05-09T16:32:26.0000000000Z	1030	/mnt/h/AETHIEAOPSYS/DATA/MEMORY/ANCHORS/2026-05-09T20-32-00Z_cloud_clone_sync.json
2026-05-09T16:37:56.0000000000Z	1030	/mnt/h/AETHIEAOPSYS/CLOUD_CLONE/DATA/MEMORY/ANCHORS/2026-05-09T20-37-30Z_cloud_clone_sync.json
2026-05-09T16:37:56.0000000000Z	1030	/mnt/h/AETHIEAOPSYS/DATA/MEMORY/ANCHORS/2026-05-09T20-37-30Z_cloud_clone_sync.json
2026-05-09T16:43:28.0000000000Z	1030	/mnt/h/AETHIEAOPSYS/CLOUD_CLONE/DATA/MEMORY/ANCHORS/2026-05-09T20-43-01Z_cloud_clone_sync.json
2026-05-09T16:43:28.0000000000Z	1030	/mnt/h/AETHIEAOPSYS/DATA/MEMORY/ANCHORS/2026-05-09T20-43-01Z_cloud_clone_sync.json
2026-05-09T16:49:02.0000000000Z	1030	/mnt/h/AETHIEAOPSYS/CLOUD_CLONE/DATA/MEMORY/ANCHORS/2026-05-09T20-48-32Z_cloud_clone_sync.json
2026-05-09T16:49:02.0000000000Z	1030	/mnt/h/AETHIEAOPSYS/DATA/MEMORY/ANCHORS/2026-05-09T20-48-32Z_cloud_clone_sync.json
2026-05-09T16:54:42.0000000000Z	1030	/mnt/h/AETHIEAOPSYS/CLOUD_CLONE/DATA/MEMORY/ANCHORS/2026-05-09T20-54-02Z_cloud_clone_sync.json
2026-05-09T16:54:42.0000000000Z	1030	/mnt/h/AETHIEAOPSYS/DATA/MEMORY/ANCHORS/2026-05-09T20-54-02Z_cloud_clone_sync.json
2026-05-09T17:00:16.0000000000Z	1030	/mnt/h/AETHIEAOPSYS/CLOUD_CLONE/DATA/MEMORY/ANCHORS/2026-05-09T20-59-41Z_cloud_clone_sync.json
2026-05-09T17:00:16.0000000000Z	1030	/mnt/h/AETHIEAOPSYS/DATA/MEMORY/ANCHORS/2026-05-09T20-59-41Z_cloud_clone_sync.json
2026-05-09T17:05:44.0000000000Z	1030	/mnt/h/AETHIEAOPSYS/CLOUD_CLONE/DATA/MEMORY/ANCHORS/2026-05-09T21-05-14Z_cloud_clone_sync.json
2026-05-09T17:05:44.0000000000Z	1030	/mnt/h/AETHIEAOPSYS/DATA/MEMORY/ANCHORS/2026-05-09T21-05-14Z_cloud_clone_sync.json
2026-05-09T17:11:12.0000000000Z	1030	/mnt/h/AETHIEAOPSYS/CLOUD_CLONE/DATA/MEMORY/ANCHORS/2026-05-09T21-10-44Z_cloud_clone_sync.json
2026-05-09T17:11:12.0000000000Z	1030	/mnt/h/AETHIEAOPSYS/DATA/MEMORY/ANCHORS/2026-05-09T21-10-44Z_cloud_clone_sync.json
2026-05-09T17:16:46.0000000000Z	1030	/mnt/h/AETHIEAOPSYS/CLOUD_CLONE/DATA/MEMORY/ANCHORS/2026-05-09T21-16-11Z_cloud_clone_sync.json
2026-05-09T17:16:46.0000000000Z	1030	/mnt/h/AETHIEAOPSYS/DATA/MEMORY/ANCHORS/2026-05-09T21-16-11Z_cloud_clone_sync.json
2026-05-09T17:22:22.0000000000Z	1030	/mnt/h/AETHIEAOPSYS/CLOUD_CLONE/DATA/MEMORY/ANCHORS/2026-05-09T21-21-45Z_cloud_clone_sync.json
2026-05-09T17:22:22.0000000000Z	1030	/mnt/h/AETHIEAOPSYS/DATA/MEMORY/ANCHORS/2026-05-09T21-21-45Z_cloud_clone_sync.json
2026-05-09T17:28:00.0000000000Z	1030	/mnt/h/AETHIEAOPSYS/CLOUD_CLONE/DATA/MEMORY/ANCHORS/2026-05-09T21-27-21Z_cloud_clone_sync.json
2026-05-09T17:28:00.0000000000Z	1030	/mnt/h/AETHIEAOPSYS/DATA/MEMORY/ANCHORS/2026-05-09T21-27-21Z_cloud_clone_sync.json
2026-05-09T17:33:34.0000000000Z	1030	/mnt/h/AETHIEAOPSYS/CLOUD_CLONE/DATA/MEMORY/ANCHORS/2026-05-09T21-33-00Z_cloud_clone_sync.json
2026-05-09T17:33:34.0000000000Z	1030	/mnt/h/AETHIEAOPSYS/DATA/MEMORY/ANCHORS/2026-05-09T21-33-00Z_cloud_clone_sync.json
2026-05-09T17:39:10.0000000000Z	1030	/mnt/h/AETHIEAOPSYS/CLOUD_CLONE/DATA/MEMORY/ANCHORS/2026-05-09T21-38-35Z_cloud_clone_sync.json
2026-05-09T17:39:10.0000000000Z	1030	/mnt/h/AETHIEAOPSYS/DATA/MEMORY/ANCHORS/2026-05-09T21-38-35Z_cloud_clone_sync.json
2026-05-09T17:44:52.0000000000Z	1030	/mnt/h/AETHIEAOPSYS/CLOUD_CLONE/DATA/MEMORY/ANCHORS/2026-05-09T21-44-09Z_cloud_clone_sync.json
2026-05-09T17:44:52.0000000000Z	1030	/mnt/h/AETHIEAOPSYS/DATA/MEMORY/ANCHORS/2026-05-09T21-44-09Z_cloud_clone_sync.json
2026-05-09T17:50:28.0000000000Z	1030	/mnt/h/AETHIEAOPSYS/CLOUD_CLONE/DATA/MEMORY/ANCHORS/2026-05-09T21-49-52Z_cloud_clone_sync.json
2026-05-09T17:50:28.0000000000Z	1030	/mnt/h/AETHIEAOPSYS/DATA/MEMORY/ANCHORS/2026-05-09T21-49-52Z_cloud_clone_sync.json
2026-05-09T17:56:06.0000000000Z	1030	/mnt/h/AETHIEAOPSYS/CLOUD_CLONE/DATA/MEMORY/ANCHORS/2026-05-09T21-55-27Z_cloud_clone_sync.json
2026-05-09T17:56:06.0000000000Z	1030	/mnt/h/AETHIEAOPSYS/DATA/MEMORY/ANCHORS/2026-05-09T21-55-27Z_cloud_clone_sync.json
2026-05-09T18:01:42.0000000000Z	1030	/mnt/h/AETHIEAOPSYS/CLOUD_CLONE/DATA/MEMORY/ANCHORS/2026-05-09T22-01-06Z_cloud_clone_sync.json
2026-05-09T18:01:42.0000000000Z	1030	/mnt/h/AETHIEAOPSYS/DATA/MEMORY/ANCHORS/2026-05-09T22-01-06Z_cloud_clone_sync.json
2026-05-09T18:07:20.0000000000Z	1030	/mnt/h/AETHIEAOPSYS/CLOUD_CLONE/DATA/MEMORY/ANCHORS/2026-05-09T22-06-42Z_cloud_clone_sync.json
2026-05-09T18:07:20.0000000000Z	1030	/mnt/h/AETHIEAOPSYS/DATA/MEMORY/ANCHORS/2026-05-09T22-06-42Z_cloud_clone_sync.json
2026-05-09T18:12:56.0000000000Z	1030	/mnt/h/AETHIEAOPSYS/CLOUD_CLONE/DATA/MEMORY/ANCHORS/2026-05-09T22-12-19Z_cloud_clone_sync.json
2026-05-09T18:12:56.0000000000Z	1030	/mnt/h/AETHIEAOPSYS/DATA/MEMORY/ANCHORS/2026-05-09T22-12-19Z_cloud_clone_sync.json
2026-05-09T18:18:54.0000000000Z	1030	/mnt/h/AETHIEAOPSYS/CLOUD_CLONE/DATA/MEMORY/ANCHORS/2026-05-09T22-17-54Z_cloud_clone_sync.json
2026-05-09T18:18:54.0000000000Z	1030	/mnt/h/AETHIEAOPSYS/DATA/MEMORY/ANCHORS/2026-05-09T22-17-54Z_cloud_clone_sync.json
2026-05-09T18:24:14.0000000000Z	1030	/mnt/h/AETHIEAOPSYS/CLOUD_CLONE/DATA/MEMORY/ANCHORS/2026-05-09T22-23-54Z_cloud_clone_sync.json
2026-05-09T18:24:14.0000000000Z	1030	/mnt/h/AETHIEAOPSYS/DATA/MEMORY/ANCHORS/2026-05-09T22-23-54Z_cloud_clone_sync.json
2026-05-09T18:29:32.0000000000Z	1030	/mnt/h/AETHIEAOPSYS/CLOUD_CLONE/DATA/MEMORY/ANCHORS/2026-05-09T22-29-12Z_cloud_clone_sync.json
2026-05-09T18:29:32.0000000000Z	1030	/mnt/h/AETHIEAOPSYS/DATA/MEMORY/ANCHORS/2026-05-09T22-29-12Z_cloud_clone_sync.json
2026-05-09T18:34:50.0000000000Z	1030	/mnt/h/AETHIEAOPSYS/CLOUD_CLONE/DATA/MEMORY/ANCHORS/2026-05-09T22-34-30Z_cloud_clone_sync.json
2026-05-09T18:34:50.0000000000Z	1030	/mnt/h/AETHIEAOPSYS/DATA/MEMORY/ANCHORS/2026-05-09T22-34-30Z_cloud_clone_sync.json
2026-05-09T18:40:06.0000000000Z	1030	/mnt/h/AETHIEAOPSYS/CLOUD_CLONE/DATA/MEMORY/ANCHORS/2026-05-09T22-39-48Z_cloud_clone_sync.json
2026-05-09T18:40:06.0000000000Z	1030	/mnt/h/AETHIEAOPSYS/DATA/MEMORY/ANCHORS/2026-05-09T22-39-48Z_cloud_clone_sync.json
2026-05-09T18:45:24.0000000000Z	1030	/mnt/h/AETHIEAOPSYS/CLOUD_CLONE/DATA/MEMORY/ANCHORS/2026-05-09T22-45-06Z_cloud_clone_sync.json
2026-05-09T18:45:24.0000000000Z	1030	/mnt/h/AETHIEAOPSYS/DATA/MEMORY/ANCHORS/2026-05-09T22-45-06Z_cloud_clone_sync.json
2026-05-09T18:50:42.0000000000Z	1030	/mnt/h/AETHIEAOPSYS/CLOUD_CLONE/DATA/MEMORY/ANCHORS/2026-05-09T22-50-23Z_cloud_clone_sync.json
2026-05-09T18:50:42.0000000000Z	1030	/mnt/h/AETHIEAOPSYS/DATA/MEMORY/ANCHORS/2026-05-09T22-50-23Z_cloud_clone_sync.json
2026-05-09T18:56:00.0000000000Z	1030	/mnt/h/AETHIEAOPSYS/CLOUD_CLONE/DATA/MEMORY/ANCHORS/2026-05-09T22-55-41Z_cloud_clone_sync.json
2026-05-09T18:56:00.0000000000Z	1030	/mnt/h/AETHIEAOPSYS/DATA/MEMORY/ANCHORS/2026-05-09T22-55-41Z_cloud_clone_sync.json
2026-05-09T19:01:18.0000000000Z	1030	/mnt/h/AETHIEAOPSYS/CLOUD_CLONE/DATA/MEMORY/ANCHORS/2026-05-09T23-00-59Z_cloud_clone_sync.json
2026-05-09T19:01:18.0000000000Z	1030	/mnt/h/AETHIEAOPSYS/DATA/MEMORY/ANCHORS/2026-05-09T23-00-59Z_cloud_clone_sync.json
2026-05-09T19:06:36.0000000000Z	1030	/mnt/h/AETHIEAOPSYS/CLOUD_CLONE/DATA/MEMORY/ANCHORS/2026-05-09T23-06-16Z_cloud_clone_sync.json
2026-05-09T19:06:36.0000000000Z	1030	/mnt/h/AETHIEAOPSYS/DATA/MEMORY/ANCHORS/2026-05-09T23-06-16Z_cloud_clone_sync.json
2026-05-09T19:11:54.0000000000Z	1030	/mnt/h/AETHIEAOPSYS/CLOUD_CLONE/DATA/MEMORY/ANCHORS/2026-05-09T23-11-35Z_cloud_clone_sync.json
2026-05-09T19:11:54.0000000000Z	1030	/mnt/h/AETHIEAOPSYS/DATA/MEMORY/ANCHORS/2026-05-09T23-11-35Z_cloud_clone_sync.json
2026-05-09T19:17:12.0000000000Z	1030	/mnt/h/AETHIEAOPSYS/CLOUD_CLONE/DATA/MEMORY/ANCHORS/2026-05-09T23-16-52Z_cloud_clone_sync.json
2026-05-09T19:17:12.0000000000Z	1030	/mnt/h/AETHIEAOPSYS/DATA/MEMORY/ANCHORS/2026-05-09T23-16-52Z_cloud_clone_sync.json
2026-05-09T19:22:28.0000000000Z	1030	/mnt/h/AETHIEAOPSYS/CLOUD_CLONE/DATA/MEMORY/ANCHORS/2026-05-09T23-22-10Z_cloud_clone_sync.json
2026-05-09T19:22:28.0000000000Z	1030	/mnt/h/AETHIEAOPSYS/DATA/MEMORY/ANCHORS/2026-05-09T23-22-10Z_cloud_clone_sync.json
2026-05-09T19:27:46.0000000000Z	1030	/mnt/h/AETHIEAOPSYS/CLOUD_CLONE/DATA/MEMORY/ANCHORS/2026-05-09T23-27-27Z_cloud_clone_sync.json
2026-05-09T19:27:46.0000000000Z	1030	/mnt/h/AETHIEAOPSYS/DATA/MEMORY/ANCHORS/2026-05-09T23-27-27Z_cloud_clone_sync.json
2026-05-09T19:33:06.0000000000Z	1030	/mnt/h/AETHIEAOPSYS/CLOUD_CLONE/DATA/MEMORY/ANCHORS/2026-05-09T23-32-45Z_cloud_clone_sync.json
2026-05-09T19:33:06.0000000000Z	1030	/mnt/h/AETHIEAOPSYS/DATA/MEMORY/ANCHORS/2026-05-09T23-32-45Z_cloud_clone_sync.json
2026-05-09T19:38:24.0000000000Z	1030	/mnt/h/AETHIEAOPSYS/CLOUD_CLONE/DATA/MEMORY/ANCHORS/2026-05-09T23-38-04Z_cloud_clone_sync.json
2026-05-09T19:38:24.0000000000Z	1030	/mnt/h/AETHIEAOPSYS/DATA/MEMORY/ANCHORS/2026-05-09T23-38-04Z_cloud_clone_sync.json
2026-05-09T19:43:42.0000000000Z	1030	/mnt/h/AETHIEAOPSYS/CLOUD_CLONE/DATA/MEMORY/ANCHORS/2026-05-09T23-43-22Z_cloud_clone_sync.json
2026-05-09T19:43:42.0000000000Z	1030	/mnt/h/AETHIEAOPSYS/DATA/MEMORY/ANCHORS/2026-05-09T23-43-22Z_cloud_clone_sync.json
2026-05-09T19:49:06.0000000000Z	1030	/mnt/h/AETHIEAOPSYS/CLOUD_CLONE/DATA/MEMORY/ANCHORS/2026-05-09T23-48-41Z_cloud_clone_sync.json
2026-05-09T19:49:06.0000000000Z	1030	/mnt/h/AETHIEAOPSYS/DATA/MEMORY/ANCHORS/2026-05-09T23-48-41Z_cloud_clone_sync.json
2026-05-09T19:54:24.0000000000Z	1030	/mnt/h/AETHIEAOPSYS/CLOUD_CLONE/DATA/MEMORY/ANCHORS/2026-05-09T23-54-05Z_cloud_clone_sync.json
2026-05-09T19:54:24.0000000000Z	1030	/mnt/h/AETHIEAOPSYS/DATA/MEMORY/ANCHORS/2026-05-09T23-54-05Z_cloud_clone_sync.json
2026-05-09T20:00:00.0000000000Z	1030	/mnt/h/AETHIEAOPSYS/DATA/MEMORY/ANCHORS/2026-05-09T23-59-24Z_cloud_clone_sync.json
2026-05-09T20:00:02.0000000000Z	1030	/mnt/h/AETHIEAOPSYS/CLOUD_CLONE/DATA/MEMORY/ANCHORS/2026-05-09T23-59-24Z_cloud_clone_sync.json
2026-05-09T20:05:24.0000000000Z	1030	/mnt/h/AETHIEAOPSYS/CLOUD_CLONE/DATA/MEMORY/ANCHORS/2026-05-10T00-05-00Z_cloud_clone_sync.json
2026-05-09T20:05:24.0000000000Z	1030	/mnt/h/AETHIEAOPSYS/DATA/MEMORY/ANCHORS/2026-05-10T00-05-00Z_cloud_clone_sync.json
2026-05-09T20:11:08.0000000000Z	1030	/mnt/h/AETHIEAOPSYS/CLOUD_CLONE/DATA/MEMORY/ANCHORS/2026-05-10T00-10-25Z_cloud_clone_sync.json
2026-05-09T20:11:08.0000000000Z	1030	/mnt/h/AETHIEAOPSYS/DATA/MEMORY/ANCHORS/2026-05-10T00-10-25Z_cloud_clone_sync.json
2026-05-09T20:16:30.0000000000Z	1030	/mnt/h/AETHIEAOPSYS/CLOUD_CLONE/DATA/MEMORY/ANCHORS/2026-05-10T00-16-08Z_cloud_clone_sync.json
2026-05-09T20:16:30.0000000000Z	1030	/mnt/h/AETHIEAOPSYS/DATA/MEMORY/ANCHORS/2026-05-10T00-16-08Z_cloud_clone_sync.json
2026-05-09T20:21:50.0000000000Z	1030	/mnt/h/AETHIEAOPSYS/CLOUD_CLONE/DATA/MEMORY/ANCHORS/2026-05-10T00-21-30Z_cloud_clone_sync.json
2026-05-09T20:21:50.0000000000Z	1030	/mnt/h/AETHIEAOPSYS/DATA/MEMORY/ANCHORS/2026-05-10T00-21-30Z_cloud_clone_sync.json
2026-05-09T20:27:24.0000000000Z	1030	/mnt/h/AETHIEAOPSYS/CLOUD_CLONE/DATA/MEMORY/ANCHORS/2026-05-10T00-26-50Z_cloud_clone_sync.json
2026-05-09T20:27:24.0000000000Z	1030	/mnt/h/AETHIEAOPSYS/DATA/MEMORY/ANCHORS/2026-05-10T00-26-50Z_cloud_clone_sync.json
2026-05-09T20:32:46.0000000000Z	1030	/mnt/h/AETHIEAOPSYS/CLOUD_CLONE/DATA/MEMORY/ANCHORS/2026-05-10T00-32-24Z_cloud_clone_sync.json
2026-05-09T20:32:46.0000000000Z	1030	/mnt/h/AETHIEAOPSYS/DATA/MEMORY/ANCHORS/2026-05-10T00-32-24Z_cloud_clone_sync.json
2026-05-09T20:38:00.0000000000Z	1030	/mnt/h/AETHIEAOPSYS/CLOUD_CLONE/DATA/MEMORY/ANCHORS/2026-05-10T00-37-45Z_cloud_clone_sync.json
2026-05-09T20:38:00.0000000000Z	1030	/mnt/h/AETHIEAOPSYS/DATA/MEMORY/ANCHORS/2026-05-10T00-37-45Z_cloud_clone_sync.json
2026-05-09T20:43:12.0000000000Z	1030	/mnt/h/AETHIEAOPSYS/CLOUD_CLONE/DATA/MEMORY/ANCHORS/2026-05-10T00-42-58Z_cloud_clone_sync.json
2026-05-09T20:43:12.0000000000Z	1030	/mnt/h/AETHIEAOPSYS/DATA/MEMORY/ANCHORS/2026-05-10T00-42-58Z_cloud_clone_sync.json
2026-05-09T20:48:24.0000000000Z	1030	/mnt/h/AETHIEAOPSYS/CLOUD_CLONE/DATA/MEMORY/ANCHORS/2026-05-10T00-48-10Z_cloud_clone_sync.json
2026-05-09T20:48:24.0000000000Z	1030	/mnt/h/AETHIEAOPSYS/DATA/MEMORY/ANCHORS/2026-05-10T00-48-10Z_cloud_clone_sync.json
2026-05-09T20:53:34.0000000000Z	1030	/mnt/h/AETHIEAOPSYS/CLOUD_CLONE/DATA/MEMORY/ANCHORS/2026-05-10T00-53-22Z_cloud_clone_sync.json
2026-05-09T20:53:34.0000000000Z	1030	/mnt/h/AETHIEAOPSYS/DATA/MEMORY/ANCHORS/2026-05-10T00-53-22Z_cloud_clone_sync.json
2026-05-09T20:58:46.0000000000Z	1030	/mnt/h/AETHIEAOPSYS/CLOUD_CLONE/DATA/MEMORY/ANCHORS/2026-05-10T00-58-33Z_cloud_clone_sync.json
2026-05-09T20:58:46.0000000000Z	1030	/mnt/h/AETHIEAOPSYS/DATA/MEMORY/ANCHORS/2026-05-10T00-58-33Z_cloud_clone_sync.json
2026-05-09T21:03:58.0000000000Z	1030	/mnt/h/AETHIEAOPSYS/CLOUD_CLONE/DATA/MEMORY/ANCHORS/2026-05-10T01-03-45Z_cloud_clone_sync.json
2026-05-09T21:03:58.0000000000Z	1030	/mnt/h/AETHIEAOPSYS/DATA/MEMORY/ANCHORS/2026-05-10T01-03-45Z_cloud_clone_sync.json
2026-05-09T21:09:10.0000000000Z	1030	/mnt/h/AETHIEAOPSYS/CLOUD_CLONE/DATA/MEMORY/ANCHORS/2026-05-10T01-08-57Z_cloud_clone_sync.json
2026-05-09T21:09:10.0000000000Z	1030	/mnt/h/AETHIEAOPSYS/DATA/MEMORY/ANCHORS/2026-05-10T01-08-57Z_cloud_clone_sync.json
2026-05-09T21:14:22.0000000000Z	1030	/mnt/h/AETHIEAOPSYS/CLOUD_CLONE/DATA/MEMORY/ANCHORS/2026-05-10T01-14-09Z_cloud_clone_sync.json
2026-05-09T21:14:22.0000000000Z	1030	/mnt/h/AETHIEAOPSYS/DATA/MEMORY/ANCHORS/2026-05-10T01-14-09Z_cloud_clone_sync.json
2026-05-09T21:19:34.0000000000Z	1030	/mnt/h/AETHIEAOPSYS/CLOUD_CLONE/DATA/MEMORY/ANCHORS/2026-05-10T01-19-21Z_cloud_clone_sync.json
2026-05-09T21:19:34.0000000000Z	1030	/mnt/h/AETHIEAOPSYS/DATA/MEMORY/ANCHORS/2026-05-10T01-19-21Z_cloud_clone_sync.json
2026-05-09T21:24:46.0000000000Z	1030	/mnt/h/AETHIEAOPSYS/CLOUD_CLONE/DATA/MEMORY/ANCHORS/2026-05-10T01-24-32Z_cloud_clone_sync.json
2026-05-09T21:24:46.0000000000Z	1030	/mnt/h/AETHIEAOPSYS/DATA/MEMORY/ANCHORS/2026-05-10T01-24-32Z_cloud_clone_sync.json
2026-05-09T21:29:58.0000000000Z	1030	/mnt/h/AETHIEAOPSYS/CLOUD_CLONE/DATA/MEMORY/ANCHORS/2026-05-10T01-29-45Z_cloud_clone_sync.json
2026-05-09T21:29:58.0000000000Z	1030	/mnt/h/AETHIEAOPSYS/DATA/MEMORY/ANCHORS/2026-05-10T01-29-45Z_cloud_clone_sync.json
2026-05-09T21:35:10.0000000000Z	1030	/mnt/h/AETHIEAOPSYS/CLOUD_CLONE/DATA/MEMORY/ANCHORS/2026-05-10T01-34-56Z_cloud_clone_sync.json
2026-05-09T21:35:10.0000000000Z	1030	/mnt/h/AETHIEAOPSYS/DATA/MEMORY/ANCHORS/2026-05-10T01-34-56Z_cloud_clone_sync.json
2026-05-09T21:40:24.0000000000Z	1030	/mnt/h/AETHIEAOPSYS/CLOUD_CLONE/DATA/MEMORY/ANCHORS/2026-05-10T01-40-09Z_cloud_clone_sync.json
2026-05-09T21:40:24.0000000000Z	1030	/mnt/h/AETHIEAOPSYS/DATA/MEMORY/ANCHORS/2026-05-10T01-40-09Z_cloud_clone_sync.json
2026-05-09T21:45:38.0000000000Z	1030	/mnt/h/AETHIEAOPSYS/CLOUD_CLONE/DATA/MEMORY/ANCHORS/2026-05-10T01-45-23Z_cloud_clone_sync.json
2026-05-09T21:45:38.0000000000Z	1030	/mnt/h/AETHIEAOPSYS/DATA/MEMORY/ANCHORS/2026-05-10T01-45-23Z_cloud_clone_sync.json
2026-05-09T21:50:50.0000000000Z	1030	/mnt/h/AETHIEAOPSYS/CLOUD_CLONE/DATA/MEMORY/ANCHORS/2026-05-10T01-50-36Z_cloud_clone_sync.json
2026-05-09T21:50:50.0000000000Z	1030	/mnt/h/AETHIEAOPSYS/DATA/MEMORY/ANCHORS/2026-05-10T01-50-36Z_cloud_clone_sync.json
2026-05-09T21:56:00.0000000000Z	1030	/mnt/h/AETHIEAOPSYS/CLOUD_CLONE/DATA/MEMORY/ANCHORS/2026-05-10T01-55-48Z_cloud_clone_sync.json
2026-05-09T21:56:00.0000000000Z	1030	/mnt/h/AETHIEAOPSYS/DATA/MEMORY/ANCHORS/2026-05-10T01-55-48Z_cloud_clone_sync.json
2026-05-09T22:01:12.0000000000Z	1030	/mnt/h/AETHIEAOPSYS/CLOUD_CLONE/DATA/MEMORY/ANCHORS/2026-05-10T02-00-59Z_cloud_clone_sync.json
2026-05-09T22:01:12.0000000000Z	1030	/mnt/h/AETHIEAOPSYS/DATA/MEMORY/ANCHORS/2026-05-10T02-00-59Z_cloud_clone_sync.json
2026-05-09T22:06:24.0000000000Z	1030	/mnt/h/AETHIEAOPSYS/CLOUD_CLONE/DATA/MEMORY/ANCHORS/2026-05-10T02-06-11Z_cloud_clone_sync.json
2026-05-09T22:06:24.0000000000Z	1030	/mnt/h/AETHIEAOPSYS/DATA/MEMORY/ANCHORS/2026-05-10T02-06-11Z_cloud_clone_sync.json
2026-05-09T22:11:36.0000000000Z	1030	/mnt/h/AETHIEAOPSYS/CLOUD_CLONE/DATA/MEMORY/ANCHORS/2026-05-10T02-11-23Z_cloud_clone_sync.json
2026-05-09T22:11:36.0000000000Z	1030	/mnt/h/AETHIEAOPSYS/DATA/MEMORY/ANCHORS/2026-05-10T02-11-23Z_cloud_clone_sync.json
2026-05-12T09:37:48.0000000000Z	1030	/mnt/h/AETHIEAOPSYS/CLOUD_CLONE/DATA/MEMORY/ANCHORS/2026-05-12T13-37-32Z_cloud_clone_sync.json
2026-05-12T09:37:48.0000000000Z	1030	/mnt/h/AETHIEAOPSYS/DATA/MEMORY/ANCHORS/2026-05-12T13-37-32Z_cloud_clone_sync.json
2026-05-12T09:43:10.0000000000Z	1030	/mnt/h/AETHIEAOPSYS/CLOUD_CLONE/DATA/MEMORY/ANCHORS/2026-05-12T13-42-47Z_cloud_clone_sync.json
2026-05-12T09:43:10.0000000000Z	1030	/mnt/h/AETHIEAOPSYS/DATA/MEMORY/ANCHORS/2026-05-12T13-42-47Z_cloud_clone_sync.json
2026-05-12T09:48:32.0000000000Z	1030	/mnt/h/AETHIEAOPSYS/CLOUD_CLONE/DATA/MEMORY/ANCHORS/2026-05-12T13-48-09Z_cloud_clone_sync.json
2026-05-12T09:48:32.0000000000Z	1030	/mnt/h/AETHIEAOPSYS/DATA/MEMORY/ANCHORS/2026-05-12T13-48-09Z_cloud_clone_sync.json
2026-05-12T09:54:04.0000000000Z	1030	/mnt/h/AETHIEAOPSYS/CLOUD_CLONE/DATA/MEMORY/ANCHORS/2026-05-12T13-53-31Z_cloud_clone_sync.json
2026-05-12T09:54:04.0000000000Z	1030	/mnt/h/AETHIEAOPSYS/DATA/MEMORY/ANCHORS/2026-05-12T13-53-31Z_cloud_clone_sync.json
2026-05-14T18:36:06.0000000000Z	1030	/mnt/h/AETHIEAOPSYS/CLOUD_CLONE/DATA/MEMORY/ANCHORS/2026-05-14T22-35-48Z_cloud_clone_sync.json
2026-05-14T18:36:06.0000000000Z	1030	/mnt/h/AETHIEAOPSYS/DATA/MEMORY/ANCHORS/2026-05-14T22-35-48Z_cloud_clone_sync.json
2026-05-14T18:41:22.0000000000Z	1030	/mnt/h/AETHIEAOPSYS/CLOUD_CLONE/DATA/MEMORY/ANCHORS/2026-05-14T22-41-04Z_cloud_clone_sync.json
2026-05-14T18:41:22.0000000000Z	1030	/mnt/h/AETHIEAOPSYS/DATA/MEMORY/ANCHORS/2026-05-14T22-41-04Z_cloud_clone_sync.json
2026-05-14T18:46:36.0000000000Z	1030	/mnt/h/AETHIEAOPSYS/CLOUD_CLONE/DATA/MEMORY/ANCHORS/2026-05-14T22-46-20Z_cloud_clone_sync.json
2026-05-14T18:46:36.0000000000Z	1030	/mnt/h/AETHIEAOPSYS/DATA/MEMORY/ANCHORS/2026-05-14T22-46-20Z_cloud_clone_sync.json
2026-05-14T19:52:08.0000000000Z	216487	/mnt/h/AETHIEAOPSYS/LOGS/full_file_inventory.txt
2026-05-14T19:55:02.0000000000Z	1068	/mnt/h/AETHIEAOPSYS/CLOUD_CLONE/DATA/MEMORY/ANCHORS/2026-05-14T23-54-46Z_cloud_clone_sync.json
2026-05-14T19:55:02.0000000000Z	1068	/mnt/h/AETHIEAOPSYS/DATA/MEMORY/ANCHORS/2026-05-14T23-54-46Z_cloud_clone_sync.json
2026-05-14T19:55:02.0000000000Z	216487	/mnt/h/AETHIEAOPSYS/CLOUD_CLONE/LOGS/full_file_inventory.txt
2026-05-14T20:00:20.0000000000Z	1030	/mnt/h/AETHIEAOPSYS/CLOUD_CLONE/DATA/MEMORY/ANCHORS/2026-05-15T00-00-08Z_cloud_clone_sync.json
2026-05-14T20:00:20.0000000000Z	1030	/mnt/h/AETHIEAOPSYS/DATA/MEMORY/ANCHORS/2026-05-15T00-00-08Z_cloud_clone_sync.json
2026-05-14T20:05:40.0000000000Z	1030	/mnt/h/AETHIEAOPSYS/CLOUD_CLONE/DATA/MEMORY/ANCHORS/2026-05-15T00-05-27Z_cloud_clone_sync.json
2026-05-14T20:05:40.0000000000Z	1030	/mnt/h/AETHIEAOPSYS/DATA/MEMORY/ANCHORS/2026-05-15T00-05-27Z_cloud_clone_sync.json
2026-05-14T20:08:26.0000000000Z	0	/mnt/h/AETHIEAOPSYS/.aeth_root
2026-05-14T20:11:06.0000000000Z	1030	/mnt/h/AETHIEAOPSYS/CLOUD_CLONE/DATA/MEMORY/ANCHORS/2026-05-15T00-10-46Z_cloud_clone_sync.json
2026-05-14T20:11:06.0000000000Z	1030	/mnt/h/AETHIEAOPSYS/DATA/MEMORY/ANCHORS/2026-05-15T00-10-46Z_cloud_clone_sync.json
2026-05-14T20:12:02.0000000000Z	552	/mnt/h/AETHIEAOPSYS/DATA/MEMORY/SURFACES/lolita.json
2026-05-14T20:12:42.0000000000Z	1639	/mnt/h/AETHIEAOPSYS/ENV/SURFACES/bootstrap.sh.broken.1778803961
2026-05-14T20:13:10.0000000000Z	1809	/mnt/h/AETHIEAOPSYS/ENV/SURFACES/bootstrap.sh.save
2026-05-14T21:17:50.0000000000Z	1030	/mnt/h/AETHIEAOPSYS/CLOUD_CLONE/DATA/MEMORY/ANCHORS/2026-05-15T01-17-31Z_cloud_clone_sync.json
2026-05-14T21:17:50.0000000000Z	1030	/mnt/h/AETHIEAOPSYS/DATA/MEMORY/ANCHORS/2026-05-15T01-17-31Z_cloud_clone_sync.json
2026-05-14T21:23:12.0000000000Z	1064	/mnt/h/AETHIEAOPSYS/CLOUD_CLONE/DATA/MEMORY/ANCHORS/2026-05-15T01-22-53Z_cloud_clone_sync.json
2026-05-14T21:23:12.0000000000Z	1064	/mnt/h/AETHIEAOPSYS/DATA/MEMORY/ANCHORS/2026-05-15T01-22-53Z_cloud_clone_sync.json
2026-05-14T21:26:14.0000000000Z	887	/mnt/h/AETHIEAOPSYS/TOOLIO/build_hf_layer.sh
2026-05-14T21:26:20.0000000000Z	390	/mnt/h/AETHIEAOPSYS/EXECUTION/PIPELINES/_HF/pull_model.sh
2026-05-14T21:28:32.0000000000Z	390	/mnt/h/AETHIEAOPSYS/CLOUD_CLONE/EXECUTION/PIPELINES/_HF/pull_model.sh
2026-05-14T21:28:36.0000000000Z	1109	/mnt/h/AETHIEAOPSYS/CLOUD_CLONE/DATA/MEMORY/ANCHORS/2026-05-15T01-28-16Z_cloud_clone_sync.json
2026-05-14T21:28:36.0000000000Z	1109	/mnt/h/AETHIEAOPSYS/DATA/MEMORY/ANCHORS/2026-05-15T01-28-16Z_cloud_clone_sync.json
2026-05-14T21:28:36.0000000000Z	887	/mnt/h/AETHIEAOPSYS/CLOUD_CLONE/TOOLIO/build_hf_layer.sh
2026-05-14T21:34:00.0000000000Z	1030	/mnt/h/AETHIEAOPSYS/CLOUD_CLONE/DATA/MEMORY/ANCHORS/2026-05-15T01-33-40Z_cloud_clone_sync.json
2026-05-14T21:34:00.0000000000Z	1030	/mnt/h/AETHIEAOPSYS/DATA/MEMORY/ANCHORS/2026-05-15T01-33-40Z_cloud_clone_sync.json
2026-05-14T21:39:24.0000000000Z	1030	/mnt/h/AETHIEAOPSYS/CLOUD_CLONE/DATA/MEMORY/ANCHORS/2026-05-15T01-39-05Z_cloud_clone_sync.json
2026-05-14T21:39:24.0000000000Z	1030	/mnt/h/AETHIEAOPSYS/DATA/MEMORY/ANCHORS/2026-05-15T01-39-05Z_cloud_clone_sync.json
2026-05-14T21:44:50.0000000000Z	1030	/mnt/h/AETHIEAOPSYS/CLOUD_CLONE/DATA/MEMORY/ANCHORS/2026-05-15T01-44-31Z_cloud_clone_sync.json
2026-05-14T21:44:50.0000000000Z	1030	/mnt/h/AETHIEAOPSYS/DATA/MEMORY/ANCHORS/2026-05-15T01-44-31Z_cloud_clone_sync.json
2026-05-14T21:50:14.0000000000Z	1030	/mnt/h/AETHIEAOPSYS/CLOUD_CLONE/DATA/MEMORY/ANCHORS/2026-05-15T01-49-54Z_cloud_clone_sync.json
2026-05-14T21:50:14.0000000000Z	1030	/mnt/h/AETHIEAOPSYS/DATA/MEMORY/ANCHORS/2026-05-15T01-49-54Z_cloud_clone_sync.json
2026-05-14T21:55:38.0000000000Z	1055	/mnt/h/AETHIEAOPSYS/DATA/MEMORY/ANCHORS/2026-05-15T01-55-18Z_cloud_clone_sync.json
2026-05-14T21:55:40.0000000000Z	1055	/mnt/h/AETHIEAOPSYS/CLOUD_CLONE/DATA/MEMORY/ANCHORS/2026-05-15T01-55-18Z_cloud_clone_sync.json
2026-05-14T21:56:34.0000000000Z	920	/mnt/h/AETHIEAOPSYS/TOOLIO/aeth_ask
2026-05-14T22:01:04.0000000000Z	1055	/mnt/h/AETHIEAOPSYS/CLOUD_CLONE/DATA/MEMORY/ANCHORS/2026-05-15T02-00-43Z_cloud_clone_sync.json
2026-05-14T22:01:04.0000000000Z	1055	/mnt/h/AETHIEAOPSYS/DATA/MEMORY/ANCHORS/2026-05-15T02-00-43Z_cloud_clone_sync.json
2026-05-14T22:01:04.0000000000Z	920	/mnt/h/AETHIEAOPSYS/CLOUD_CLONE/TOOLIO/aeth_ask
2026-05-14T22:06:28.0000000000Z	1030	/mnt/h/AETHIEAOPSYS/CLOUD_CLONE/DATA/MEMORY/ANCHORS/2026-05-15T02-06-08Z_cloud_clone_sync.json
2026-05-14T22:06:28.0000000000Z	1030	/mnt/h/AETHIEAOPSYS/DATA/MEMORY/ANCHORS/2026-05-15T02-06-08Z_cloud_clone_sync.json
2026-05-14T22:11:56.0000000000Z	1030	/mnt/h/AETHIEAOPSYS/CLOUD_CLONE/DATA/MEMORY/ANCHORS/2026-05-15T02-11-34Z_cloud_clone_sync.json
2026-05-14T22:11:56.0000000000Z	1030	/mnt/h/AETHIEAOPSYS/DATA/MEMORY/ANCHORS/2026-05-15T02-11-34Z_cloud_clone_sync.json
2026-05-14T22:17:20.0000000000Z	1030	/mnt/h/AETHIEAOPSYS/CLOUD_CLONE/DATA/MEMORY/ANCHORS/2026-05-15T02-17-01Z_cloud_clone_sync.json
2026-05-14T22:17:20.0000000000Z	1030	/mnt/h/AETHIEAOPSYS/DATA/MEMORY/ANCHORS/2026-05-15T02-17-01Z_cloud_clone_sync.json
2026-05-14T22:22:44.0000000000Z	1030	/mnt/h/AETHIEAOPSYS/CLOUD_CLONE/DATA/MEMORY/ANCHORS/2026-05-15T02-22-25Z_cloud_clone_sync.json
2026-05-14T22:22:44.0000000000Z	1030	/mnt/h/AETHIEAOPSYS/DATA/MEMORY/ANCHORS/2026-05-15T02-22-25Z_cloud_clone_sync.json
2026-05-14T22:28:08.0000000000Z	1030	/mnt/h/AETHIEAOPSYS/CLOUD_CLONE/DATA/MEMORY/ANCHORS/2026-05-15T02-27-50Z_cloud_clone_sync.json
2026-05-14T22:28:08.0000000000Z	1030	/mnt/h/AETHIEAOPSYS/DATA/MEMORY/ANCHORS/2026-05-15T02-27-50Z_cloud_clone_sync.json
2026-05-14T22:33:34.0000000000Z	1030	/mnt/h/AETHIEAOPSYS/CLOUD_CLONE/DATA/MEMORY/ANCHORS/2026-05-15T02-33-13Z_cloud_clone_sync.json
2026-05-14T22:33:34.0000000000Z	1030	/mnt/h/AETHIEAOPSYS/DATA/MEMORY/ANCHORS/2026-05-15T02-33-13Z_cloud_clone_sync.json
2026-05-14T22:38:58.0000000000Z	1030	/mnt/h/AETHIEAOPSYS/CLOUD_CLONE/DATA/MEMORY/ANCHORS/2026-05-15T02-38-38Z_cloud_clone_sync.json
2026-05-14T22:38:58.0000000000Z	1030	/mnt/h/AETHIEAOPSYS/DATA/MEMORY/ANCHORS/2026-05-15T02-38-38Z_cloud_clone_sync.json
2026-05-14T22:44:18.0000000000Z	1030	/mnt/h/AETHIEAOPSYS/CLOUD_CLONE/DATA/MEMORY/ANCHORS/2026-05-15T02-44-01Z_cloud_clone_sync.json
2026-05-14T22:44:18.0000000000Z	1030	/mnt/h/AETHIEAOPSYS/DATA/MEMORY/ANCHORS/2026-05-15T02-44-01Z_cloud_clone_sync.json
2026-05-14T22:49:40.0000000000Z	1030	/mnt/h/AETHIEAOPSYS/CLOUD_CLONE/DATA/MEMORY/ANCHORS/2026-05-15T02-49-22Z_cloud_clone_sync.json
2026-05-14T22:49:40.0000000000Z	1030	/mnt/h/AETHIEAOPSYS/DATA/MEMORY/ANCHORS/2026-05-15T02-49-22Z_cloud_clone_sync.json
2026-05-14T22:55:04.0000000000Z	1030	/mnt/h/AETHIEAOPSYS/CLOUD_CLONE/DATA/MEMORY/ANCHORS/2026-05-15T02-54-44Z_cloud_clone_sync.json
2026-05-14T22:55:04.0000000000Z	1030	/mnt/h/AETHIEAOPSYS/DATA/MEMORY/ANCHORS/2026-05-15T02-54-44Z_cloud_clone_sync.json
2026-05-14T23:00:20.0000000000Z	1030	/mnt/h/AETHIEAOPSYS/CLOUD_CLONE/DATA/MEMORY/ANCHORS/2026-05-15T03-00-07Z_cloud_clone_sync.json
2026-05-14T23:00:20.0000000000Z	1030	/mnt/h/AETHIEAOPSYS/DATA/MEMORY/ANCHORS/2026-05-15T03-00-07Z_cloud_clone_sync.json
2026-05-14T23:05:42.0000000000Z	1030	/mnt/h/AETHIEAOPSYS/CLOUD_CLONE/DATA/MEMORY/ANCHORS/2026-05-15T03-05-24Z_cloud_clone_sync.json
2026-05-14T23:05:42.0000000000Z	1030	/mnt/h/AETHIEAOPSYS/DATA/MEMORY/ANCHORS/2026-05-15T03-05-24Z_cloud_clone_sync.json
2026-05-14T23:11:02.0000000000Z	1030	/mnt/h/AETHIEAOPSYS/CLOUD_CLONE/DATA/MEMORY/ANCHORS/2026-05-15T03-10-47Z_cloud_clone_sync.json
2026-05-14T23:11:02.0000000000Z	1030	/mnt/h/AETHIEAOPSYS/DATA/MEMORY/ANCHORS/2026-05-15T03-10-47Z_cloud_clone_sync.json
2026-05-14T23:16:20.0000000000Z	1030	/mnt/h/AETHIEAOPSYS/CLOUD_CLONE/DATA/MEMORY/ANCHORS/2026-05-15T03-16-06Z_cloud_clone_sync.json
2026-05-14T23:16:20.0000000000Z	1030	/mnt/h/AETHIEAOPSYS/DATA/MEMORY/ANCHORS/2026-05-15T03-16-06Z_cloud_clone_sync.json
2026-05-14T23:21:40.0000000000Z	1030	/mnt/h/AETHIEAOPSYS/CLOUD_CLONE/DATA/MEMORY/ANCHORS/2026-05-15T03-21-26Z_cloud_clone_sync.json
2026-05-14T23:21:40.0000000000Z	1030	/mnt/h/AETHIEAOPSYS/DATA/MEMORY/ANCHORS/2026-05-15T03-21-26Z_cloud_clone_sync.json
2026-05-14T23:27:06.0000000000Z	1030	/mnt/h/AETHIEAOPSYS/CLOUD_CLONE/DATA/MEMORY/ANCHORS/2026-05-15T03-26-46Z_cloud_clone_sync.json
2026-05-14T23:27:06.0000000000Z	1030	/mnt/h/AETHIEAOPSYS/DATA/MEMORY/ANCHORS/2026-05-15T03-26-46Z_cloud_clone_sync.json
2026-05-14T23:32:30.0000000000Z	1030	/mnt/h/AETHIEAOPSYS/CLOUD_CLONE/DATA/MEMORY/ANCHORS/2026-05-15T03-32-11Z_cloud_clone_sync.json
2026-05-14T23:32:30.0000000000Z	1030	/mnt/h/AETHIEAOPSYS/DATA/MEMORY/ANCHORS/2026-05-15T03-32-11Z_cloud_clone_sync.json
2026-05-14T23:37:52.0000000000Z	1030	/mnt/h/AETHIEAOPSYS/CLOUD_CLONE/DATA/MEMORY/ANCHORS/2026-05-15T03-37-34Z_cloud_clone_sync.json
2026-05-14T23:37:52.0000000000Z	1030	/mnt/h/AETHIEAOPSYS/DATA/MEMORY/ANCHORS/2026-05-15T03-37-34Z_cloud_clone_sync.json
2026-05-14T23:43:12.0000000000Z	1030	/mnt/h/AETHIEAOPSYS/CLOUD_CLONE/DATA/MEMORY/ANCHORS/2026-05-15T03-42-55Z_cloud_clone_sync.json
2026-05-14T23:43:12.0000000000Z	1030	/mnt/h/AETHIEAOPSYS/DATA/MEMORY/ANCHORS/2026-05-15T03-42-55Z_cloud_clone_sync.json
2026-05-14T23:48:36.0000000000Z	1030	/mnt/h/AETHIEAOPSYS/CLOUD_CLONE/DATA/MEMORY/ANCHORS/2026-05-15T03-48-16Z_cloud_clone_sync.json
2026-05-14T23:48:36.0000000000Z	1030	/mnt/h/AETHIEAOPSYS/DATA/MEMORY/ANCHORS/2026-05-15T03-48-16Z_cloud_clone_sync.json
2026-05-14T23:54:04.0000000000Z	1030	/mnt/h/AETHIEAOPSYS/CLOUD_CLONE/DATA/MEMORY/ANCHORS/2026-05-15T03-53-42Z_cloud_clone_sync.json
2026-05-14T23:54:04.0000000000Z	1030	/mnt/h/AETHIEAOPSYS/DATA/MEMORY/ANCHORS/2026-05-15T03-53-42Z_cloud_clone_sync.json
2026-05-14T23:59:30.0000000000Z	1030	/mnt/h/AETHIEAOPSYS/CLOUD_CLONE/DATA/MEMORY/ANCHORS/2026-05-15T03-59-09Z_cloud_clone_sync.json
2026-05-14T23:59:30.0000000000Z	1030	/mnt/h/AETHIEAOPSYS/DATA/MEMORY/ANCHORS/2026-05-15T03-59-09Z_cloud_clone_sync.json
2026-05-15T00:04:58.0000000000Z	1030	/mnt/h/AETHIEAOPSYS/CLOUD_CLONE/DATA/MEMORY/ANCHORS/2026-05-15T04-04-36Z_cloud_clone_sync.json
2026-05-15T00:04:58.0000000000Z	1030	/mnt/h/AETHIEAOPSYS/DATA/MEMORY/ANCHORS/2026-05-15T04-04-36Z_cloud_clone_sync.json
2026-05-15T00:10:24.0000000000Z	1030	/mnt/h/AETHIEAOPSYS/CLOUD_CLONE/DATA/MEMORY/ANCHORS/2026-05-15T04-10-04Z_cloud_clone_sync.json
2026-05-15T00:10:24.0000000000Z	1030	/mnt/h/AETHIEAOPSYS/DATA/MEMORY/ANCHORS/2026-05-15T04-10-04Z_cloud_clone_sync.json
2026-05-15T00:15:50.0000000000Z	1030	/mnt/h/AETHIEAOPSYS/CLOUD_CLONE/DATA/MEMORY/ANCHORS/2026-05-15T04-15-31Z_cloud_clone_sync.json
2026-05-15T00:15:50.0000000000Z	1030	/mnt/h/AETHIEAOPSYS/DATA/MEMORY/ANCHORS/2026-05-15T04-15-31Z_cloud_clone_sync.json
2026-05-15T00:21:18.0000000000Z	1030	/mnt/h/AETHIEAOPSYS/CLOUD_CLONE/DATA/MEMORY/ANCHORS/2026-05-15T04-20-57Z_cloud_clone_sync.json
2026-05-15T00:21:18.0000000000Z	1030	/mnt/h/AETHIEAOPSYS/DATA/MEMORY/ANCHORS/2026-05-15T04-20-57Z_cloud_clone_sync.json
2026-05-15T00:26:46.0000000000Z	1030	/mnt/h/AETHIEAOPSYS/CLOUD_CLONE/DATA/MEMORY/ANCHORS/2026-05-15T04-26-25Z_cloud_clone_sync.json
2026-05-15T00:26:46.0000000000Z	1030	/mnt/h/AETHIEAOPSYS/DATA/MEMORY/ANCHORS/2026-05-15T04-26-25Z_cloud_clone_sync.json
2026-05-15T00:32:10.0000000000Z	1030	/mnt/h/AETHIEAOPSYS/CLOUD_CLONE/DATA/MEMORY/ANCHORS/2026-05-15T04-31-50Z_cloud_clone_sync.json
2026-05-15T00:32:10.0000000000Z	1030	/mnt/h/AETHIEAOPSYS/DATA/MEMORY/ANCHORS/2026-05-15T04-31-50Z_cloud_clone_sync.json
2026-05-15T00:37:36.0000000000Z	1030	/mnt/h/AETHIEAOPSYS/CLOUD_CLONE/DATA/MEMORY/ANCHORS/2026-05-15T04-37-15Z_cloud_clone_sync.json
2026-05-15T00:37:36.0000000000Z	1030	/mnt/h/AETHIEAOPSYS/DATA/MEMORY/ANCHORS/2026-05-15T04-37-15Z_cloud_clone_sync.json
2026-05-15T00:43:02.0000000000Z	1030	/mnt/h/AETHIEAOPSYS/CLOUD_CLONE/DATA/MEMORY/ANCHORS/2026-05-15T04-42-42Z_cloud_clone_sync.json
2026-05-15T00:43:02.0000000000Z	1030	/mnt/h/AETHIEAOPSYS/DATA/MEMORY/ANCHORS/2026-05-15T04-42-42Z_cloud_clone_sync.json
2026-05-15T00:48:30.0000000000Z	1030	/mnt/h/AETHIEAOPSYS/CLOUD_CLONE/DATA/MEMORY/ANCHORS/2026-05-15T04-48-09Z_cloud_clone_sync.json
2026-05-15T00:48:30.0000000000Z	1030	/mnt/h/AETHIEAOPSYS/DATA/MEMORY/ANCHORS/2026-05-15T04-48-09Z_cloud_clone_sync.json
2026-05-15T00:53:56.0000000000Z	1030	/mnt/h/AETHIEAOPSYS/CLOUD_CLONE/DATA/MEMORY/ANCHORS/2026-05-15T04-53-35Z_cloud_clone_sync.json
2026-05-15T00:53:56.0000000000Z	1030	/mnt/h/AETHIEAOPSYS/DATA/MEMORY/ANCHORS/2026-05-15T04-53-35Z_cloud_clone_sync.json
2026-05-15T00:59:22.0000000000Z	1030	/mnt/h/AETHIEAOPSYS/CLOUD_CLONE/DATA/MEMORY/ANCHORS/2026-05-15T04-59-01Z_cloud_clone_sync.json
2026-05-15T00:59:22.0000000000Z	1030	/mnt/h/AETHIEAOPSYS/DATA/MEMORY/ANCHORS/2026-05-15T04-59-01Z_cloud_clone_sync.json
2026-05-15T01:04:46.0000000000Z	1030	/mnt/h/AETHIEAOPSYS/CLOUD_CLONE/DATA/MEMORY/ANCHORS/2026-05-15T05-04-26Z_cloud_clone_sync.json
2026-05-15T01:04:46.0000000000Z	1030	/mnt/h/AETHIEAOPSYS/DATA/MEMORY/ANCHORS/2026-05-15T05-04-26Z_cloud_clone_sync.json
2026-05-15T01:10:10.0000000000Z	1030	/mnt/h/AETHIEAOPSYS/CLOUD_CLONE/DATA/MEMORY/ANCHORS/2026-05-15T05-09-51Z_cloud_clone_sync.json
2026-05-15T01:10:10.0000000000Z	1030	/mnt/h/AETHIEAOPSYS/DATA/MEMORY/ANCHORS/2026-05-15T05-09-51Z_cloud_clone_sync.json
2026-05-15T01:15:36.0000000000Z	1030	/mnt/h/AETHIEAOPSYS/CLOUD_CLONE/DATA/MEMORY/ANCHORS/2026-05-15T05-15-16Z_cloud_clone_sync.json
2026-05-15T01:15:36.0000000000Z	1030	/mnt/h/AETHIEAOPSYS/DATA/MEMORY/ANCHORS/2026-05-15T05-15-16Z_cloud_clone_sync.json
2026-05-15T01:21:04.0000000000Z	1030	/mnt/h/AETHIEAOPSYS/CLOUD_CLONE/DATA/MEMORY/ANCHORS/2026-05-15T05-20-43Z_cloud_clone_sync.json
2026-05-15T01:21:04.0000000000Z	1030	/mnt/h/AETHIEAOPSYS/DATA/MEMORY/ANCHORS/2026-05-15T05-20-43Z_cloud_clone_sync.json
2026-05-15T01:26:32.0000000000Z	1030	/mnt/h/AETHIEAOPSYS/CLOUD_CLONE/DATA/MEMORY/ANCHORS/2026-05-15T05-26-11Z_cloud_clone_sync.json
2026-05-15T01:26:32.0000000000Z	1030	/mnt/h/AETHIEAOPSYS/DATA/MEMORY/ANCHORS/2026-05-15T05-26-11Z_cloud_clone_sync.json
2026-05-15T01:32:00.0000000000Z	1030	/mnt/h/AETHIEAOPSYS/CLOUD_CLONE/DATA/MEMORY/ANCHORS/2026-05-15T05-31-39Z_cloud_clone_sync.json
2026-05-15T01:32:00.0000000000Z	1030	/mnt/h/AETHIEAOPSYS/DATA/MEMORY/ANCHORS/2026-05-15T05-31-39Z_cloud_clone_sync.json
2026-05-15T01:37:26.0000000000Z	1030	/mnt/h/AETHIEAOPSYS/CLOUD_CLONE/DATA/MEMORY/ANCHORS/2026-05-15T05-37-06Z_cloud_clone_sync.json
2026-05-15T01:37:26.0000000000Z	1030	/mnt/h/AETHIEAOPSYS/DATA/MEMORY/ANCHORS/2026-05-15T05-37-06Z_cloud_clone_sync.json
2026-05-15T01:42:54.0000000000Z	1030	/mnt/h/AETHIEAOPSYS/CLOUD_CLONE/DATA/MEMORY/ANCHORS/2026-05-15T05-42-35Z_cloud_clone_sync.json
2026-05-15T01:42:54.0000000000Z	1030	/mnt/h/AETHIEAOPSYS/DATA/MEMORY/ANCHORS/2026-05-15T05-42-35Z_cloud_clone_sync.json
2026-05-15T01:48:24.0000000000Z	1030	/mnt/h/AETHIEAOPSYS/CLOUD_CLONE/DATA/MEMORY/ANCHORS/2026-05-15T05-48-03Z_cloud_clone_sync.json
2026-05-15T01:48:24.0000000000Z	1030	/mnt/h/AETHIEAOPSYS/DATA/MEMORY/ANCHORS/2026-05-15T05-48-03Z_cloud_clone_sync.json
2026-05-15T01:53:50.0000000000Z	1030	/mnt/h/AETHIEAOPSYS/DATA/MEMORY/ANCHORS/2026-05-15T05-53-30Z_cloud_clone_sync.json
2026-05-15T01:53:52.0000000000Z	1030	/mnt/h/AETHIEAOPSYS/CLOUD_CLONE/DATA/MEMORY/ANCHORS/2026-05-15T05-53-30Z_cloud_clone_sync.json
2026-05-15T01:59:18.0000000000Z	1030	/mnt/h/AETHIEAOPSYS/CLOUD_CLONE/DATA/MEMORY/ANCHORS/2026-05-15T05-58-57Z_cloud_clone_sync.json
2026-05-15T01:59:18.0000000000Z	1030	/mnt/h/AETHIEAOPSYS/DATA/MEMORY/ANCHORS/2026-05-15T05-58-57Z_cloud_clone_sync.json
2026-05-15T02:04:44.0000000000Z	1030	/mnt/h/AETHIEAOPSYS/CLOUD_CLONE/DATA/MEMORY/ANCHORS/2026-05-15T06-04-24Z_cloud_clone_sync.json
2026-05-15T02:04:44.0000000000Z	1030	/mnt/h/AETHIEAOPSYS/DATA/MEMORY/ANCHORS/2026-05-15T06-04-24Z_cloud_clone_sync.json
2026-05-15T02:10:12.0000000000Z	1030	/mnt/h/AETHIEAOPSYS/CLOUD_CLONE/DATA/MEMORY/ANCHORS/2026-05-15T06-09-51Z_cloud_clone_sync.json
2026-05-15T02:10:12.0000000000Z	1030	/mnt/h/AETHIEAOPSYS/DATA/MEMORY/ANCHORS/2026-05-15T06-09-51Z_cloud_clone_sync.json
2026-05-15T02:15:46.0000000000Z	1030	/mnt/h/AETHIEAOPSYS/CLOUD_CLONE/DATA/MEMORY/ANCHORS/2026-05-15T06-15-20Z_cloud_clone_sync.json
2026-05-15T02:15:46.0000000000Z	1030	/mnt/h/AETHIEAOPSYS/DATA/MEMORY/ANCHORS/2026-05-15T06-15-20Z_cloud_clone_sync.json
2026-05-15T02:21:16.0000000000Z	1030	/mnt/h/AETHIEAOPSYS/CLOUD_CLONE/DATA/MEMORY/ANCHORS/2026-05-15T06-20-54Z_cloud_clone_sync.json
2026-05-15T02:21:16.0000000000Z	1030	/mnt/h/AETHIEAOPSYS/DATA/MEMORY/ANCHORS/2026-05-15T06-20-54Z_cloud_clone_sync.json
2026-05-15T02:26:46.0000000000Z	1030	/mnt/h/AETHIEAOPSYS/CLOUD_CLONE/DATA/MEMORY/ANCHORS/2026-05-15T06-26-24Z_cloud_clone_sync.json
2026-05-15T02:26:46.0000000000Z	1030	/mnt/h/AETHIEAOPSYS/DATA/MEMORY/ANCHORS/2026-05-15T06-26-24Z_cloud_clone_sync.json
2026-05-15T02:32:16.0000000000Z	1030	/mnt/h/AETHIEAOPSYS/CLOUD_CLONE/DATA/MEMORY/ANCHORS/2026-05-15T06-31-54Z_cloud_clone_sync.json
2026-05-15T02:32:16.0000000000Z	1030	/mnt/h/AETHIEAOPSYS/DATA/MEMORY/ANCHORS/2026-05-15T06-31-54Z_cloud_clone_sync.json
2026-05-15T02:37:44.0000000000Z	1030	/mnt/h/AETHIEAOPSYS/CLOUD_CLONE/DATA/MEMORY/ANCHORS/2026-05-15T06-37-23Z_cloud_clone_sync.json
2026-05-15T02:37:44.0000000000Z	1030	/mnt/h/AETHIEAOPSYS/DATA/MEMORY/ANCHORS/2026-05-15T06-37-23Z_cloud_clone_sync.json
2026-05-15T02:43:12.0000000000Z	1030	/mnt/h/AETHIEAOPSYS/CLOUD_CLONE/DATA/MEMORY/ANCHORS/2026-05-15T06-42-51Z_cloud_clone_sync.json
2026-05-15T02:43:12.0000000000Z	1030	/mnt/h/AETHIEAOPSYS/DATA/MEMORY/ANCHORS/2026-05-15T06-42-51Z_cloud_clone_sync.json
2026-05-15T02:48:40.0000000000Z	1030	/mnt/h/AETHIEAOPSYS/CLOUD_CLONE/DATA/MEMORY/ANCHORS/2026-05-15T06-48-19Z_cloud_clone_sync.json
2026-05-15T02:48:40.0000000000Z	1030	/mnt/h/AETHIEAOPSYS/DATA/MEMORY/ANCHORS/2026-05-15T06-48-19Z_cloud_clone_sync.json
2026-05-15T02:54:10.0000000000Z	1030	/mnt/h/AETHIEAOPSYS/CLOUD_CLONE/DATA/MEMORY/ANCHORS/2026-05-15T06-53-48Z_cloud_clone_sync.json
2026-05-15T02:54:10.0000000000Z	1030	/mnt/h/AETHIEAOPSYS/DATA/MEMORY/ANCHORS/2026-05-15T06-53-48Z_cloud_clone_sync.json
2026-05-15T02:59:46.0000000000Z	1030	/mnt/h/AETHIEAOPSYS/CLOUD_CLONE/DATA/MEMORY/ANCHORS/2026-05-15T06-59-18Z_cloud_clone_sync.json
2026-05-15T02:59:46.0000000000Z	1030	/mnt/h/AETHIEAOPSYS/DATA/MEMORY/ANCHORS/2026-05-15T06-59-18Z_cloud_clone_sync.json
2026-05-15T03:05:10.0000000000Z	1030	/mnt/h/AETHIEAOPSYS/CLOUD_CLONE/DATA/MEMORY/ANCHORS/2026-05-15T07-04-49Z_cloud_clone_sync.json
2026-05-15T03:05:10.0000000000Z	1030	/mnt/h/AETHIEAOPSYS/DATA/MEMORY/ANCHORS/2026-05-15T07-04-49Z_cloud_clone_sync.json
2026-05-15T03:10:38.0000000000Z	1030	/mnt/h/AETHIEAOPSYS/CLOUD_CLONE/DATA/MEMORY/ANCHORS/2026-05-15T07-10-16Z_cloud_clone_sync.json
2026-05-15T03:10:38.0000000000Z	1030	/mnt/h/AETHIEAOPSYS/DATA/MEMORY/ANCHORS/2026-05-15T07-10-16Z_cloud_clone_sync.json
2026-05-15T03:10:38.0000000000Z	318	/mnt/h/AETHIEAOPSYS/TOOLIO/AE
2026-05-15T03:15:30.0000000000Z	64	/mnt/h/AETHIEAOPSYS/ENV/API/cloudflare_public.env
2026-05-15T03:16:06.0000000000Z	318	/mnt/h/AETHIEAOPSYS/CLOUD_CLONE/TOOLIO/AE
2026-05-15T03:16:08.0000000000Z	1049	/mnt/h/AETHIEAOPSYS/CLOUD_CLONE/DATA/MEMORY/ANCHORS/2026-05-15T07-15-45Z_cloud_clone_sync.json
2026-05-15T03:16:08.0000000000Z	1049	/mnt/h/AETHIEAOPSYS/DATA/MEMORY/ANCHORS/2026-05-15T07-15-45Z_cloud_clone_sync.json
2026-05-15T03:17:46.0000000000Z	83	/mnt/h/AETHIEAOPSYS/.wrangler/cache/wrangler-account.json
2026-05-15T03:19:02.0000000000Z	713	/mnt/h/AETHIEAOPSYS/DATA/MEMORY/ROUTES/cloudflare_inventory.json
2026-05-15T03:19:02.0000000000Z	713	/mnt/h/AETHIEAOPSYS/LAYERS/AENET/CLOUDFLARE/cloudflare_inventory.json
2026-05-15T03:21:16.0000000000Z	713	/mnt/h/AETHIEAOPSYS/CLOUD_CLONE/DATA/MEMORY/ROUTES/cloudflare_inventory.json
2026-05-15T03:21:34.0000000000Z	713	/mnt/h/AETHIEAOPSYS/CLOUD_CLONE/LAYERS/AENET/CLOUDFLARE/cloudflare_inventory.json
2026-05-15T03:21:38.0000000000Z	1204	/mnt/h/AETHIEAOPSYS/CLOUD_CLONE/DATA/MEMORY/ANCHORS/2026-05-15T07-21-13Z_cloud_clone_sync.json
2026-05-15T03:21:38.0000000000Z	1204	/mnt/h/AETHIEAOPSYS/DATA/MEMORY/ANCHORS/2026-05-15T07-21-13Z_cloud_clone_sync.json
2026-05-15T03:26:58.0000000000Z	1964	/mnt/h/AETHIEAOPSYS/CLOUD_CLONE/LAYERS/AENET/CLOUDFLARE/WORKERS/aethernet/.wrangler/cache/cf.json
2026-05-15T03:27:02.0000000000Z	1254	/mnt/h/AETHIEAOPSYS/CLOUD_CLONE/DATA/MEMORY/ANCHORS/2026-05-15T07-26-41Z_cloud_clone_sync.json
2026-05-15T03:27:02.0000000000Z	1254	/mnt/h/AETHIEAOPSYS/DATA/MEMORY/ANCHORS/2026-05-15T07-26-41Z_cloud_clone_sync.json
2026-05-15T03:32:32.0000000000Z	1119	/mnt/h/AETHIEAOPSYS/CLOUD_CLONE/DATA/MEMORY/ANCHORS/2026-05-15T07-32-09Z_cloud_clone_sync.json
2026-05-15T03:32:32.0000000000Z	1119	/mnt/h/AETHIEAOPSYS/DATA/MEMORY/ANCHORS/2026-05-15T07-32-09Z_cloud_clone_sync.json
2026-05-15T03:38:00.0000000000Z	1030	/mnt/h/AETHIEAOPSYS/CLOUD_CLONE/DATA/MEMORY/ANCHORS/2026-05-15T07-37-40Z_cloud_clone_sync.json
2026-05-15T03:38:00.0000000000Z	1030	/mnt/h/AETHIEAOPSYS/DATA/MEMORY/ANCHORS/2026-05-15T07-37-40Z_cloud_clone_sync.json
2026-05-15T03:43:28.0000000000Z	83	/mnt/h/AETHIEAOPSYS/CLOUD_CLONE/LAYERS/AENET/CLOUDFLARE/WORKERS/aethernet/.wrangler/cache/wrangler-account.json
2026-05-15T03:43:32.0000000000Z	1119	/mnt/h/AETHIEAOPSYS/CLOUD_CLONE/DATA/MEMORY/ANCHORS/2026-05-15T07-43-08Z_cloud_clone_sync.json
2026-05-15T03:43:32.0000000000Z	1119	/mnt/h/AETHIEAOPSYS/DATA/MEMORY/ANCHORS/2026-05-15T07-43-08Z_cloud_clone_sync.json
2026-05-15T03:49:02.0000000000Z	1030	/mnt/h/AETHIEAOPSYS/CLOUD_CLONE/DATA/MEMORY/ANCHORS/2026-05-15T07-48-40Z_cloud_clone_sync.json
2026-05-15T03:49:02.0000000000Z	1030	/mnt/h/AETHIEAOPSYS/DATA/MEMORY/ANCHORS/2026-05-15T07-48-40Z_cloud_clone_sync.json
2026-05-15T03:54:32.0000000000Z	1030	/mnt/h/AETHIEAOPSYS/CLOUD_CLONE/DATA/MEMORY/ANCHORS/2026-05-15T07-54-10Z_cloud_clone_sync.json
2026-05-15T03:54:32.0000000000Z	1030	/mnt/h/AETHIEAOPSYS/DATA/MEMORY/ANCHORS/2026-05-15T07-54-10Z_cloud_clone_sync.json
2026-05-15T04:00:04.0000000000Z	1030	/mnt/h/AETHIEAOPSYS/CLOUD_CLONE/DATA/MEMORY/ANCHORS/2026-05-15T07-59-41Z_cloud_clone_sync.json
2026-05-15T04:00:04.0000000000Z	1030	/mnt/h/AETHIEAOPSYS/DATA/MEMORY/ANCHORS/2026-05-15T07-59-41Z_cloud_clone_sync.json
2026-05-15T04:05:36.0000000000Z	1030	/mnt/h/AETHIEAOPSYS/CLOUD_CLONE/DATA/MEMORY/ANCHORS/2026-05-15T08-05-12Z_cloud_clone_sync.json
2026-05-15T04:05:36.0000000000Z	1030	/mnt/h/AETHIEAOPSYS/DATA/MEMORY/ANCHORS/2026-05-15T08-05-12Z_cloud_clone_sync.json
2026-05-15T04:11:08.0000000000Z	1030	/mnt/h/AETHIEAOPSYS/CLOUD_CLONE/DATA/MEMORY/ANCHORS/2026-05-15T08-10-46Z_cloud_clone_sync.json
2026-05-15T04:11:08.0000000000Z	1030	/mnt/h/AETHIEAOPSYS/DATA/MEMORY/ANCHORS/2026-05-15T08-10-46Z_cloud_clone_sync.json
2026-05-15T04:16:40.0000000000Z	1030	/mnt/h/AETHIEAOPSYS/CLOUD_CLONE/DATA/MEMORY/ANCHORS/2026-05-15T08-16-17Z_cloud_clone_sync.json
2026-05-15T04:16:40.0000000000Z	1030	/mnt/h/AETHIEAOPSYS/DATA/MEMORY/ANCHORS/2026-05-15T08-16-17Z_cloud_clone_sync.json
2026-05-15T04:19:08.0000000000Z	203	/mnt/h/AETHIEAOPSYS/DATA/MEMORY/ANCHORS/2026-05-15_08-19-06_anchor.json
2026-05-15T04:19:18.0000000000Z	1	/mnt/h/AETHIEAOPSYS/MODELS/huggingface/downloads/mistral_readme_test/.cache/huggingface/.gitignore
2026-05-15T04:19:18.0000000000Z	191	/mnt/h/AETHIEAOPSYS/MODELS/huggingface/downloads/mistral_readme_test/.cache/huggingface/CACHEDIR.TAG
2026-05-15T04:19:20.0000000000Z	101	/mnt/h/AETHIEAOPSYS/MODELS/huggingface/downloads/mistral_readme_test/.cache/huggingface/download/README.md.metadata
2026-05-15T04:19:20.0000000000Z	7893	/mnt/h/AETHIEAOPSYS/MODELS/huggingface/downloads/mistral_readme_test/README.md
2026-05-15T04:20:28.0000000000Z	88	/mnt/h/AETHIEAOPSYS/MODELS/huggingface/manifests/downloaded.txt
2026-05-15T04:22:04.0000000000Z	203	/mnt/h/AETHIEAOPSYS/CLOUD_CLONE/DATA/MEMORY/ANCHORS/2026-05-15_08-19-06_anchor.json
2026-05-15T04:22:10.0000000000Z	1091	/mnt/h/AETHIEAOPSYS/CLOUD_CLONE/DATA/MEMORY/ANCHORS/2026-05-15T08-21-47Z_cloud_clone_sync.json
2026-05-15T04:22:10.0000000000Z	1091	/mnt/h/AETHIEAOPSYS/DATA/MEMORY/ANCHORS/2026-05-15T08-21-47Z_cloud_clone_sync.json
2026-05-15T04:22:14.0000000000Z	346	/mnt/h/AETHIEAOPSYS/MODELS/huggingface/manifests/models.json
2026-05-15T04:23:26.0000000000Z	181	/mnt/h/AETHIEAOPSYS/DATA/MEMORY/ANCHORS/2026-05-15_08-23-24_anchor.json
2026-05-15T04:27:34.0000000000Z	181	/mnt/h/AETHIEAOPSYS/CLOUD_CLONE/DATA/MEMORY/ANCHORS/2026-05-15_08-23-24_anchor.json
2026-05-15T04:27:40.0000000000Z	1091	/mnt/h/AETHIEAOPSYS/CLOUD_CLONE/DATA/MEMORY/ANCHORS/2026-05-15T08-27-17Z_cloud_clone_sync.json
2026-05-15T04:27:40.0000000000Z	1091	/mnt/h/AETHIEAOPSYS/DATA/MEMORY/ANCHORS/2026-05-15T08-27-17Z_cloud_clone_sync.json
2026-05-15T04:33:10.0000000000Z	1030	/mnt/h/AETHIEAOPSYS/CLOUD_CLONE/DATA/MEMORY/ANCHORS/2026-05-15T08-32-45Z_cloud_clone_sync.json
2026-05-15T04:33:10.0000000000Z	1030	/mnt/h/AETHIEAOPSYS/DATA/MEMORY/ANCHORS/2026-05-15T08-32-45Z_cloud_clone_sync.json
2026-05-15T04:38:28.0000000000Z	826	/mnt/h/AETHIEAOPSYS/LAYERS/AENET/CLOUDFLARE/TUNNELS/tunnel_registry.json
2026-05-15T04:38:32.0000000000Z	826	/mnt/h/AETHIEAOPSYS/CLOUD_CLONE/LAYERS/AENET/CLOUDFLARE/TUNNELS/tunnel_registry.json
2026-05-15T04:38:36.0000000000Z	1092	/mnt/h/AETHIEAOPSYS/CLOUD_CLONE/DATA/MEMORY/ANCHORS/2026-05-15T08-38-12Z_cloud_clone_sync.json
2026-05-15T04:38:36.0000000000Z	1092	/mnt/h/AETHIEAOPSYS/DATA/MEMORY/ANCHORS/2026-05-15T08-38-12Z_cloud_clone_sync.json
2026-05-15T04:38:36.0000000000Z	186	/mnt/h/AETHIEAOPSYS/DATA/MEMORY/ANCHORS/2026-05-15_08-38-35_anchor.json
2026-05-15T04:44:00.0000000000Z	186	/mnt/h/AETHIEAOPSYS/CLOUD_CLONE/DATA/MEMORY/ANCHORS/2026-05-15_08-38-35_anchor.json
2026-05-15T04:44:14.0000000000Z	1091	/mnt/h/AETHIEAOPSYS/CLOUD_CLONE/DATA/MEMORY/ANCHORS/2026-05-15T08-43-42Z_cloud_clone_sync.json
2026-05-15T04:44:14.0000000000Z	1091	/mnt/h/AETHIEAOPSYS/DATA/MEMORY/ANCHORS/2026-05-15T08-43-42Z_cloud_clone_sync.json
2026-05-15T04:49:42.0000000000Z	1030	/mnt/h/AETHIEAOPSYS/CLOUD_CLONE/DATA/MEMORY/ANCHORS/2026-05-15T08-49-20Z_cloud_clone_sync.json
2026-05-15T04:49:42.0000000000Z	1030	/mnt/h/AETHIEAOPSYS/DATA/MEMORY/ANCHORS/2026-05-15T08-49-20Z_cloud_clone_sync.json
2026-05-15T04:55:24.0000000000Z	1030	/mnt/h/AETHIEAOPSYS/CLOUD_CLONE/DATA/MEMORY/ANCHORS/2026-05-15T08-54-48Z_cloud_clone_sync.json
2026-05-15T04:55:24.0000000000Z	1030	/mnt/h/AETHIEAOPSYS/DATA/MEMORY/ANCHORS/2026-05-15T08-54-48Z_cloud_clone_sync.json
2026-05-15T04:59:52.0000000000Z	185	/mnt/h/AETHIEAOPSYS/DATA/MEMORY/ANCHORS/2026-05-15_08-59-51_anchor.json
2026-05-15T05:00:02.0000000000Z	185	/mnt/h/AETHIEAOPSYS/DATA/MEMORY/ANCHORS/2026-05-15_09-00-01_anchor.json
2026-05-15T05:00:48.0000000000Z	185	/mnt/h/AETHIEAOPSYS/CLOUD_CLONE/DATA/MEMORY/ANCHORS/2026-05-15_08-59-51_anchor.json
2026-05-15T05:00:48.0000000000Z	185	/mnt/h/AETHIEAOPSYS/CLOUD_CLONE/DATA/MEMORY/ANCHORS/2026-05-15_09-00-01_anchor.json
2026-05-15T05:00:58.0000000000Z	1150	/mnt/h/AETHIEAOPSYS/DATA/MEMORY/ANCHORS/2026-05-15T09-00-31Z_cloud_clone_sync.json
2026-05-15T05:01:00.0000000000Z	1150	/mnt/h/AETHIEAOPSYS/CLOUD_CLONE/DATA/MEMORY/ANCHORS/2026-05-15T09-00-31Z_cloud_clone_sync.json
2026-05-15T05:06:24.0000000000Z	226	/mnt/h/AETHIEAOPSYS/DATA/MEMORY/ANCHORS/2026-05-15_09-06-22_anchor.json
2026-05-15T05:06:30.0000000000Z	1157	/mnt/h/AETHIEAOPSYS/DATA/MEMORY/ANCHORS/2026-05-15T09-06-07Z_cloud_clone_sync.json
2026-05-15T05:06:32.0000000000Z	1157	/mnt/h/AETHIEAOPSYS/CLOUD_CLONE/DATA/MEMORY/ANCHORS/2026-05-15T09-06-07Z_cloud_clone_sync.json
2026-05-15T05:07:52.0000000000Z	459	/mnt/h/AETHIEAOPSYS/LAYERS/AENET/CLOUDFLARE/WORKERS/aethernet/worker_route.json
2026-05-15T05:08:00.0000000000Z	459	/mnt/h/AETHIEAOPSYS/DATA/MEMORY/ROUTES/aethernet_worker_route.json
2026-05-15T05:08:08.0000000000Z	179	/mnt/h/AETHIEAOPSYS/DATA/MEMORY/ANCHORS/2026-05-15_09-08-07_anchor.json
2026-05-15T05:11:40.0000000000Z	459	/mnt/h/AETHIEAOPSYS/CLOUD_CLONE/DATA/MEMORY/ROUTES/aethernet_worker_route.json
2026-05-15T05:11:54.0000000000Z	179	/mnt/h/AETHIEAOPSYS/CLOUD_CLONE/DATA/MEMORY/ANCHORS/2026-05-15_09-08-07_anchor.json
2026-05-15T05:11:54.0000000000Z	226	/mnt/h/AETHIEAOPSYS/CLOUD_CLONE/DATA/MEMORY/ANCHORS/2026-05-15_09-06-22_anchor.json
2026-05-15T05:11:58.0000000000Z	459	/mnt/h/AETHIEAOPSYS/CLOUD_CLONE/LAYERS/AENET/CLOUDFLARE/WORKERS/aethernet/worker_route.json
2026-05-15T05:12:02.0000000000Z	1296	/mnt/h/AETHIEAOPSYS/CLOUD_CLONE/DATA/MEMORY/ANCHORS/2026-05-15T09-11-38Z_cloud_clone_sync.json
2026-05-15T05:12:02.0000000000Z	1296	/mnt/h/AETHIEAOPSYS/DATA/MEMORY/ANCHORS/2026-05-15T09-11-38Z_cloud_clone_sync.json
2026-05-15T05:17:38.0000000000Z	1030	/mnt/h/AETHIEAOPSYS/CLOUD_CLONE/DATA/MEMORY/ANCHORS/2026-05-15T09-17-06Z_cloud_clone_sync.json
2026-05-15T05:17:38.0000000000Z	1030	/mnt/h/AETHIEAOPSYS/DATA/MEMORY/ANCHORS/2026-05-15T09-17-06Z_cloud_clone_sync.json
2026-05-15T05:23:08.0000000000Z	1030	/mnt/h/AETHIEAOPSYS/CLOUD_CLONE/DATA/MEMORY/ANCHORS/2026-05-15T09-22-46Z_cloud_clone_sync.json
2026-05-15T05:23:08.0000000000Z	1030	/mnt/h/AETHIEAOPSYS/DATA/MEMORY/ANCHORS/2026-05-15T09-22-46Z_cloud_clone_sync.json
2026-05-15T05:28:38.0000000000Z	1030	/mnt/h/AETHIEAOPSYS/CLOUD_CLONE/DATA/MEMORY/ANCHORS/2026-05-15T09-28-17Z_cloud_clone_sync.json
2026-05-15T05:28:38.0000000000Z	1030	/mnt/h/AETHIEAOPSYS/DATA/MEMORY/ANCHORS/2026-05-15T09-28-17Z_cloud_clone_sync.json
2026-05-15T05:34:08.0000000000Z	1030	/mnt/h/AETHIEAOPSYS/CLOUD_CLONE/DATA/MEMORY/ANCHORS/2026-05-15T09-33-48Z_cloud_clone_sync.json
2026-05-15T05:34:08.0000000000Z	1030	/mnt/h/AETHIEAOPSYS/DATA/MEMORY/ANCHORS/2026-05-15T09-33-48Z_cloud_clone_sync.json
2026-05-15T05:37:22.0000000000Z	202	/mnt/h/AETHIEAOPSYS/DATA/MEMORY/ANCHORS/2026-05-15_09-37-21_anchor.json
2026-05-15T05:39:32.0000000000Z	202	/mnt/h/AETHIEAOPSYS/CLOUD_CLONE/DATA/MEMORY/ANCHORS/2026-05-15_09-37-21_anchor.json
2026-05-15T05:39:36.0000000000Z	1091	/mnt/h/AETHIEAOPSYS/DATA/MEMORY/ANCHORS/2026-05-15T09-39-14Z_cloud_clone_sync.json
2026-05-15T05:39:38.0000000000Z	1091	/mnt/h/AETHIEAOPSYS/CLOUD_CLONE/DATA/MEMORY/ANCHORS/2026-05-15T09-39-14Z_cloud_clone_sync.json
2026-05-15T05:45:08.0000000000Z	1030	/mnt/h/AETHIEAOPSYS/CLOUD_CLONE/DATA/MEMORY/ANCHORS/2026-05-15T09-44-45Z_cloud_clone_sync.json
2026-05-15T05:45:08.0000000000Z	1030	/mnt/h/AETHIEAOPSYS/DATA/MEMORY/ANCHORS/2026-05-15T09-44-45Z_cloud_clone_sync.json
2026-05-15T05:50:38.0000000000Z	1030	/mnt/h/AETHIEAOPSYS/CLOUD_CLONE/DATA/MEMORY/ANCHORS/2026-05-15T09-50-16Z_cloud_clone_sync.json
2026-05-15T05:50:38.0000000000Z	1030	/mnt/h/AETHIEAOPSYS/DATA/MEMORY/ANCHORS/2026-05-15T09-50-16Z_cloud_clone_sync.json
2026-05-15T05:56:06.0000000000Z	1094	/mnt/h/AETHIEAOPSYS/CLOUD_CLONE/DATA/MEMORY/ANCHORS/2026-05-15T09-55-44Z_cloud_clone_sync.json
2026-05-15T05:56:06.0000000000Z	1094	/mnt/h/AETHIEAOPSYS/DATA/MEMORY/ANCHORS/2026-05-15T09-55-44Z_cloud_clone_sync.json
2026-05-15T06:01:36.0000000000Z	1030	/mnt/h/AETHIEAOPSYS/CLOUD_CLONE/DATA/MEMORY/ANCHORS/2026-05-15T10-01-15Z_cloud_clone_sync.json
2026-05-15T06:01:36.0000000000Z	1030	/mnt/h/AETHIEAOPSYS/DATA/MEMORY/ANCHORS/2026-05-15T10-01-15Z_cloud_clone_sync.json
2026-05-15T06:07:08.0000000000Z	1030	/mnt/h/AETHIEAOPSYS/CLOUD_CLONE/DATA/MEMORY/ANCHORS/2026-05-15T10-06-46Z_cloud_clone_sync.json
2026-05-15T06:07:08.0000000000Z	1030	/mnt/h/AETHIEAOPSYS/DATA/MEMORY/ANCHORS/2026-05-15T10-06-46Z_cloud_clone_sync.json
2026-05-15T06:12:38.0000000000Z	1030	/mnt/h/AETHIEAOPSYS/CLOUD_CLONE/DATA/MEMORY/ANCHORS/2026-05-15T10-12-17Z_cloud_clone_sync.json
2026-05-15T06:12:38.0000000000Z	1030	/mnt/h/AETHIEAOPSYS/DATA/MEMORY/ANCHORS/2026-05-15T10-12-17Z_cloud_clone_sync.json
2026-05-15T06:18:10.0000000000Z	1030	/mnt/h/AETHIEAOPSYS/CLOUD_CLONE/DATA/MEMORY/ANCHORS/2026-05-15T10-17-48Z_cloud_clone_sync.json
2026-05-15T06:18:10.0000000000Z	1030	/mnt/h/AETHIEAOPSYS/DATA/MEMORY/ANCHORS/2026-05-15T10-17-48Z_cloud_clone_sync.json
2026-05-15T06:23:40.0000000000Z	1030	/mnt/h/AETHIEAOPSYS/CLOUD_CLONE/DATA/MEMORY/ANCHORS/2026-05-15T10-23-19Z_cloud_clone_sync.json
2026-05-15T06:23:40.0000000000Z	1030	/mnt/h/AETHIEAOPSYS/DATA/MEMORY/ANCHORS/2026-05-15T10-23-19Z_cloud_clone_sync.json
2026-05-15T06:29:12.0000000000Z	1030	/mnt/h/AETHIEAOPSYS/DATA/MEMORY/ANCHORS/2026-05-15T10-28-52Z_cloud_clone_sync.json
2026-05-15T06:29:14.0000000000Z	1030	/mnt/h/AETHIEAOPSYS/CLOUD_CLONE/DATA/MEMORY/ANCHORS/2026-05-15T10-28-52Z_cloud_clone_sync.json
2026-05-15T06:34:46.0000000000Z	1030	/mnt/h/AETHIEAOPSYS/CLOUD_CLONE/DATA/MEMORY/ANCHORS/2026-05-15T10-34-23Z_cloud_clone_sync.json
2026-05-15T06:34:46.0000000000Z	1030	/mnt/h/AETHIEAOPSYS/DATA/MEMORY/ANCHORS/2026-05-15T10-34-23Z_cloud_clone_sync.json
2026-05-15T06:40:14.0000000000Z	1030	/mnt/h/AETHIEAOPSYS/CLOUD_CLONE/DATA/MEMORY/ANCHORS/2026-05-15T10-39-52Z_cloud_clone_sync.json
2026-05-15T06:40:14.0000000000Z	1030	/mnt/h/AETHIEAOPSYS/DATA/MEMORY/ANCHORS/2026-05-15T10-39-52Z_cloud_clone_sync.json
2026-05-15T06:45:40.0000000000Z	1030	/mnt/h/AETHIEAOPSYS/CLOUD_CLONE/DATA/MEMORY/ANCHORS/2026-05-15T10-45-19Z_cloud_clone_sync.json
2026-05-15T06:45:40.0000000000Z	1030	/mnt/h/AETHIEAOPSYS/DATA/MEMORY/ANCHORS/2026-05-15T10-45-19Z_cloud_clone_sync.json
2026-05-15T06:51:10.0000000000Z	1030	/mnt/h/AETHIEAOPSYS/CLOUD_CLONE/DATA/MEMORY/ANCHORS/2026-05-15T10-50-48Z_cloud_clone_sync.json
2026-05-15T06:51:10.0000000000Z	1030	/mnt/h/AETHIEAOPSYS/DATA/MEMORY/ANCHORS/2026-05-15T10-50-48Z_cloud_clone_sync.json
2026-05-15T06:56:38.0000000000Z	1030	/mnt/h/AETHIEAOPSYS/CLOUD_CLONE/DATA/MEMORY/ANCHORS/2026-05-15T10-56-18Z_cloud_clone_sync.json
2026-05-15T06:56:38.0000000000Z	1030	/mnt/h/AETHIEAOPSYS/DATA/MEMORY/ANCHORS/2026-05-15T10-56-18Z_cloud_clone_sync.json
2026-05-15T07:02:06.0000000000Z	1030	/mnt/h/AETHIEAOPSYS/CLOUD_CLONE/DATA/MEMORY/ANCHORS/2026-05-15T11-01-45Z_cloud_clone_sync.json
2026-05-15T07:02:06.0000000000Z	1030	/mnt/h/AETHIEAOPSYS/DATA/MEMORY/ANCHORS/2026-05-15T11-01-45Z_cloud_clone_sync.json
2026-05-15T07:07:36.0000000000Z	1030	/mnt/h/AETHIEAOPSYS/CLOUD_CLONE/DATA/MEMORY/ANCHORS/2026-05-15T11-07-14Z_cloud_clone_sync.json
2026-05-15T07:07:36.0000000000Z	1030	/mnt/h/AETHIEAOPSYS/DATA/MEMORY/ANCHORS/2026-05-15T11-07-14Z_cloud_clone_sync.json
2026-05-15T07:13:06.0000000000Z	1030	/mnt/h/AETHIEAOPSYS/CLOUD_CLONE/DATA/MEMORY/ANCHORS/2026-05-15T11-12-44Z_cloud_clone_sync.json
2026-05-15T07:13:06.0000000000Z	1030	/mnt/h/AETHIEAOPSYS/DATA/MEMORY/ANCHORS/2026-05-15T11-12-44Z_cloud_clone_sync.json
2026-05-15T07:18:36.0000000000Z	1030	/mnt/h/AETHIEAOPSYS/CLOUD_CLONE/DATA/MEMORY/ANCHORS/2026-05-15T11-18-14Z_cloud_clone_sync.json
2026-05-15T07:18:36.0000000000Z	1030	/mnt/h/AETHIEAOPSYS/DATA/MEMORY/ANCHORS/2026-05-15T11-18-14Z_cloud_clone_sync.json
2026-05-15T07:24:06.0000000000Z	1030	/mnt/h/AETHIEAOPSYS/CLOUD_CLONE/DATA/MEMORY/ANCHORS/2026-05-15T11-23-45Z_cloud_clone_sync.json
2026-05-15T07:24:06.0000000000Z	1030	/mnt/h/AETHIEAOPSYS/DATA/MEMORY/ANCHORS/2026-05-15T11-23-45Z_cloud_clone_sync.json
2026-05-15T07:29:38.0000000000Z	1030	/mnt/h/AETHIEAOPSYS/CLOUD_CLONE/DATA/MEMORY/ANCHORS/2026-05-15T11-29-16Z_cloud_clone_sync.json
2026-05-15T07:29:38.0000000000Z	1030	/mnt/h/AETHIEAOPSYS/DATA/MEMORY/ANCHORS/2026-05-15T11-29-16Z_cloud_clone_sync.json
2026-05-15T07:35:10.0000000000Z	1030	/mnt/h/AETHIEAOPSYS/CLOUD_CLONE/DATA/MEMORY/ANCHORS/2026-05-15T11-34-49Z_cloud_clone_sync.json
2026-05-15T07:35:10.0000000000Z	1030	/mnt/h/AETHIEAOPSYS/DATA/MEMORY/ANCHORS/2026-05-15T11-34-49Z_cloud_clone_sync.json
2026-05-15T07:39:36.0000000000Z	189	/mnt/h/AETHIEAOPSYS/DATA/MEMORY/ANCHORS/2026-05-15_11-39-34_anchor.json
2026-05-15T07:40:56.0000000000Z	189	/mnt/h/AETHIEAOPSYS/CLOUD_CLONE/DATA/MEMORY/ANCHORS/2026-05-15_11-39-34_anchor.json
2026-05-15T07:41:06.0000000000Z	1153	/mnt/h/AETHIEAOPSYS/CLOUD_CLONE/DATA/MEMORY/ANCHORS/2026-05-15T11-40-22Z_cloud_clone_sync.json
2026-05-15T07:41:06.0000000000Z	1153	/mnt/h/AETHIEAOPSYS/DATA/MEMORY/ANCHORS/2026-05-15T11-40-22Z_cloud_clone_sync.json
2026-05-15T07:41:32.0000000000Z	130	/mnt/h/AETHIEAOPSYS/LAYERS/AENET/CLOUDFLARE/WORKERS/aethernet/wrangler.toml
2026-05-15T07:44:02.0000000000Z	213	/mnt/h/AETHIEAOPSYS/DATA/MEMORY/ANCHORS/2026-05-15_11-44-00_anchor.json
2026-05-15T07:46:48.0000000000Z	213	/mnt/h/AETHIEAOPSYS/CLOUD_CLONE/DATA/MEMORY/ANCHORS/2026-05-15_11-44-00_anchor.json
2026-05-15T07:46:54.0000000000Z	130	/mnt/h/AETHIEAOPSYS/CLOUD_CLONE/LAYERS/AENET/CLOUDFLARE/WORKERS/aethernet/wrangler.toml
2026-05-15T07:47:02.0000000000Z	1216	/mnt/h/AETHIEAOPSYS/CLOUD_CLONE/DATA/MEMORY/ANCHORS/2026-05-15T11-46-16Z_cloud_clone_sync.json
2026-05-15T07:47:02.0000000000Z	1216	/mnt/h/AETHIEAOPSYS/DATA/MEMORY/ANCHORS/2026-05-15T11-46-16Z_cloud_clone_sync.json
2026-05-15T07:52:32.0000000000Z	1119	/mnt/h/AETHIEAOPSYS/CLOUD_CLONE/DATA/MEMORY/ANCHORS/2026-05-15T11-52-10Z_cloud_clone_sync.json
2026-05-15T07:52:32.0000000000Z	1119	/mnt/h/AETHIEAOPSYS/DATA/MEMORY/ANCHORS/2026-05-15T11-52-10Z_cloud_clone_sync.json
2026-05-15T07:56:08.0000000000Z	894	/mnt/h/AETHIEAOPSYS/TOOLIO/aenet-door
2026-05-15T07:58:02.0000000000Z	1076	/mnt/h/AETHIEAOPSYS/CLOUD_CLONE/DATA/MEMORY/ANCHORS/2026-05-15T11-57-39Z_cloud_clone_sync.json
2026-05-15T07:58:02.0000000000Z	1076	/mnt/h/AETHIEAOPSYS/DATA/MEMORY/ANCHORS/2026-05-15T11-57-39Z_cloud_clone_sync.json
2026-05-15T07:58:02.0000000000Z	894	/mnt/h/AETHIEAOPSYS/CLOUD_CLONE/TOOLIO/aenet-door
2026-05-15T07:58:28.0000000000Z	179	/mnt/h/AETHIEAOPSYS/DATA/MEMORY/ANCHORS/2026-05-15_11-58-27_anchor.json
2026-05-15T08:02:22.0000000000Z	194	/mnt/h/AETHIEAOPSYS/DATA/MEMORY/ANCHORS/2026-05-15_12-02-20_anchor.json
2026-05-15T08:03:44.0000000000Z	179	/mnt/h/AETHIEAOPSYS/CLOUD_CLONE/DATA/MEMORY/ANCHORS/2026-05-15_11-58-27_anchor.json
2026-05-15T08:03:44.0000000000Z	194	/mnt/h/AETHIEAOPSYS/CLOUD_CLONE/DATA/MEMORY/ANCHORS/2026-05-15_12-02-20_anchor.json
2026-05-15T08:03:48.0000000000Z	1169	/mnt/h/AETHIEAOPSYS/CLOUD_CLONE/DATA/MEMORY/ANCHORS/2026-05-15T12-03-09Z_cloud_clone_sync.json
2026-05-15T08:03:48.0000000000Z	1169	/mnt/h/AETHIEAOPSYS/DATA/MEMORY/ANCHORS/2026-05-15T12-03-09Z_cloud_clone_sync.json
2026-05-15T08:06:28.0000000000Z	198	/mnt/h/AETHIEAOPSYS/DATA/MEMORY/ANCHORS/2026-05-15_12-06-28_anchor.json
2026-05-15T08:06:34.0000000000Z	198	/mnt/h/AETHIEAOPSYS/DATA/MEMORY/ANCHORS/2026-05-15_12-06-32_anchor.json
2026-05-15T08:09:18.0000000000Z	198	/mnt/h/AETHIEAOPSYS/CLOUD_CLONE/DATA/MEMORY/ANCHORS/2026-05-15_12-06-28_anchor.json
2026-05-15T08:09:18.0000000000Z	198	/mnt/h/AETHIEAOPSYS/CLOUD_CLONE/DATA/MEMORY/ANCHORS/2026-05-15_12-06-32_anchor.json
2026-05-15T08:09:28.0000000000Z	1169	/mnt/h/AETHIEAOPSYS/CLOUD_CLONE/DATA/MEMORY/ANCHORS/2026-05-15T12-08-56Z_cloud_clone_sync.json
2026-05-15T08:09:28.0000000000Z	1169	/mnt/h/AETHIEAOPSYS/DATA/MEMORY/ANCHORS/2026-05-15T12-08-56Z_cloud_clone_sync.json
2026-05-15T08:15:02.0000000000Z	1030	/mnt/h/AETHIEAOPSYS/CLOUD_CLONE/DATA/MEMORY/ANCHORS/2026-05-15T12-14-34Z_cloud_clone_sync.json
2026-05-15T08:15:02.0000000000Z	1030	/mnt/h/AETHIEAOPSYS/DATA/MEMORY/ANCHORS/2026-05-15T12-14-34Z_cloud_clone_sync.json
2026-05-15T08:20:34.0000000000Z	1030	/mnt/h/AETHIEAOPSYS/CLOUD_CLONE/DATA/MEMORY/ANCHORS/2026-05-15T12-20-12Z_cloud_clone_sync.json
2026-05-15T08:20:34.0000000000Z	1030	/mnt/h/AETHIEAOPSYS/DATA/MEMORY/ANCHORS/2026-05-15T12-20-12Z_cloud_clone_sync.json
2026-05-15T08:26:34.0000000000Z	1030	/mnt/h/AETHIEAOPSYS/CLOUD_CLONE/DATA/MEMORY/ANCHORS/2026-05-15T12-25-45Z_cloud_clone_sync.json
2026-05-15T08:26:34.0000000000Z	1030	/mnt/h/AETHIEAOPSYS/DATA/MEMORY/ANCHORS/2026-05-15T12-25-45Z_cloud_clone_sync.json
2026-05-15T08:32:06.0000000000Z	1094	/mnt/h/AETHIEAOPSYS/CLOUD_CLONE/DATA/MEMORY/ANCHORS/2026-05-15T12-31-42Z_cloud_clone_sync.json
2026-05-15T08:32:06.0000000000Z	1094	/mnt/h/AETHIEAOPSYS/DATA/MEMORY/ANCHORS/2026-05-15T12-31-42Z_cloud_clone_sync.json
2026-05-15T08:36:18.0000000000Z	274	/mnt/h/AETHIEAOPSYS/DATA/MEMORY/ANCHORS/2026-05-15_12-36-17_anchor.json
2026-05-15T08:37:30.0000000000Z	274	/mnt/h/AETHIEAOPSYS/CLOUD_CLONE/DATA/MEMORY/ANCHORS/2026-05-15_12-36-17_anchor.json
2026-05-15T08:37:32.0000000000Z	2659	/mnt/h/AETHIEAOPSYS/CLOUD_CLONE/LAYERS/AENET/CLOUDFLARE/WORKERS/aethernet/src/index.js
2026-05-15T08:37:36.0000000000Z	1153	/mnt/h/AETHIEAOPSYS/CLOUD_CLONE/DATA/MEMORY/ANCHORS/2026-05-15T12-37-13Z_cloud_clone_sync.json
2026-05-15T08:37:36.0000000000Z	1153	/mnt/h/AETHIEAOPSYS/DATA/MEMORY/ANCHORS/2026-05-15T12-37-13Z_cloud_clone_sync.json
2026-05-15T08:43:08.0000000000Z	1030	/mnt/h/AETHIEAOPSYS/CLOUD_CLONE/DATA/MEMORY/ANCHORS/2026-05-15T12-42-46Z_cloud_clone_sync.json
2026-05-15T08:43:08.0000000000Z	1030	/mnt/h/AETHIEAOPSYS/DATA/MEMORY/ANCHORS/2026-05-15T12-42-46Z_cloud_clone_sync.json
2026-05-15T08:48:40.0000000000Z	1030	/mnt/h/AETHIEAOPSYS/CLOUD_CLONE/DATA/MEMORY/ANCHORS/2026-05-15T12-48-17Z_cloud_clone_sync.json
2026-05-15T08:48:40.0000000000Z	1030	/mnt/h/AETHIEAOPSYS/DATA/MEMORY/ANCHORS/2026-05-15T12-48-17Z_cloud_clone_sync.json
2026-05-15T08:54:12.0000000000Z	1030	/mnt/h/AETHIEAOPSYS/CLOUD_CLONE/DATA/MEMORY/ANCHORS/2026-05-15T12-53-50Z_cloud_clone_sync.json
2026-05-15T08:54:12.0000000000Z	1030	/mnt/h/AETHIEAOPSYS/DATA/MEMORY/ANCHORS/2026-05-15T12-53-50Z_cloud_clone_sync.json
2026-05-15T08:59:46.0000000000Z	1030	/mnt/h/AETHIEAOPSYS/CLOUD_CLONE/DATA/MEMORY/ANCHORS/2026-05-15T12-59-24Z_cloud_clone_sync.json
2026-05-15T08:59:46.0000000000Z	1030	/mnt/h/AETHIEAOPSYS/DATA/MEMORY/ANCHORS/2026-05-15T12-59-24Z_cloud_clone_sync.json
2026-05-15T09:05:18.0000000000Z	1030	/mnt/h/AETHIEAOPSYS/CLOUD_CLONE/DATA/MEMORY/ANCHORS/2026-05-15T13-04-57Z_cloud_clone_sync.json
2026-05-15T09:05:18.0000000000Z	1030	/mnt/h/AETHIEAOPSYS/DATA/MEMORY/ANCHORS/2026-05-15T13-04-57Z_cloud_clone_sync.json
2026-05-15T09:10:52.0000000000Z	1030	/mnt/h/AETHIEAOPSYS/CLOUD_CLONE/DATA/MEMORY/ANCHORS/2026-05-15T13-10-29Z_cloud_clone_sync.json
2026-05-15T09:10:52.0000000000Z	1030	/mnt/h/AETHIEAOPSYS/DATA/MEMORY/ANCHORS/2026-05-15T13-10-29Z_cloud_clone_sync.json
2026-05-15T09:16:24.0000000000Z	1030	/mnt/h/AETHIEAOPSYS/CLOUD_CLONE/DATA/MEMORY/ANCHORS/2026-05-15T13-16-02Z_cloud_clone_sync.json
2026-05-15T09:16:24.0000000000Z	1030	/mnt/h/AETHIEAOPSYS/DATA/MEMORY/ANCHORS/2026-05-15T13-16-02Z_cloud_clone_sync.json
2026-05-15T09:21:58.0000000000Z	1030	/mnt/h/AETHIEAOPSYS/CLOUD_CLONE/DATA/MEMORY/ANCHORS/2026-05-15T13-21-35Z_cloud_clone_sync.json
2026-05-15T09:21:58.0000000000Z	1030	/mnt/h/AETHIEAOPSYS/DATA/MEMORY/ANCHORS/2026-05-15T13-21-35Z_cloud_clone_sync.json
2026-05-15T09:27:32.0000000000Z	1030	/mnt/h/AETHIEAOPSYS/CLOUD_CLONE/DATA/MEMORY/ANCHORS/2026-05-15T13-27-10Z_cloud_clone_sync.json
2026-05-15T09:27:32.0000000000Z	1030	/mnt/h/AETHIEAOPSYS/DATA/MEMORY/ANCHORS/2026-05-15T13-27-10Z_cloud_clone_sync.json
2026-05-15T09:33:06.0000000000Z	1030	/mnt/h/AETHIEAOPSYS/CLOUD_CLONE/DATA/MEMORY/ANCHORS/2026-05-15T13-32-43Z_cloud_clone_sync.json
2026-05-15T09:33:06.0000000000Z	1030	/mnt/h/AETHIEAOPSYS/DATA/MEMORY/ANCHORS/2026-05-15T13-32-43Z_cloud_clone_sync.json
2026-05-15T09:38:40.0000000000Z	1030	/mnt/h/AETHIEAOPSYS/CLOUD_CLONE/DATA/MEMORY/ANCHORS/2026-05-15T13-38-18Z_cloud_clone_sync.json
2026-05-15T09:38:40.0000000000Z	1030	/mnt/h/AETHIEAOPSYS/DATA/MEMORY/ANCHORS/2026-05-15T13-38-18Z_cloud_clone_sync.json
2026-05-15T09:44:14.0000000000Z	1030	/mnt/h/AETHIEAOPSYS/CLOUD_CLONE/DATA/MEMORY/ANCHORS/2026-05-15T13-43-51Z_cloud_clone_sync.json
2026-05-15T09:44:14.0000000000Z	1030	/mnt/h/AETHIEAOPSYS/DATA/MEMORY/ANCHORS/2026-05-15T13-43-51Z_cloud_clone_sync.json
2026-05-15T09:49:38.0000000000Z	1030	/mnt/h/AETHIEAOPSYS/CLOUD_CLONE/DATA/MEMORY/ANCHORS/2026-05-15T13-49-15Z_cloud_clone_sync.json
2026-05-15T09:49:38.0000000000Z	1030	/mnt/h/AETHIEAOPSYS/DATA/MEMORY/ANCHORS/2026-05-15T13-49-15Z_cloud_clone_sync.json
2026-05-15T09:54:58.0000000000Z	1030	/mnt/h/AETHIEAOPSYS/CLOUD_CLONE/DATA/MEMORY/ANCHORS/2026-05-15T13-54-36Z_cloud_clone_sync.json
2026-05-15T09:54:58.0000000000Z	1030	/mnt/h/AETHIEAOPSYS/DATA/MEMORY/ANCHORS/2026-05-15T13-54-36Z_cloud_clone_sync.json
2026-05-15T10:00:20.0000000000Z	1030	/mnt/h/AETHIEAOPSYS/CLOUD_CLONE/DATA/MEMORY/ANCHORS/2026-05-15T13-59-57Z_cloud_clone_sync.json
2026-05-15T10:00:20.0000000000Z	1030	/mnt/h/AETHIEAOPSYS/DATA/MEMORY/ANCHORS/2026-05-15T13-59-57Z_cloud_clone_sync.json
2026-05-15T10:05:40.0000000000Z	1030	/mnt/h/AETHIEAOPSYS/CLOUD_CLONE/DATA/MEMORY/ANCHORS/2026-05-15T14-05-18Z_cloud_clone_sync.json
2026-05-15T10:05:40.0000000000Z	1030	/mnt/h/AETHIEAOPSYS/DATA/MEMORY/ANCHORS/2026-05-15T14-05-18Z_cloud_clone_sync.json
2026-05-15T10:11:00.0000000000Z	1030	/mnt/h/AETHIEAOPSYS/CLOUD_CLONE/DATA/MEMORY/ANCHORS/2026-05-15T14-10-39Z_cloud_clone_sync.json
2026-05-15T10:11:00.0000000000Z	1030	/mnt/h/AETHIEAOPSYS/DATA/MEMORY/ANCHORS/2026-05-15T14-10-39Z_cloud_clone_sync.json
2026-05-15T10:16:22.0000000000Z	1030	/mnt/h/AETHIEAOPSYS/CLOUD_CLONE/DATA/MEMORY/ANCHORS/2026-05-15T14-15-59Z_cloud_clone_sync.json
2026-05-15T10:16:22.0000000000Z	1030	/mnt/h/AETHIEAOPSYS/DATA/MEMORY/ANCHORS/2026-05-15T14-15-59Z_cloud_clone_sync.json
2026-05-15T10:21:42.0000000000Z	1030	/mnt/h/AETHIEAOPSYS/CLOUD_CLONE/DATA/MEMORY/ANCHORS/2026-05-15T14-21-20Z_cloud_clone_sync.json
2026-05-15T10:21:42.0000000000Z	1030	/mnt/h/AETHIEAOPSYS/DATA/MEMORY/ANCHORS/2026-05-15T14-21-20Z_cloud_clone_sync.json
2026-05-15T10:27:04.0000000000Z	1030	/mnt/h/AETHIEAOPSYS/CLOUD_CLONE/DATA/MEMORY/ANCHORS/2026-05-15T14-26-41Z_cloud_clone_sync.json
2026-05-15T10:27:04.0000000000Z	1030	/mnt/h/AETHIEAOPSYS/DATA/MEMORY/ANCHORS/2026-05-15T14-26-41Z_cloud_clone_sync.json
2026-05-15T10:32:24.0000000000Z	1030	/mnt/h/AETHIEAOPSYS/CLOUD_CLONE/DATA/MEMORY/ANCHORS/2026-05-15T14-32-02Z_cloud_clone_sync.json
2026-05-15T10:32:24.0000000000Z	1030	/mnt/h/AETHIEAOPSYS/DATA/MEMORY/ANCHORS/2026-05-15T14-32-02Z_cloud_clone_sync.json
2026-05-15T10:37:46.0000000000Z	1030	/mnt/h/AETHIEAOPSYS/CLOUD_CLONE/DATA/MEMORY/ANCHORS/2026-05-15T14-37-23Z_cloud_clone_sync.json
2026-05-15T10:37:46.0000000000Z	1030	/mnt/h/AETHIEAOPSYS/DATA/MEMORY/ANCHORS/2026-05-15T14-37-23Z_cloud_clone_sync.json
2026-05-15T10:43:06.0000000000Z	1030	/mnt/h/AETHIEAOPSYS/CLOUD_CLONE/DATA/MEMORY/ANCHORS/2026-05-15T14-42-44Z_cloud_clone_sync.json
2026-05-15T10:43:06.0000000000Z	1030	/mnt/h/AETHIEAOPSYS/DATA/MEMORY/ANCHORS/2026-05-15T14-42-44Z_cloud_clone_sync.json
2026-05-15T10:48:26.0000000000Z	1030	/mnt/h/AETHIEAOPSYS/DATA/MEMORY/ANCHORS/2026-05-15T14-48-05Z_cloud_clone_sync.json
2026-05-15T10:48:28.0000000000Z	1030	/mnt/h/AETHIEAOPSYS/CLOUD_CLONE/DATA/MEMORY/ANCHORS/2026-05-15T14-48-05Z_cloud_clone_sync.json
2026-05-15T10:53:48.0000000000Z	1030	/mnt/h/AETHIEAOPSYS/CLOUD_CLONE/DATA/MEMORY/ANCHORS/2026-05-15T14-53-26Z_cloud_clone_sync.json
2026-05-15T10:53:48.0000000000Z	1030	/mnt/h/AETHIEAOPSYS/DATA/MEMORY/ANCHORS/2026-05-15T14-53-26Z_cloud_clone_sync.json
2026-05-15T10:59:10.0000000000Z	1030	/mnt/h/AETHIEAOPSYS/CLOUD_CLONE/DATA/MEMORY/ANCHORS/2026-05-15T14-58-47Z_cloud_clone_sync.json
2026-05-15T10:59:10.0000000000Z	1030	/mnt/h/AETHIEAOPSYS/DATA/MEMORY/ANCHORS/2026-05-15T14-58-47Z_cloud_clone_sync.json
2026-05-15T11:04:30.0000000000Z	1030	/mnt/h/AETHIEAOPSYS/CLOUD_CLONE/DATA/MEMORY/ANCHORS/2026-05-15T15-04-08Z_cloud_clone_sync.json
2026-05-15T11:04:30.0000000000Z	1030	/mnt/h/AETHIEAOPSYS/DATA/MEMORY/ANCHORS/2026-05-15T15-04-08Z_cloud_clone_sync.json
2026-05-15T11:09:52.0000000000Z	1030	/mnt/h/AETHIEAOPSYS/CLOUD_CLONE/DATA/MEMORY/ANCHORS/2026-05-15T15-09-29Z_cloud_clone_sync.json
2026-05-15T11:09:52.0000000000Z	1030	/mnt/h/AETHIEAOPSYS/DATA/MEMORY/ANCHORS/2026-05-15T15-09-29Z_cloud_clone_sync.json
2026-05-15T11:15:22.0000000000Z	1030	/mnt/h/AETHIEAOPSYS/CLOUD_CLONE/DATA/MEMORY/ANCHORS/2026-05-15T15-14-51Z_cloud_clone_sync.json
2026-05-15T11:15:22.0000000000Z	1030	/mnt/h/AETHIEAOPSYS/DATA/MEMORY/ANCHORS/2026-05-15T15-14-51Z_cloud_clone_sync.json
2026-05-15T11:20:56.0000000000Z	1030	/mnt/h/AETHIEAOPSYS/CLOUD_CLONE/DATA/MEMORY/ANCHORS/2026-05-15T15-20-20Z_cloud_clone_sync.json
2026-05-15T11:20:56.0000000000Z	1030	/mnt/h/AETHIEAOPSYS/DATA/MEMORY/ANCHORS/2026-05-15T15-20-20Z_cloud_clone_sync.json
2026-05-15T11:26:30.0000000000Z	1030	/mnt/h/AETHIEAOPSYS/CLOUD_CLONE/DATA/MEMORY/ANCHORS/2026-05-15T15-25-55Z_cloud_clone_sync.json
2026-05-15T11:26:30.0000000000Z	1030	/mnt/h/AETHIEAOPSYS/DATA/MEMORY/ANCHORS/2026-05-15T15-25-55Z_cloud_clone_sync.json
2026-05-15T11:31:52.0000000000Z	1030	/mnt/h/AETHIEAOPSYS/CLOUD_CLONE/DATA/MEMORY/ANCHORS/2026-05-15T15-31-29Z_cloud_clone_sync.json
2026-05-15T11:31:52.0000000000Z	1030	/mnt/h/AETHIEAOPSYS/DATA/MEMORY/ANCHORS/2026-05-15T15-31-29Z_cloud_clone_sync.json
2026-05-15T11:37:18.0000000000Z	1030	/mnt/h/AETHIEAOPSYS/CLOUD_CLONE/DATA/MEMORY/ANCHORS/2026-05-15T15-36-55Z_cloud_clone_sync.json
2026-05-15T11:37:18.0000000000Z	1030	/mnt/h/AETHIEAOPSYS/DATA/MEMORY/ANCHORS/2026-05-15T15-36-55Z_cloud_clone_sync.json
2026-05-15T11:42:50.0000000000Z	1030	/mnt/h/AETHIEAOPSYS/CLOUD_CLONE/DATA/MEMORY/ANCHORS/2026-05-15T15-42-27Z_cloud_clone_sync.json
2026-05-15T11:42:50.0000000000Z	1030	/mnt/h/AETHIEAOPSYS/DATA/MEMORY/ANCHORS/2026-05-15T15-42-27Z_cloud_clone_sync.json
2026-05-15T11:48:16.0000000000Z	1030	/mnt/h/AETHIEAOPSYS/CLOUD_CLONE/DATA/MEMORY/ANCHORS/2026-05-15T15-47-55Z_cloud_clone_sync.json
2026-05-15T11:48:16.0000000000Z	1030	/mnt/h/AETHIEAOPSYS/DATA/MEMORY/ANCHORS/2026-05-15T15-47-55Z_cloud_clone_sync.json
2026-05-15T11:53:48.0000000000Z	1030	/mnt/h/AETHIEAOPSYS/CLOUD_CLONE/DATA/MEMORY/ANCHORS/2026-05-15T15-53-26Z_cloud_clone_sync.json
2026-05-15T11:53:48.0000000000Z	1030	/mnt/h/AETHIEAOPSYS/DATA/MEMORY/ANCHORS/2026-05-15T15-53-26Z_cloud_clone_sync.json
2026-05-15T11:59:20.0000000000Z	1030	/mnt/h/AETHIEAOPSYS/CLOUD_CLONE/DATA/MEMORY/ANCHORS/2026-05-15T15-58-58Z_cloud_clone_sync.json
2026-05-15T11:59:20.0000000000Z	1030	/mnt/h/AETHIEAOPSYS/DATA/MEMORY/ANCHORS/2026-05-15T15-58-58Z_cloud_clone_sync.json
2026-05-15T12:04:54.0000000000Z	1030	/mnt/h/AETHIEAOPSYS/CLOUD_CLONE/DATA/MEMORY/ANCHORS/2026-05-15T16-04-32Z_cloud_clone_sync.json
2026-05-15T12:04:54.0000000000Z	1030	/mnt/h/AETHIEAOPSYS/DATA/MEMORY/ANCHORS/2026-05-15T16-04-32Z_cloud_clone_sync.json
2026-05-15T12:10:28.0000000000Z	1030	/mnt/h/AETHIEAOPSYS/CLOUD_CLONE/DATA/MEMORY/ANCHORS/2026-05-15T16-10-05Z_cloud_clone_sync.json
2026-05-15T12:10:28.0000000000Z	1030	/mnt/h/AETHIEAOPSYS/DATA/MEMORY/ANCHORS/2026-05-15T16-10-05Z_cloud_clone_sync.json
2026-05-15T12:16:04.0000000000Z	1030	/mnt/h/AETHIEAOPSYS/CLOUD_CLONE/DATA/MEMORY/ANCHORS/2026-05-15T16-15-42Z_cloud_clone_sync.json
2026-05-15T12:16:04.0000000000Z	1030	/mnt/h/AETHIEAOPSYS/DATA/MEMORY/ANCHORS/2026-05-15T16-15-42Z_cloud_clone_sync.json
2026-05-15T12:21:40.0000000000Z	1030	/mnt/h/AETHIEAOPSYS/CLOUD_CLONE/DATA/MEMORY/ANCHORS/2026-05-15T16-21-17Z_cloud_clone_sync.json
2026-05-15T12:21:40.0000000000Z	1030	/mnt/h/AETHIEAOPSYS/DATA/MEMORY/ANCHORS/2026-05-15T16-21-17Z_cloud_clone_sync.json
2026-05-15T12:27:16.0000000000Z	1030	/mnt/h/AETHIEAOPSYS/CLOUD_CLONE/DATA/MEMORY/ANCHORS/2026-05-15T16-26-53Z_cloud_clone_sync.json
2026-05-15T12:27:16.0000000000Z	1030	/mnt/h/AETHIEAOPSYS/DATA/MEMORY/ANCHORS/2026-05-15T16-26-53Z_cloud_clone_sync.json
2026-05-15T12:32:52.0000000000Z	1030	/mnt/h/AETHIEAOPSYS/CLOUD_CLONE/DATA/MEMORY/ANCHORS/2026-05-15T16-32-29Z_cloud_clone_sync.json
2026-05-15T12:32:52.0000000000Z	1030	/mnt/h/AETHIEAOPSYS/DATA/MEMORY/ANCHORS/2026-05-15T16-32-29Z_cloud_clone_sync.json
2026-05-15T12:38:22.0000000000Z	1030	/mnt/h/AETHIEAOPSYS/CLOUD_CLONE/DATA/MEMORY/ANCHORS/2026-05-15T16-37-59Z_cloud_clone_sync.json
2026-05-15T12:38:22.0000000000Z	1030	/mnt/h/AETHIEAOPSYS/DATA/MEMORY/ANCHORS/2026-05-15T16-37-59Z_cloud_clone_sync.json
2026-05-15T12:43:54.0000000000Z	1030	/mnt/h/AETHIEAOPSYS/CLOUD_CLONE/DATA/MEMORY/ANCHORS/2026-05-15T16-43-31Z_cloud_clone_sync.json
2026-05-15T12:43:54.0000000000Z	1030	/mnt/h/AETHIEAOPSYS/DATA/MEMORY/ANCHORS/2026-05-15T16-43-31Z_cloud_clone_sync.json
2026-05-15T12:49:28.0000000000Z	1030	/mnt/h/AETHIEAOPSYS/CLOUD_CLONE/DATA/MEMORY/ANCHORS/2026-05-15T16-49-05Z_cloud_clone_sync.json
2026-05-15T12:49:28.0000000000Z	1030	/mnt/h/AETHIEAOPSYS/DATA/MEMORY/ANCHORS/2026-05-15T16-49-05Z_cloud_clone_sync.json
2026-05-15T12:55:00.0000000000Z	1030	/mnt/h/AETHIEAOPSYS/CLOUD_CLONE/DATA/MEMORY/ANCHORS/2026-05-15T16-54-37Z_cloud_clone_sync.json
2026-05-15T12:55:00.0000000000Z	1030	/mnt/h/AETHIEAOPSYS/DATA/MEMORY/ANCHORS/2026-05-15T16-54-37Z_cloud_clone_sync.json
2026-05-15T13:00:32.0000000000Z	1030	/mnt/h/AETHIEAOPSYS/DATA/MEMORY/ANCHORS/2026-05-15T17-00-10Z_cloud_clone_sync.json
2026-05-15T13:00:34.0000000000Z	1030	/mnt/h/AETHIEAOPSYS/CLOUD_CLONE/DATA/MEMORY/ANCHORS/2026-05-15T17-00-10Z_cloud_clone_sync.json
2026-05-15T13:06:08.0000000000Z	1030	/mnt/h/AETHIEAOPSYS/CLOUD_CLONE/DATA/MEMORY/ANCHORS/2026-05-15T17-05-45Z_cloud_clone_sync.json
2026-05-15T13:06:08.0000000000Z	1030	/mnt/h/AETHIEAOPSYS/DATA/MEMORY/ANCHORS/2026-05-15T17-05-45Z_cloud_clone_sync.json
2026-05-15T13:11:36.0000000000Z	1030	/mnt/h/AETHIEAOPSYS/CLOUD_CLONE/DATA/MEMORY/ANCHORS/2026-05-15T17-11-12Z_cloud_clone_sync.json
2026-05-15T13:11:36.0000000000Z	1030	/mnt/h/AETHIEAOPSYS/DATA/MEMORY/ANCHORS/2026-05-15T17-11-12Z_cloud_clone_sync.json
2026-05-15T13:16:58.0000000000Z	1030	/mnt/h/AETHIEAOPSYS/CLOUD_CLONE/DATA/MEMORY/ANCHORS/2026-05-15T17-16-35Z_cloud_clone_sync.json
2026-05-15T13:16:58.0000000000Z	1030	/mnt/h/AETHIEAOPSYS/DATA/MEMORY/ANCHORS/2026-05-15T17-16-35Z_cloud_clone_sync.json
2026-05-15T13:22:24.0000000000Z	1030	/mnt/h/AETHIEAOPSYS/CLOUD_CLONE/DATA/MEMORY/ANCHORS/2026-05-15T17-22-02Z_cloud_clone_sync.json
2026-05-15T13:22:24.0000000000Z	1030	/mnt/h/AETHIEAOPSYS/DATA/MEMORY/ANCHORS/2026-05-15T17-22-02Z_cloud_clone_sync.json
2026-05-15T13:27:56.0000000000Z	1030	/mnt/h/AETHIEAOPSYS/CLOUD_CLONE/DATA/MEMORY/ANCHORS/2026-05-15T17-27-34Z_cloud_clone_sync.json
2026-05-15T13:27:56.0000000000Z	1030	/mnt/h/AETHIEAOPSYS/DATA/MEMORY/ANCHORS/2026-05-15T17-27-34Z_cloud_clone_sync.json
2026-05-15T13:33:28.0000000000Z	1030	/mnt/h/AETHIEAOPSYS/CLOUD_CLONE/DATA/MEMORY/ANCHORS/2026-05-15T17-33-05Z_cloud_clone_sync.json
2026-05-15T13:33:28.0000000000Z	1030	/mnt/h/AETHIEAOPSYS/DATA/MEMORY/ANCHORS/2026-05-15T17-33-05Z_cloud_clone_sync.json
2026-05-15T13:39:02.0000000000Z	1030	/mnt/h/AETHIEAOPSYS/CLOUD_CLONE/DATA/MEMORY/ANCHORS/2026-05-15T17-38-39Z_cloud_clone_sync.json
2026-05-15T13:39:02.0000000000Z	1030	/mnt/h/AETHIEAOPSYS/DATA/MEMORY/ANCHORS/2026-05-15T17-38-39Z_cloud_clone_sync.json
2026-05-15T13:44:40.0000000000Z	1030	/mnt/h/AETHIEAOPSYS/CLOUD_CLONE/DATA/MEMORY/ANCHORS/2026-05-15T17-44-16Z_cloud_clone_sync.json
2026-05-15T13:44:40.0000000000Z	1030	/mnt/h/AETHIEAOPSYS/DATA/MEMORY/ANCHORS/2026-05-15T17-44-16Z_cloud_clone_sync.json
2026-05-15T13:50:14.0000000000Z	1030	/mnt/h/AETHIEAOPSYS/CLOUD_CLONE/DATA/MEMORY/ANCHORS/2026-05-15T17-49-51Z_cloud_clone_sync.json
2026-05-15T13:50:14.0000000000Z	1030	/mnt/h/AETHIEAOPSYS/DATA/MEMORY/ANCHORS/2026-05-15T17-49-51Z_cloud_clone_sync.json
2026-05-15T13:55:50.0000000000Z	1030	/mnt/h/AETHIEAOPSYS/CLOUD_CLONE/DATA/MEMORY/ANCHORS/2026-05-15T17-55-27Z_cloud_clone_sync.json
2026-05-15T13:55:50.0000000000Z	1030	/mnt/h/AETHIEAOPSYS/DATA/MEMORY/ANCHORS/2026-05-15T17-55-27Z_cloud_clone_sync.json
2026-05-15T14:01:30.0000000000Z	1030	/mnt/h/AETHIEAOPSYS/CLOUD_CLONE/DATA/MEMORY/ANCHORS/2026-05-15T18-01-06Z_cloud_clone_sync.json
2026-05-15T14:01:30.0000000000Z	1030	/mnt/h/AETHIEAOPSYS/DATA/MEMORY/ANCHORS/2026-05-15T18-01-06Z_cloud_clone_sync.json
2026-05-15T14:03:20.0000000000Z	185	/mnt/h/AETHIEAOPSYS/DATA/MEMORY/ANCHORS/2026-05-15_18-03-19_anchor.json
2026-05-15T14:06:30.0000000000Z	179	/mnt/h/AETHIEAOPSYS/DATA/MEMORY/ANCHORS/2026-05-15_18-06-30_anchor.json
2026-05-15T14:06:54.0000000000Z	179	/mnt/h/AETHIEAOPSYS/DATA/MEMORY/ANCHORS/2026-05-15_18-06-51_anchor.json
2026-05-15T14:07:04.0000000000Z	179	/mnt/h/AETHIEAOPSYS/CLOUD_CLONE/DATA/MEMORY/ANCHORS/2026-05-15_18-06-30_anchor.json
2026-05-15T14:07:04.0000000000Z	185	/mnt/h/AETHIEAOPSYS/CLOUD_CLONE/DATA/MEMORY/ANCHORS/2026-05-15_18-03-19_anchor.json
2026-05-15T14:07:10.0000000000Z	1150	/mnt/h/AETHIEAOPSYS/CLOUD_CLONE/DATA/MEMORY/ANCHORS/2026-05-15T18-06-45Z_cloud_clone_sync.json
2026-05-15T14:07:10.0000000000Z	1150	/mnt/h/AETHIEAOPSYS/DATA/MEMORY/ANCHORS/2026-05-15T18-06-45Z_cloud_clone_sync.json
2026-05-15T14:12:46.0000000000Z	179	/mnt/h/AETHIEAOPSYS/CLOUD_CLONE/DATA/MEMORY/ANCHORS/2026-05-15_18-06-51_anchor.json
2026-05-15T14:12:52.0000000000Z	1091	/mnt/h/AETHIEAOPSYS/CLOUD_CLONE/DATA/MEMORY/ANCHORS/2026-05-15T18-12-24Z_cloud_clone_sync.json
2026-05-15T14:12:52.0000000000Z	1091	/mnt/h/AETHIEAOPSYS/DATA/MEMORY/ANCHORS/2026-05-15T18-12-24Z_cloud_clone_sync.json
2026-05-15T14:18:28.0000000000Z	1030	/mnt/h/AETHIEAOPSYS/CLOUD_CLONE/DATA/MEMORY/ANCHORS/2026-05-15T18-18-07Z_cloud_clone_sync.json
2026-05-15T14:18:28.0000000000Z	1030	/mnt/h/AETHIEAOPSYS/DATA/MEMORY/ANCHORS/2026-05-15T18-18-07Z_cloud_clone_sync.json
2026-05-15T14:24:08.0000000000Z	1030	/mnt/h/AETHIEAOPSYS/CLOUD_CLONE/DATA/MEMORY/ANCHORS/2026-05-15T18-23-44Z_cloud_clone_sync.json
2026-05-15T14:24:08.0000000000Z	1030	/mnt/h/AETHIEAOPSYS/DATA/MEMORY/ANCHORS/2026-05-15T18-23-44Z_cloud_clone_sync.json
2026-05-15T14:29:46.0000000000Z	1030	/mnt/h/AETHIEAOPSYS/CLOUD_CLONE/DATA/MEMORY/ANCHORS/2026-05-15T18-29-22Z_cloud_clone_sync.json
2026-05-15T14:29:46.0000000000Z	1030	/mnt/h/AETHIEAOPSYS/DATA/MEMORY/ANCHORS/2026-05-15T18-29-22Z_cloud_clone_sync.json
2026-05-15T14:35:24.0000000000Z	1030	/mnt/h/AETHIEAOPSYS/CLOUD_CLONE/DATA/MEMORY/ANCHORS/2026-05-15T18-35-00Z_cloud_clone_sync.json
2026-05-15T14:35:24.0000000000Z	1030	/mnt/h/AETHIEAOPSYS/DATA/MEMORY/ANCHORS/2026-05-15T18-35-00Z_cloud_clone_sync.json
2026-05-15T14:41:02.0000000000Z	1030	/mnt/h/AETHIEAOPSYS/CLOUD_CLONE/DATA/MEMORY/ANCHORS/2026-05-15T18-40-38Z_cloud_clone_sync.json
2026-05-15T14:41:02.0000000000Z	1030	/mnt/h/AETHIEAOPSYS/DATA/MEMORY/ANCHORS/2026-05-15T18-40-38Z_cloud_clone_sync.json
2026-05-15T14:46:40.0000000000Z	1030	/mnt/h/AETHIEAOPSYS/CLOUD_CLONE/DATA/MEMORY/ANCHORS/2026-05-15T18-46-17Z_cloud_clone_sync.json
2026-05-15T14:46:40.0000000000Z	1030	/mnt/h/AETHIEAOPSYS/DATA/MEMORY/ANCHORS/2026-05-15T18-46-17Z_cloud_clone_sync.json
2026-05-15T14:52:18.0000000000Z	1030	/mnt/h/AETHIEAOPSYS/CLOUD_CLONE/DATA/MEMORY/ANCHORS/2026-05-15T18-51-55Z_cloud_clone_sync.json
2026-05-15T14:52:18.0000000000Z	1030	/mnt/h/AETHIEAOPSYS/DATA/MEMORY/ANCHORS/2026-05-15T18-51-55Z_cloud_clone_sync.json
2026-05-15T14:57:54.0000000000Z	1030	/mnt/h/AETHIEAOPSYS/CLOUD_CLONE/DATA/MEMORY/ANCHORS/2026-05-15T18-57-32Z_cloud_clone_sync.json
2026-05-15T14:57:54.0000000000Z	1030	/mnt/h/AETHIEAOPSYS/DATA/MEMORY/ANCHORS/2026-05-15T18-57-32Z_cloud_clone_sync.json
2026-05-15T15:03:32.0000000000Z	1030	/mnt/h/AETHIEAOPSYS/CLOUD_CLONE/DATA/MEMORY/ANCHORS/2026-05-15T19-03-10Z_cloud_clone_sync.json
2026-05-15T15:03:32.0000000000Z	1030	/mnt/h/AETHIEAOPSYS/DATA/MEMORY/ANCHORS/2026-05-15T19-03-10Z_cloud_clone_sync.json
2026-05-15T15:09:12.0000000000Z	1030	/mnt/h/AETHIEAOPSYS/CLOUD_CLONE/DATA/MEMORY/ANCHORS/2026-05-15T19-08-48Z_cloud_clone_sync.json
2026-05-15T15:09:12.0000000000Z	1030	/mnt/h/AETHIEAOPSYS/DATA/MEMORY/ANCHORS/2026-05-15T19-08-48Z_cloud_clone_sync.json
2026-05-15T15:14:48.0000000000Z	1030	/mnt/h/AETHIEAOPSYS/CLOUD_CLONE/DATA/MEMORY/ANCHORS/2026-05-15T19-14-26Z_cloud_clone_sync.json
2026-05-15T15:14:48.0000000000Z	1030	/mnt/h/AETHIEAOPSYS/DATA/MEMORY/ANCHORS/2026-05-15T19-14-26Z_cloud_clone_sync.json
2026-05-15T15:20:26.0000000000Z	1030	/mnt/h/AETHIEAOPSYS/CLOUD_CLONE/DATA/MEMORY/ANCHORS/2026-05-15T19-20-03Z_cloud_clone_sync.json
2026-05-15T15:20:26.0000000000Z	1030	/mnt/h/AETHIEAOPSYS/DATA/MEMORY/ANCHORS/2026-05-15T19-20-03Z_cloud_clone_sync.json
2026-05-15T15:26:04.0000000000Z	1030	/mnt/h/AETHIEAOPSYS/CLOUD_CLONE/DATA/MEMORY/ANCHORS/2026-05-15T19-25-42Z_cloud_clone_sync.json
2026-05-15T15:26:04.0000000000Z	1030	/mnt/h/AETHIEAOPSYS/DATA/MEMORY/ANCHORS/2026-05-15T19-25-42Z_cloud_clone_sync.json
2026-05-15T15:31:42.0000000000Z	1030	/mnt/h/AETHIEAOPSYS/CLOUD_CLONE/DATA/MEMORY/ANCHORS/2026-05-15T19-31-19Z_cloud_clone_sync.json
2026-05-15T15:31:42.0000000000Z	1030	/mnt/h/AETHIEAOPSYS/DATA/MEMORY/ANCHORS/2026-05-15T19-31-19Z_cloud_clone_sync.json
2026-05-15T15:37:22.0000000000Z	1030	/mnt/h/AETHIEAOPSYS/CLOUD_CLONE/DATA/MEMORY/ANCHORS/2026-05-15T19-36-57Z_cloud_clone_sync.json
2026-05-15T15:37:22.0000000000Z	1030	/mnt/h/AETHIEAOPSYS/DATA/MEMORY/ANCHORS/2026-05-15T19-36-57Z_cloud_clone_sync.json
2026-05-15T15:43:00.0000000000Z	1030	/mnt/h/AETHIEAOPSYS/CLOUD_CLONE/DATA/MEMORY/ANCHORS/2026-05-15T19-42-35Z_cloud_clone_sync.json
2026-05-15T15:43:00.0000000000Z	1030	/mnt/h/AETHIEAOPSYS/DATA/MEMORY/ANCHORS/2026-05-15T19-42-35Z_cloud_clone_sync.json
2026-05-15T15:48:38.0000000000Z	1030	/mnt/h/AETHIEAOPSYS/CLOUD_CLONE/DATA/MEMORY/ANCHORS/2026-05-15T19-48-14Z_cloud_clone_sync.json
2026-05-15T15:48:38.0000000000Z	1030	/mnt/h/AETHIEAOPSYS/DATA/MEMORY/ANCHORS/2026-05-15T19-48-14Z_cloud_clone_sync.json
2026-05-15T15:54:18.0000000000Z	1030	/mnt/h/AETHIEAOPSYS/CLOUD_CLONE/DATA/MEMORY/ANCHORS/2026-05-15T19-53-53Z_cloud_clone_sync.json
2026-05-15T15:54:18.0000000000Z	1030	/mnt/h/AETHIEAOPSYS/DATA/MEMORY/ANCHORS/2026-05-15T19-53-53Z_cloud_clone_sync.json
2026-05-15T15:59:56.0000000000Z	1030	/mnt/h/AETHIEAOPSYS/CLOUD_CLONE/DATA/MEMORY/ANCHORS/2026-05-15T19-59-32Z_cloud_clone_sync.json
2026-05-15T15:59:56.0000000000Z	1030	/mnt/h/AETHIEAOPSYS/DATA/MEMORY/ANCHORS/2026-05-15T19-59-32Z_cloud_clone_sync.json
2026-05-15T16:05:36.0000000000Z	1030	/mnt/h/AETHIEAOPSYS/CLOUD_CLONE/DATA/MEMORY/ANCHORS/2026-05-15T20-05-11Z_cloud_clone_sync.json
2026-05-15T16:05:36.0000000000Z	1030	/mnt/h/AETHIEAOPSYS/DATA/MEMORY/ANCHORS/2026-05-15T20-05-11Z_cloud_clone_sync.json
2026-05-15T16:11:16.0000000000Z	1030	/mnt/h/AETHIEAOPSYS/CLOUD_CLONE/DATA/MEMORY/ANCHORS/2026-05-15T20-10-52Z_cloud_clone_sync.json
2026-05-15T16:11:16.0000000000Z	1030	/mnt/h/AETHIEAOPSYS/DATA/MEMORY/ANCHORS/2026-05-15T20-10-52Z_cloud_clone_sync.json
2026-05-15T16:16:54.0000000000Z	1030	/mnt/h/AETHIEAOPSYS/CLOUD_CLONE/DATA/MEMORY/ANCHORS/2026-05-15T20-16-30Z_cloud_clone_sync.json
2026-05-15T16:16:54.0000000000Z	1030	/mnt/h/AETHIEAOPSYS/DATA/MEMORY/ANCHORS/2026-05-15T20-16-30Z_cloud_clone_sync.json
2026-05-15T16:22:32.0000000000Z	1030	/mnt/h/AETHIEAOPSYS/CLOUD_CLONE/DATA/MEMORY/ANCHORS/2026-05-15T20-22-09Z_cloud_clone_sync.json
2026-05-15T16:22:32.0000000000Z	1030	/mnt/h/AETHIEAOPSYS/DATA/MEMORY/ANCHORS/2026-05-15T20-22-09Z_cloud_clone_sync.json
2026-05-15T16:28:12.0000000000Z	1030	/mnt/h/AETHIEAOPSYS/CLOUD_CLONE/DATA/MEMORY/ANCHORS/2026-05-15T20-27-48Z_cloud_clone_sync.json
2026-05-15T16:28:12.0000000000Z	1030	/mnt/h/AETHIEAOPSYS/DATA/MEMORY/ANCHORS/2026-05-15T20-27-48Z_cloud_clone_sync.json
2026-05-15T16:33:52.0000000000Z	1030	/mnt/h/AETHIEAOPSYS/CLOUD_CLONE/DATA/MEMORY/ANCHORS/2026-05-15T20-33-29Z_cloud_clone_sync.json
2026-05-15T16:33:52.0000000000Z	1030	/mnt/h/AETHIEAOPSYS/DATA/MEMORY/ANCHORS/2026-05-15T20-33-29Z_cloud_clone_sync.json
2026-05-15T16:39:32.0000000000Z	1030	/mnt/h/AETHIEAOPSYS/CLOUD_CLONE/DATA/MEMORY/ANCHORS/2026-05-15T20-39-08Z_cloud_clone_sync.json
2026-05-15T16:39:32.0000000000Z	1030	/mnt/h/AETHIEAOPSYS/DATA/MEMORY/ANCHORS/2026-05-15T20-39-08Z_cloud_clone_sync.json
2026-05-15T16:45:10.0000000000Z	1030	/mnt/h/AETHIEAOPSYS/CLOUD_CLONE/DATA/MEMORY/ANCHORS/2026-05-15T20-44-47Z_cloud_clone_sync.json
2026-05-15T16:45:10.0000000000Z	1030	/mnt/h/AETHIEAOPSYS/DATA/MEMORY/ANCHORS/2026-05-15T20-44-47Z_cloud_clone_sync.json
2026-05-15T16:50:50.0000000000Z	1030	/mnt/h/AETHIEAOPSYS/CLOUD_CLONE/DATA/MEMORY/ANCHORS/2026-05-15T20-50-27Z_cloud_clone_sync.json
2026-05-15T16:50:50.0000000000Z	1030	/mnt/h/AETHIEAOPSYS/DATA/MEMORY/ANCHORS/2026-05-15T20-50-27Z_cloud_clone_sync.json
2026-05-15T16:56:30.0000000000Z	1030	/mnt/h/AETHIEAOPSYS/CLOUD_CLONE/DATA/MEMORY/ANCHORS/2026-05-15T20-56-07Z_cloud_clone_sync.json
2026-05-15T16:56:30.0000000000Z	1030	/mnt/h/AETHIEAOPSYS/DATA/MEMORY/ANCHORS/2026-05-15T20-56-07Z_cloud_clone_sync.json
2026-05-15T17:02:10.0000000000Z	1030	/mnt/h/AETHIEAOPSYS/CLOUD_CLONE/DATA/MEMORY/ANCHORS/2026-05-15T21-01-48Z_cloud_clone_sync.json
2026-05-15T17:02:10.0000000000Z	1030	/mnt/h/AETHIEAOPSYS/DATA/MEMORY/ANCHORS/2026-05-15T21-01-48Z_cloud_clone_sync.json
2026-05-15T17:07:52.0000000000Z	1030	/mnt/h/AETHIEAOPSYS/CLOUD_CLONE/DATA/MEMORY/ANCHORS/2026-05-15T21-07-28Z_cloud_clone_sync.json
2026-05-15T17:07:52.0000000000Z	1030	/mnt/h/AETHIEAOPSYS/DATA/MEMORY/ANCHORS/2026-05-15T21-07-28Z_cloud_clone_sync.json
2026-05-15T17:13:32.0000000000Z	1030	/mnt/h/AETHIEAOPSYS/CLOUD_CLONE/DATA/MEMORY/ANCHORS/2026-05-15T21-13-09Z_cloud_clone_sync.json
2026-05-15T17:13:32.0000000000Z	1030	/mnt/h/AETHIEAOPSYS/DATA/MEMORY/ANCHORS/2026-05-15T21-13-09Z_cloud_clone_sync.json
2026-05-15T17:19:12.0000000000Z	1030	/mnt/h/AETHIEAOPSYS/CLOUD_CLONE/DATA/MEMORY/ANCHORS/2026-05-15T21-18-49Z_cloud_clone_sync.json
2026-05-15T17:19:12.0000000000Z	1030	/mnt/h/AETHIEAOPSYS/DATA/MEMORY/ANCHORS/2026-05-15T21-18-49Z_cloud_clone_sync.json
2026-05-15T17:24:52.0000000000Z	1030	/mnt/h/AETHIEAOPSYS/CLOUD_CLONE/DATA/MEMORY/ANCHORS/2026-05-15T21-24-29Z_cloud_clone_sync.json
2026-05-15T17:24:52.0000000000Z	1030	/mnt/h/AETHIEAOPSYS/DATA/MEMORY/ANCHORS/2026-05-15T21-24-29Z_cloud_clone_sync.json
2026-05-15T17:30:32.0000000000Z	1030	/mnt/h/AETHIEAOPSYS/CLOUD_CLONE/DATA/MEMORY/ANCHORS/2026-05-15T21-30-09Z_cloud_clone_sync.json
2026-05-15T17:30:32.0000000000Z	1030	/mnt/h/AETHIEAOPSYS/DATA/MEMORY/ANCHORS/2026-05-15T21-30-09Z_cloud_clone_sync.json
2026-05-15T17:36:12.0000000000Z	1030	/mnt/h/AETHIEAOPSYS/CLOUD_CLONE/DATA/MEMORY/ANCHORS/2026-05-15T21-35-47Z_cloud_clone_sync.json
2026-05-15T17:36:12.0000000000Z	1030	/mnt/h/AETHIEAOPSYS/DATA/MEMORY/ANCHORS/2026-05-15T21-35-47Z_cloud_clone_sync.json
2026-05-15T17:41:42.0000000000Z	1030	/mnt/h/AETHIEAOPSYS/CLOUD_CLONE/DATA/MEMORY/ANCHORS/2026-05-15T21-41-20Z_cloud_clone_sync.json
2026-05-15T17:41:42.0000000000Z	1030	/mnt/h/AETHIEAOPSYS/DATA/MEMORY/ANCHORS/2026-05-15T21-41-20Z_cloud_clone_sync.json
2026-05-15T17:47:16.0000000000Z	1030	/mnt/h/AETHIEAOPSYS/CLOUD_CLONE/DATA/MEMORY/ANCHORS/2026-05-15T21-46-52Z_cloud_clone_sync.json
2026-05-15T17:47:16.0000000000Z	1030	/mnt/h/AETHIEAOPSYS/DATA/MEMORY/ANCHORS/2026-05-15T21-46-52Z_cloud_clone_sync.json
2026-05-15T17:52:50.0000000000Z	1030	/mnt/h/AETHIEAOPSYS/DATA/MEMORY/ANCHORS/2026-05-15T21-52-26Z_cloud_clone_sync.json
2026-05-15T17:52:52.0000000000Z	1030	/mnt/h/AETHIEAOPSYS/CLOUD_CLONE/DATA/MEMORY/ANCHORS/2026-05-15T21-52-26Z_cloud_clone_sync.json
2026-05-15T17:58:24.0000000000Z	1030	/mnt/h/AETHIEAOPSYS/DATA/MEMORY/ANCHORS/2026-05-15T21-58-01Z_cloud_clone_sync.json
2026-05-15T17:58:26.0000000000Z	1030	/mnt/h/AETHIEAOPSYS/CLOUD_CLONE/DATA/MEMORY/ANCHORS/2026-05-15T21-58-01Z_cloud_clone_sync.json
2026-05-15T18:04:00.0000000000Z	1030	/mnt/h/AETHIEAOPSYS/CLOUD_CLONE/DATA/MEMORY/ANCHORS/2026-05-15T22-03-37Z_cloud_clone_sync.json
2026-05-15T18:04:00.0000000000Z	1030	/mnt/h/AETHIEAOPSYS/DATA/MEMORY/ANCHORS/2026-05-15T22-03-37Z_cloud_clone_sync.json
2026-05-15T18:09:26.0000000000Z	1030	/mnt/h/AETHIEAOPSYS/CLOUD_CLONE/DATA/MEMORY/ANCHORS/2026-05-15T22-09-03Z_cloud_clone_sync.json
2026-05-15T18:09:26.0000000000Z	1030	/mnt/h/AETHIEAOPSYS/DATA/MEMORY/ANCHORS/2026-05-15T22-09-03Z_cloud_clone_sync.json
2026-05-15T18:14:48.0000000000Z	1030	/mnt/h/AETHIEAOPSYS/CLOUD_CLONE/DATA/MEMORY/ANCHORS/2026-05-15T22-14-25Z_cloud_clone_sync.json
2026-05-15T18:14:48.0000000000Z	1030	/mnt/h/AETHIEAOPSYS/DATA/MEMORY/ANCHORS/2026-05-15T22-14-25Z_cloud_clone_sync.json
2026-05-15T18:20:10.0000000000Z	1030	/mnt/h/AETHIEAOPSYS/CLOUD_CLONE/DATA/MEMORY/ANCHORS/2026-05-15T22-19-47Z_cloud_clone_sync.json
2026-05-15T18:20:10.0000000000Z	1030	/mnt/h/AETHIEAOPSYS/DATA/MEMORY/ANCHORS/2026-05-15T22-19-47Z_cloud_clone_sync.json
2026-05-15T18:25:34.0000000000Z	1030	/mnt/h/AETHIEAOPSYS/CLOUD_CLONE/DATA/MEMORY/ANCHORS/2026-05-15T22-25-10Z_cloud_clone_sync.json
2026-05-15T18:25:34.0000000000Z	1030	/mnt/h/AETHIEAOPSYS/DATA/MEMORY/ANCHORS/2026-05-15T22-25-10Z_cloud_clone_sync.json
2026-05-15T18:30:56.0000000000Z	1030	/mnt/h/AETHIEAOPSYS/CLOUD_CLONE/DATA/MEMORY/ANCHORS/2026-05-15T22-30-32Z_cloud_clone_sync.json
2026-05-15T18:30:56.0000000000Z	1030	/mnt/h/AETHIEAOPSYS/DATA/MEMORY/ANCHORS/2026-05-15T22-30-32Z_cloud_clone_sync.json
2026-05-15T18:36:18.0000000000Z	1030	/mnt/h/AETHIEAOPSYS/CLOUD_CLONE/DATA/MEMORY/ANCHORS/2026-05-15T22-35-54Z_cloud_clone_sync.json
2026-05-15T18:36:18.0000000000Z	1030	/mnt/h/AETHIEAOPSYS/DATA/MEMORY/ANCHORS/2026-05-15T22-35-54Z_cloud_clone_sync.json
2026-05-15T18:57:14.0000000000Z	1030	/mnt/h/AETHIEAOPSYS/CLOUD_CLONE/DATA/MEMORY/ANCHORS/2026-05-15T22-56-51Z_cloud_clone_sync.json
2026-05-15T18:57:14.0000000000Z	1030	/mnt/h/AETHIEAOPSYS/DATA/MEMORY/ANCHORS/2026-05-15T22-56-51Z_cloud_clone_sync.json
2026-05-15T19:02:48.0000000000Z	1030	/mnt/h/AETHIEAOPSYS/CLOUD_CLONE/DATA/MEMORY/ANCHORS/2026-05-15T23-02-27Z_cloud_clone_sync.json
2026-05-15T19:02:48.0000000000Z	1030	/mnt/h/AETHIEAOPSYS/DATA/MEMORY/ANCHORS/2026-05-15T23-02-27Z_cloud_clone_sync.json
2026-05-15T19:08:10.0000000000Z	1030	/mnt/h/AETHIEAOPSYS/CLOUD_CLONE/DATA/MEMORY/ANCHORS/2026-05-15T23-07-46Z_cloud_clone_sync.json
2026-05-15T19:08:10.0000000000Z	1030	/mnt/h/AETHIEAOPSYS/DATA/MEMORY/ANCHORS/2026-05-15T23-07-46Z_cloud_clone_sync.json
2026-05-15T19:13:34.0000000000Z	1030	/mnt/h/AETHIEAOPSYS/CLOUD_CLONE/DATA/MEMORY/ANCHORS/2026-05-15T23-13-09Z_cloud_clone_sync.json
2026-05-15T19:13:34.0000000000Z	1030	/mnt/h/AETHIEAOPSYS/DATA/MEMORY/ANCHORS/2026-05-15T23-13-09Z_cloud_clone_sync.json
2026-05-15T19:18:58.0000000000Z	1030	/mnt/h/AETHIEAOPSYS/CLOUD_CLONE/DATA/MEMORY/ANCHORS/2026-05-15T23-18-33Z_cloud_clone_sync.json
2026-05-15T19:18:58.0000000000Z	1030	/mnt/h/AETHIEAOPSYS/DATA/MEMORY/ANCHORS/2026-05-15T23-18-33Z_cloud_clone_sync.json
2026-05-15T19:24:30.0000000000Z	1030	/mnt/h/AETHIEAOPSYS/CLOUD_CLONE/DATA/MEMORY/ANCHORS/2026-05-15T23-23-56Z_cloud_clone_sync.json
2026-05-15T19:24:30.0000000000Z	1030	/mnt/h/AETHIEAOPSYS/DATA/MEMORY/ANCHORS/2026-05-15T23-23-56Z_cloud_clone_sync.json
2026-05-15T19:30:14.0000000000Z	1030	/mnt/h/AETHIEAOPSYS/CLOUD_CLONE/DATA/MEMORY/ANCHORS/2026-05-15T23-29-49Z_cloud_clone_sync.json
2026-05-15T19:30:14.0000000000Z	1030	/mnt/h/AETHIEAOPSYS/DATA/MEMORY/ANCHORS/2026-05-15T23-29-49Z_cloud_clone_sync.json
2026-05-15T19:35:46.0000000000Z	1030	/mnt/h/AETHIEAOPSYS/CLOUD_CLONE/DATA/MEMORY/ANCHORS/2026-05-15T23-35-22Z_cloud_clone_sync.json
2026-05-15T19:35:46.0000000000Z	1030	/mnt/h/AETHIEAOPSYS/DATA/MEMORY/ANCHORS/2026-05-15T23-35-22Z_cloud_clone_sync.json
2026-05-15T19:41:48.0000000000Z	1030	/mnt/h/AETHIEAOPSYS/CLOUD_CLONE/DATA/MEMORY/ANCHORS/2026-05-15T23-41-22Z_cloud_clone_sync.json
2026-05-15T19:41:48.0000000000Z	1030	/mnt/h/AETHIEAOPSYS/DATA/MEMORY/ANCHORS/2026-05-15T23-41-22Z_cloud_clone_sync.json
2026-05-15T19:47:24.0000000000Z	1030	/mnt/h/AETHIEAOPSYS/CLOUD_CLONE/DATA/MEMORY/ANCHORS/2026-05-15T23-47-00Z_cloud_clone_sync.json
2026-05-15T19:47:24.0000000000Z	1030	/mnt/h/AETHIEAOPSYS/DATA/MEMORY/ANCHORS/2026-05-15T23-47-00Z_cloud_clone_sync.json
2026-05-15T19:55:18.0000000000Z	1030	/mnt/h/AETHIEAOPSYS/CLOUD_CLONE/DATA/MEMORY/ANCHORS/2026-05-15T23-55-01Z_cloud_clone_sync.json
2026-05-15T19:55:18.0000000000Z	1030	/mnt/h/AETHIEAOPSYS/DATA/MEMORY/ANCHORS/2026-05-15T23-55-01Z_cloud_clone_sync.json
2026-05-15T20:03:22.0000000000Z	1030	/mnt/h/AETHIEAOPSYS/CLOUD_CLONE/DATA/MEMORY/ANCHORS/2026-05-16T00-02-51Z_cloud_clone_sync.json
2026-05-15T20:03:22.0000000000Z	1030	/mnt/h/AETHIEAOPSYS/DATA/MEMORY/ANCHORS/2026-05-16T00-02-51Z_cloud_clone_sync.json
2026-05-15T20:10:10.0000000000Z	1030	/mnt/h/AETHIEAOPSYS/CLOUD_CLONE/DATA/MEMORY/ANCHORS/2026-05-16T00-09-51Z_cloud_clone_sync.json
2026-05-15T20:10:10.0000000000Z	1030	/mnt/h/AETHIEAOPSYS/DATA/MEMORY/ANCHORS/2026-05-16T00-09-51Z_cloud_clone_sync.json
2026-05-15T20:15:52.0000000000Z	1030	/mnt/h/AETHIEAOPSYS/CLOUD_CLONE/DATA/MEMORY/ANCHORS/2026-05-16T00-15-22Z_cloud_clone_sync.json
2026-05-15T20:15:52.0000000000Z	1030	/mnt/h/AETHIEAOPSYS/DATA/MEMORY/ANCHORS/2026-05-16T00-15-22Z_cloud_clone_sync.json
2026-05-15T20:21:34.0000000000Z	1030	/mnt/h/AETHIEAOPSYS/CLOUD_CLONE/DATA/MEMORY/ANCHORS/2026-05-16T00-21-03Z_cloud_clone_sync.json
2026-05-15T20:21:34.0000000000Z	1030	/mnt/h/AETHIEAOPSYS/DATA/MEMORY/ANCHORS/2026-05-16T00-21-03Z_cloud_clone_sync.json
2026-05-15T20:27:18.0000000000Z	1030	/mnt/h/AETHIEAOPSYS/CLOUD_CLONE/DATA/MEMORY/ANCHORS/2026-05-16T00-26-48Z_cloud_clone_sync.json
2026-05-15T20:27:18.0000000000Z	1030	/mnt/h/AETHIEAOPSYS/DATA/MEMORY/ANCHORS/2026-05-16T00-26-48Z_cloud_clone_sync.json
2026-05-15T20:33:06.0000000000Z	1030	/mnt/h/AETHIEAOPSYS/CLOUD_CLONE/DATA/MEMORY/ANCHORS/2026-05-16T00-32-35Z_cloud_clone_sync.json
2026-05-15T20:33:06.0000000000Z	1030	/mnt/h/AETHIEAOPSYS/DATA/MEMORY/ANCHORS/2026-05-16T00-32-35Z_cloud_clone_sync.json
2026-05-15T20:38:50.0000000000Z	1030	/mnt/h/AETHIEAOPSYS/CLOUD_CLONE/DATA/MEMORY/ANCHORS/2026-05-16T00-38-23Z_cloud_clone_sync.json
2026-05-15T20:38:50.0000000000Z	1030	/mnt/h/AETHIEAOPSYS/DATA/MEMORY/ANCHORS/2026-05-16T00-38-23Z_cloud_clone_sync.json
2026-05-15T20:44:36.0000000000Z	1030	/mnt/h/AETHIEAOPSYS/CLOUD_CLONE/DATA/MEMORY/ANCHORS/2026-05-16T00-44-08Z_cloud_clone_sync.json
2026-05-15T20:44:36.0000000000Z	1030	/mnt/h/AETHIEAOPSYS/DATA/MEMORY/ANCHORS/2026-05-16T00-44-08Z_cloud_clone_sync.json
2026-05-15T20:58:40.0000000000Z	1030	/mnt/h/AETHIEAOPSYS/CLOUD_CLONE/DATA/MEMORY/ANCHORS/2026-05-16T00-58-23Z_cloud_clone_sync.json
2026-05-15T20:58:40.0000000000Z	1030	/mnt/h/AETHIEAOPSYS/DATA/MEMORY/ANCHORS/2026-05-16T00-58-23Z_cloud_clone_sync.json
2026-05-15T21:03:58.0000000000Z	1030	/mnt/h/AETHIEAOPSYS/CLOUD_CLONE/DATA/MEMORY/ANCHORS/2026-05-16T01-03-39Z_cloud_clone_sync.json
2026-05-15T21:03:58.0000000000Z	1030	/mnt/h/AETHIEAOPSYS/DATA/MEMORY/ANCHORS/2026-05-16T01-03-39Z_cloud_clone_sync.json
2026-05-15T21:09:14.0000000000Z	1030	/mnt/h/AETHIEAOPSYS/CLOUD_CLONE/DATA/MEMORY/ANCHORS/2026-05-16T01-08-56Z_cloud_clone_sync.json
2026-05-15T21:09:14.0000000000Z	1030	/mnt/h/AETHIEAOPSYS/DATA/MEMORY/ANCHORS/2026-05-16T01-08-56Z_cloud_clone_sync.json
2026-05-15T21:14:36.0000000000Z	1030	/mnt/h/AETHIEAOPSYS/CLOUD_CLONE/DATA/MEMORY/ANCHORS/2026-05-16T01-14-12Z_cloud_clone_sync.json
2026-05-15T21:14:36.0000000000Z	1030	/mnt/h/AETHIEAOPSYS/DATA/MEMORY/ANCHORS/2026-05-16T01-14-12Z_cloud_clone_sync.json
2026-05-15T21:19:58.0000000000Z	1030	/mnt/h/AETHIEAOPSYS/CLOUD_CLONE/DATA/MEMORY/ANCHORS/2026-05-16T01-19-35Z_cloud_clone_sync.json
2026-05-15T21:19:58.0000000000Z	1030	/mnt/h/AETHIEAOPSYS/DATA/MEMORY/ANCHORS/2026-05-16T01-19-35Z_cloud_clone_sync.json
2026-05-15T21:47:26.0000000000Z	1030	/mnt/h/AETHIEAOPSYS/CLOUD_CLONE/DATA/MEMORY/ANCHORS/2026-05-16T01-47-08Z_cloud_clone_sync.json
2026-05-15T21:47:26.0000000000Z	1030	/mnt/h/AETHIEAOPSYS/DATA/MEMORY/ANCHORS/2026-05-16T01-47-08Z_cloud_clone_sync.json
2026-05-15T22:38:02.0000000000Z	1030	/mnt/h/AETHIEAOPSYS/CLOUD_CLONE/DATA/MEMORY/ANCHORS/2026-05-16T02-37-43Z_cloud_clone_sync.json
2026-05-15T22:38:02.0000000000Z	1030	/mnt/h/AETHIEAOPSYS/DATA/MEMORY/ANCHORS/2026-05-16T02-37-43Z_cloud_clone_sync.json
2026-05-15T22:44:02.0000000000Z	1030	/mnt/h/AETHIEAOPSYS/CLOUD_CLONE/DATA/MEMORY/ANCHORS/2026-05-16T02-43-42Z_cloud_clone_sync.json
2026-05-15T22:44:02.0000000000Z	1030	/mnt/h/AETHIEAOPSYS/DATA/MEMORY/ANCHORS/2026-05-16T02-43-42Z_cloud_clone_sync.json
2026-05-15T22:49:20.0000000000Z	1030	/mnt/h/AETHIEAOPSYS/CLOUD_CLONE/DATA/MEMORY/ANCHORS/2026-05-16T02-49-00Z_cloud_clone_sync.json
2026-05-15T22:49:20.0000000000Z	1030	/mnt/h/AETHIEAOPSYS/DATA/MEMORY/ANCHORS/2026-05-16T02-49-00Z_cloud_clone_sync.json
2026-05-15T23:11:06.0000000000Z	1030	/mnt/h/AETHIEAOPSYS/CLOUD_CLONE/DATA/MEMORY/ANCHORS/2026-05-16T03-10-48Z_cloud_clone_sync.json
2026-05-15T23:11:06.0000000000Z	1030	/mnt/h/AETHIEAOPSYS/DATA/MEMORY/ANCHORS/2026-05-16T03-10-48Z_cloud_clone_sync.json
2026-05-15T23:16:24.0000000000Z	1030	/mnt/h/AETHIEAOPSYS/CLOUD_CLONE/DATA/MEMORY/ANCHORS/2026-05-16T03-16-05Z_cloud_clone_sync.json
2026-05-15T23:16:24.0000000000Z	1030	/mnt/h/AETHIEAOPSYS/DATA/MEMORY/ANCHORS/2026-05-16T03-16-05Z_cloud_clone_sync.json
2026-05-15T23:21:42.0000000000Z	1030	/mnt/h/AETHIEAOPSYS/CLOUD_CLONE/DATA/MEMORY/ANCHORS/2026-05-16T03-21-23Z_cloud_clone_sync.json
2026-05-15T23:21:42.0000000000Z	1030	/mnt/h/AETHIEAOPSYS/DATA/MEMORY/ANCHORS/2026-05-16T03-21-23Z_cloud_clone_sync.json
2026-05-16T01:33:00.0000000000Z	1030	/mnt/h/AETHIEAOPSYS/DATA/MEMORY/ANCHORS/2026-05-16T05-32-43Z_cloud_clone_sync.json
2026-05-16T01:33:02.0000000000Z	1030	/mnt/h/AETHIEAOPSYS/CLOUD_CLONE/DATA/MEMORY/ANCHORS/2026-05-16T05-32-43Z_cloud_clone_sync.json
2026-05-16T01:41:00.0000000000Z	1030	/mnt/h/AETHIEAOPSYS/CLOUD_CLONE/DATA/MEMORY/ANCHORS/2026-05-16T05-40-42Z_cloud_clone_sync.json
2026-05-16T01:41:00.0000000000Z	1030	/mnt/h/AETHIEAOPSYS/DATA/MEMORY/ANCHORS/2026-05-16T05-40-42Z_cloud_clone_sync.json
2026-05-16T06:20:42.0000000000Z	1030	/mnt/h/AETHIEAOPSYS/CLOUD_CLONE/DATA/MEMORY/ANCHORS/2026-05-16T10-20-22Z_cloud_clone_sync.json
2026-05-16T06:20:42.0000000000Z	1030	/mnt/h/AETHIEAOPSYS/DATA/MEMORY/ANCHORS/2026-05-16T10-20-22Z_cloud_clone_sync.json
2026-05-16T07:44:22.0000000000Z	1030	/mnt/h/AETHIEAOPSYS/CLOUD_CLONE/DATA/MEMORY/ANCHORS/2026-05-16T11-44-04Z_cloud_clone_sync.json
2026-05-16T07:44:22.0000000000Z	1030	/mnt/h/AETHIEAOPSYS/DATA/MEMORY/ANCHORS/2026-05-16T11-44-04Z_cloud_clone_sync.json
2026-05-17T08:55:54.0000000000Z	1030	/mnt/h/AETHIEAOPSYS/CLOUD_CLONE/DATA/MEMORY/ANCHORS/2026-05-17T12-55-28Z_cloud_clone_sync.json
2026-05-17T08:55:54.0000000000Z	1030	/mnt/h/AETHIEAOPSYS/DATA/MEMORY/ANCHORS/2026-05-17T12-55-28Z_cloud_clone_sync.json
2026-05-17T09:01:18.0000000000Z	1030	/mnt/h/AETHIEAOPSYS/CLOUD_CLONE/DATA/MEMORY/ANCHORS/2026-05-17T13-00-53Z_cloud_clone_sync.json
2026-05-17T09:01:18.0000000000Z	1030	/mnt/h/AETHIEAOPSYS/DATA/MEMORY/ANCHORS/2026-05-17T13-00-53Z_cloud_clone_sync.json
2026-05-17T09:06:44.0000000000Z	1030	/mnt/h/AETHIEAOPSYS/DATA/MEMORY/ANCHORS/2026-05-17T13-06-17Z_cloud_clone_sync.json
2026-05-17T09:06:46.0000000000Z	1030	/mnt/h/AETHIEAOPSYS/CLOUD_CLONE/DATA/MEMORY/ANCHORS/2026-05-17T13-06-17Z_cloud_clone_sync.json
2026-05-17T09:12:22.0000000000Z	1030	/mnt/h/AETHIEAOPSYS/DATA/MEMORY/ANCHORS/2026-05-17T13-11-48Z_cloud_clone_sync.json
2026-05-17T09:12:24.0000000000Z	1030	/mnt/h/AETHIEAOPSYS/CLOUD_CLONE/DATA/MEMORY/ANCHORS/2026-05-17T13-11-48Z_cloud_clone_sync.json
2026-05-17T09:18:10.0000000000Z	1030	/mnt/h/AETHIEAOPSYS/CLOUD_CLONE/DATA/MEMORY/ANCHORS/2026-05-17T13-17-40Z_cloud_clone_sync.json
2026-05-17T09:18:10.0000000000Z	1030	/mnt/h/AETHIEAOPSYS/DATA/MEMORY/ANCHORS/2026-05-17T13-17-40Z_cloud_clone_sync.json
2026-05-17T09:24:20.0000000000Z	1030	/mnt/h/AETHIEAOPSYS/CLOUD_CLONE/DATA/MEMORY/ANCHORS/2026-05-17T13-23-37Z_cloud_clone_sync.json
2026-05-17T09:24:20.0000000000Z	1030	/mnt/h/AETHIEAOPSYS/DATA/MEMORY/ANCHORS/2026-05-17T13-23-37Z_cloud_clone_sync.json
2026-05-17T09:30:28.0000000000Z	1030	/mnt/h/AETHIEAOPSYS/CLOUD_CLONE/DATA/MEMORY/ANCHORS/2026-05-17T13-29-48Z_cloud_clone_sync.json
2026-05-17T09:30:28.0000000000Z	1030	/mnt/h/AETHIEAOPSYS/DATA/MEMORY/ANCHORS/2026-05-17T13-29-48Z_cloud_clone_sync.json
2026-05-17T09:36:26.0000000000Z	1030	/mnt/h/AETHIEAOPSYS/CLOUD_CLONE/DATA/MEMORY/ANCHORS/2026-05-17T13-35-54Z_cloud_clone_sync.json
2026-05-17T09:36:26.0000000000Z	1030	/mnt/h/AETHIEAOPSYS/DATA/MEMORY/ANCHORS/2026-05-17T13-35-54Z_cloud_clone_sync.json
2026-05-17T09:42:16.0000000000Z	1030	/mnt/h/AETHIEAOPSYS/CLOUD_CLONE/DATA/MEMORY/ANCHORS/2026-05-17T13-41-53Z_cloud_clone_sync.json
2026-05-17T09:42:16.0000000000Z	1030	/mnt/h/AETHIEAOPSYS/DATA/MEMORY/ANCHORS/2026-05-17T13-41-53Z_cloud_clone_sync.json
2026-05-17T09:48:02.0000000000Z	1030	/mnt/h/AETHIEAOPSYS/CLOUD_CLONE/DATA/MEMORY/ANCHORS/2026-05-17T13-47-41Z_cloud_clone_sync.json
2026-05-17T09:48:02.0000000000Z	1030	/mnt/h/AETHIEAOPSYS/DATA/MEMORY/ANCHORS/2026-05-17T13-47-41Z_cloud_clone_sync.json
2026-05-17T09:53:46.0000000000Z	1030	/mnt/h/AETHIEAOPSYS/CLOUD_CLONE/DATA/MEMORY/ANCHORS/2026-05-17T13-53-28Z_cloud_clone_sync.json
2026-05-17T09:53:46.0000000000Z	1030	/mnt/h/AETHIEAOPSYS/DATA/MEMORY/ANCHORS/2026-05-17T13-53-28Z_cloud_clone_sync.json
2026-05-17T09:59:36.0000000000Z	1030	/mnt/h/AETHIEAOPSYS/CLOUD_CLONE/DATA/MEMORY/ANCHORS/2026-05-17T13-59-16Z_cloud_clone_sync.json
2026-05-17T09:59:36.0000000000Z	1030	/mnt/h/AETHIEAOPSYS/DATA/MEMORY/ANCHORS/2026-05-17T13-59-16Z_cloud_clone_sync.json
2026-05-17T10:05:26.0000000000Z	1030	/mnt/h/AETHIEAOPSYS/CLOUD_CLONE/DATA/MEMORY/ANCHORS/2026-05-17T14-05-08Z_cloud_clone_sync.json
2026-05-17T10:05:26.0000000000Z	1030	/mnt/h/AETHIEAOPSYS/DATA/MEMORY/ANCHORS/2026-05-17T14-05-08Z_cloud_clone_sync.json
2026-05-17T10:11:18.0000000000Z	1030	/mnt/h/AETHIEAOPSYS/CLOUD_CLONE/DATA/MEMORY/ANCHORS/2026-05-17T14-10-59Z_cloud_clone_sync.json
2026-05-17T10:11:18.0000000000Z	1030	/mnt/h/AETHIEAOPSYS/DATA/MEMORY/ANCHORS/2026-05-17T14-10-59Z_cloud_clone_sync.json
2026-05-17T10:17:06.0000000000Z	1030	/mnt/h/AETHIEAOPSYS/DATA/MEMORY/ANCHORS/2026-05-17T14-16-50Z_cloud_clone_sync.json
2026-05-17T10:17:08.0000000000Z	1030	/mnt/h/AETHIEAOPSYS/CLOUD_CLONE/DATA/MEMORY/ANCHORS/2026-05-17T14-16-50Z_cloud_clone_sync.json
2026-05-17T10:23:02.0000000000Z	1030	/mnt/h/AETHIEAOPSYS/CLOUD_CLONE/DATA/MEMORY/ANCHORS/2026-05-17T14-22-39Z_cloud_clone_sync.json
2026-05-17T10:23:02.0000000000Z	1030	/mnt/h/AETHIEAOPSYS/DATA/MEMORY/ANCHORS/2026-05-17T14-22-39Z_cloud_clone_sync.json
2026-05-17T10:28:56.0000000000Z	1030	/mnt/h/AETHIEAOPSYS/CLOUD_CLONE/DATA/MEMORY/ANCHORS/2026-05-17T14-28-33Z_cloud_clone_sync.json
2026-05-17T10:28:56.0000000000Z	1030	/mnt/h/AETHIEAOPSYS/DATA/MEMORY/ANCHORS/2026-05-17T14-28-33Z_cloud_clone_sync.json
2026-05-17T10:34:48.0000000000Z	1030	/mnt/h/AETHIEAOPSYS/CLOUD_CLONE/DATA/MEMORY/ANCHORS/2026-05-17T14-34-28Z_cloud_clone_sync.json
2026-05-17T10:34:48.0000000000Z	1030	/mnt/h/AETHIEAOPSYS/DATA/MEMORY/ANCHORS/2026-05-17T14-34-28Z_cloud_clone_sync.json
2026-05-17T10:40:40.0000000000Z	1030	/mnt/h/AETHIEAOPSYS/CLOUD_CLONE/DATA/MEMORY/ANCHORS/2026-05-17T14-40-20Z_cloud_clone_sync.json
2026-05-17T10:40:40.0000000000Z	1030	/mnt/h/AETHIEAOPSYS/DATA/MEMORY/ANCHORS/2026-05-17T14-40-20Z_cloud_clone_sync.json
2026-05-17T10:46:32.0000000000Z	1030	/mnt/h/AETHIEAOPSYS/CLOUD_CLONE/DATA/MEMORY/ANCHORS/2026-05-17T14-46-13Z_cloud_clone_sync.json
2026-05-17T10:46:32.0000000000Z	1030	/mnt/h/AETHIEAOPSYS/DATA/MEMORY/ANCHORS/2026-05-17T14-46-13Z_cloud_clone_sync.json
2026-05-17T10:52:26.0000000000Z	1030	/mnt/h/AETHIEAOPSYS/CLOUD_CLONE/DATA/MEMORY/ANCHORS/2026-05-17T14-52-06Z_cloud_clone_sync.json
2026-05-17T10:52:26.0000000000Z	1030	/mnt/h/AETHIEAOPSYS/DATA/MEMORY/ANCHORS/2026-05-17T14-52-06Z_cloud_clone_sync.json
2026-05-17T10:58:18.0000000000Z	1030	/mnt/h/AETHIEAOPSYS/CLOUD_CLONE/DATA/MEMORY/ANCHORS/2026-05-17T14-58-00Z_cloud_clone_sync.json
2026-05-17T10:58:18.0000000000Z	1030	/mnt/h/AETHIEAOPSYS/DATA/MEMORY/ANCHORS/2026-05-17T14-58-00Z_cloud_clone_sync.json
2026-05-17T11:04:10.0000000000Z	1030	/mnt/h/AETHIEAOPSYS/CLOUD_CLONE/DATA/MEMORY/ANCHORS/2026-05-17T15-03-49Z_cloud_clone_sync.json
2026-05-17T11:04:10.0000000000Z	1030	/mnt/h/AETHIEAOPSYS/DATA/MEMORY/ANCHORS/2026-05-17T15-03-49Z_cloud_clone_sync.json
2026-05-17T11:10:02.0000000000Z	1030	/mnt/h/AETHIEAOPSYS/CLOUD_CLONE/DATA/MEMORY/ANCHORS/2026-05-17T15-09-42Z_cloud_clone_sync.json
2026-05-17T11:10:02.0000000000Z	1030	/mnt/h/AETHIEAOPSYS/DATA/MEMORY/ANCHORS/2026-05-17T15-09-42Z_cloud_clone_sync.json
2026-05-17T11:15:46.0000000000Z	1030	/mnt/h/AETHIEAOPSYS/CLOUD_CLONE/DATA/MEMORY/ANCHORS/2026-05-17T15-15-28Z_cloud_clone_sync.json
2026-05-17T11:15:46.0000000000Z	1030	/mnt/h/AETHIEAOPSYS/DATA/MEMORY/ANCHORS/2026-05-17T15-15-28Z_cloud_clone_sync.json
2026-05-17T11:21:04.0000000000Z	1030	/mnt/h/AETHIEAOPSYS/CLOUD_CLONE/DATA/MEMORY/ANCHORS/2026-05-17T15-20-45Z_cloud_clone_sync.json
2026-05-17T11:21:04.0000000000Z	1030	/mnt/h/AETHIEAOPSYS/DATA/MEMORY/ANCHORS/2026-05-17T15-20-45Z_cloud_clone_sync.json
2026-05-17T11:26:22.0000000000Z	1030	/mnt/h/AETHIEAOPSYS/CLOUD_CLONE/DATA/MEMORY/ANCHORS/2026-05-17T15-26-03Z_cloud_clone_sync.json
2026-05-17T11:26:22.0000000000Z	1030	/mnt/h/AETHIEAOPSYS/DATA/MEMORY/ANCHORS/2026-05-17T15-26-03Z_cloud_clone_sync.json
2026-05-17T11:31:40.0000000000Z	1030	/mnt/h/AETHIEAOPSYS/CLOUD_CLONE/DATA/MEMORY/ANCHORS/2026-05-17T15-31-21Z_cloud_clone_sync.json
2026-05-17T11:31:40.0000000000Z	1030	/mnt/h/AETHIEAOPSYS/DATA/MEMORY/ANCHORS/2026-05-17T15-31-21Z_cloud_clone_sync.json
2026-05-17T11:36:58.0000000000Z	1030	/mnt/h/AETHIEAOPSYS/CLOUD_CLONE/DATA/MEMORY/ANCHORS/2026-05-17T15-36-39Z_cloud_clone_sync.json
2026-05-17T11:36:58.0000000000Z	1030	/mnt/h/AETHIEAOPSYS/DATA/MEMORY/ANCHORS/2026-05-17T15-36-39Z_cloud_clone_sync.json
2026-05-17T11:42:16.0000000000Z	1030	/mnt/h/AETHIEAOPSYS/CLOUD_CLONE/DATA/MEMORY/ANCHORS/2026-05-17T15-41-57Z_cloud_clone_sync.json
2026-05-17T11:42:16.0000000000Z	1030	/mnt/h/AETHIEAOPSYS/DATA/MEMORY/ANCHORS/2026-05-17T15-41-57Z_cloud_clone_sync.json
2026-05-17T11:47:34.0000000000Z	1030	/mnt/h/AETHIEAOPSYS/CLOUD_CLONE/DATA/MEMORY/ANCHORS/2026-05-17T15-47-15Z_cloud_clone_sync.json
2026-05-17T11:47:34.0000000000Z	1030	/mnt/h/AETHIEAOPSYS/DATA/MEMORY/ANCHORS/2026-05-17T15-47-15Z_cloud_clone_sync.json
2026-05-17T11:52:52.0000000000Z	1030	/mnt/h/AETHIEAOPSYS/CLOUD_CLONE/DATA/MEMORY/ANCHORS/2026-05-17T15-52-33Z_cloud_clone_sync.json
2026-05-17T11:52:52.0000000000Z	1030	/mnt/h/AETHIEAOPSYS/DATA/MEMORY/ANCHORS/2026-05-17T15-52-33Z_cloud_clone_sync.json
2026-05-17T11:58:10.0000000000Z	1030	/mnt/h/AETHIEAOPSYS/CLOUD_CLONE/DATA/MEMORY/ANCHORS/2026-05-17T15-57-51Z_cloud_clone_sync.json
2026-05-17T11:58:10.0000000000Z	1030	/mnt/h/AETHIEAOPSYS/DATA/MEMORY/ANCHORS/2026-05-17T15-57-51Z_cloud_clone_sync.json
2026-05-17T12:03:30.0000000000Z	1030	/mnt/h/AETHIEAOPSYS/CLOUD_CLONE/DATA/MEMORY/ANCHORS/2026-05-17T16-03-09Z_cloud_clone_sync.json
2026-05-17T12:03:30.0000000000Z	1030	/mnt/h/AETHIEAOPSYS/DATA/MEMORY/ANCHORS/2026-05-17T16-03-09Z_cloud_clone_sync.json
2026-05-17T12:08:46.0000000000Z	1030	/mnt/h/AETHIEAOPSYS/CLOUD_CLONE/DATA/MEMORY/ANCHORS/2026-05-17T16-08-28Z_cloud_clone_sync.json
2026-05-17T12:08:46.0000000000Z	1030	/mnt/h/AETHIEAOPSYS/DATA/MEMORY/ANCHORS/2026-05-17T16-08-28Z_cloud_clone_sync.json
2026-05-17T12:14:04.0000000000Z	1030	/mnt/h/AETHIEAOPSYS/CLOUD_CLONE/DATA/MEMORY/ANCHORS/2026-05-17T16-13-45Z_cloud_clone_sync.json
2026-05-17T12:14:04.0000000000Z	1030	/mnt/h/AETHIEAOPSYS/DATA/MEMORY/ANCHORS/2026-05-17T16-13-45Z_cloud_clone_sync.json
2026-05-17T12:19:22.0000000000Z	1030	/mnt/h/AETHIEAOPSYS/CLOUD_CLONE/DATA/MEMORY/ANCHORS/2026-05-17T16-19-03Z_cloud_clone_sync.json
2026-05-17T12:19:22.0000000000Z	1030	/mnt/h/AETHIEAOPSYS/DATA/MEMORY/ANCHORS/2026-05-17T16-19-03Z_cloud_clone_sync.json
2026-05-17T12:24:42.0000000000Z	1030	/mnt/h/AETHIEAOPSYS/CLOUD_CLONE/DATA/MEMORY/ANCHORS/2026-05-17T16-24-21Z_cloud_clone_sync.json
2026-05-17T12:24:42.0000000000Z	1030	/mnt/h/AETHIEAOPSYS/DATA/MEMORY/ANCHORS/2026-05-17T16-24-21Z_cloud_clone_sync.json
2026-05-17T12:30:00.0000000000Z	1030	/mnt/h/AETHIEAOPSYS/CLOUD_CLONE/DATA/MEMORY/ANCHORS/2026-05-17T16-29-40Z_cloud_clone_sync.json
2026-05-17T12:30:00.0000000000Z	1030	/mnt/h/AETHIEAOPSYS/DATA/MEMORY/ANCHORS/2026-05-17T16-29-40Z_cloud_clone_sync.json
2026-05-17T12:35:18.0000000000Z	1030	/mnt/h/AETHIEAOPSYS/CLOUD_CLONE/DATA/MEMORY/ANCHORS/2026-05-17T16-34-58Z_cloud_clone_sync.json
2026-05-17T12:35:18.0000000000Z	1030	/mnt/h/AETHIEAOPSYS/DATA/MEMORY/ANCHORS/2026-05-17T16-34-58Z_cloud_clone_sync.json
2026-05-17T12:40:36.0000000000Z	1030	/mnt/h/AETHIEAOPSYS/CLOUD_CLONE/DATA/MEMORY/ANCHORS/2026-05-17T16-40-16Z_cloud_clone_sync.json
2026-05-17T12:40:36.0000000000Z	1030	/mnt/h/AETHIEAOPSYS/DATA/MEMORY/ANCHORS/2026-05-17T16-40-16Z_cloud_clone_sync.json
2026-05-17T12:45:54.0000000000Z	1030	/mnt/h/AETHIEAOPSYS/CLOUD_CLONE/DATA/MEMORY/ANCHORS/2026-05-17T16-45-35Z_cloud_clone_sync.json
2026-05-17T12:45:54.0000000000Z	1030	/mnt/h/AETHIEAOPSYS/DATA/MEMORY/ANCHORS/2026-05-17T16-45-35Z_cloud_clone_sync.json
2026-05-17T12:51:12.0000000000Z	1030	/mnt/h/AETHIEAOPSYS/CLOUD_CLONE/DATA/MEMORY/ANCHORS/2026-05-17T16-50-53Z_cloud_clone_sync.json
2026-05-17T12:51:12.0000000000Z	1030	/mnt/h/AETHIEAOPSYS/DATA/MEMORY/ANCHORS/2026-05-17T16-50-53Z_cloud_clone_sync.json
2026-05-17T12:56:32.0000000000Z	1030	/mnt/h/AETHIEAOPSYS/CLOUD_CLONE/DATA/MEMORY/ANCHORS/2026-05-17T16-56-11Z_cloud_clone_sync.json
2026-05-17T12:56:32.0000000000Z	1030	/mnt/h/AETHIEAOPSYS/DATA/MEMORY/ANCHORS/2026-05-17T16-56-11Z_cloud_clone_sync.json
2026-05-17T13:01:50.0000000000Z	1030	/mnt/h/AETHIEAOPSYS/CLOUD_CLONE/DATA/MEMORY/ANCHORS/2026-05-17T17-01-30Z_cloud_clone_sync.json
2026-05-17T13:01:50.0000000000Z	1030	/mnt/h/AETHIEAOPSYS/DATA/MEMORY/ANCHORS/2026-05-17T17-01-30Z_cloud_clone_sync.json
2026-05-17T13:07:08.0000000000Z	1030	/mnt/h/AETHIEAOPSYS/CLOUD_CLONE/DATA/MEMORY/ANCHORS/2026-05-17T17-06-49Z_cloud_clone_sync.json
2026-05-17T13:07:08.0000000000Z	1030	/mnt/h/AETHIEAOPSYS/DATA/MEMORY/ANCHORS/2026-05-17T17-06-49Z_cloud_clone_sync.json
2026-05-17T13:12:28.0000000000Z	1030	/mnt/h/AETHIEAOPSYS/CLOUD_CLONE/DATA/MEMORY/ANCHORS/2026-05-17T17-12-07Z_cloud_clone_sync.json
2026-05-17T13:12:28.0000000000Z	1030	/mnt/h/AETHIEAOPSYS/DATA/MEMORY/ANCHORS/2026-05-17T17-12-07Z_cloud_clone_sync.json
2026-05-17T13:17:46.0000000000Z	1030	/mnt/h/AETHIEAOPSYS/CLOUD_CLONE/DATA/MEMORY/ANCHORS/2026-05-17T17-17-26Z_cloud_clone_sync.json
2026-05-17T13:17:46.0000000000Z	1030	/mnt/h/AETHIEAOPSYS/DATA/MEMORY/ANCHORS/2026-05-17T17-17-26Z_cloud_clone_sync.json
2026-05-17T13:23:06.0000000000Z	1030	/mnt/h/AETHIEAOPSYS/CLOUD_CLONE/DATA/MEMORY/ANCHORS/2026-05-17T17-22-47Z_cloud_clone_sync.json
2026-05-17T13:23:06.0000000000Z	1030	/mnt/h/AETHIEAOPSYS/DATA/MEMORY/ANCHORS/2026-05-17T17-22-47Z_cloud_clone_sync.json
2026-05-17T13:28:26.0000000000Z	1030	/mnt/h/AETHIEAOPSYS/CLOUD_CLONE/DATA/MEMORY/ANCHORS/2026-05-17T17-28-06Z_cloud_clone_sync.json
2026-05-17T13:28:26.0000000000Z	1030	/mnt/h/AETHIEAOPSYS/DATA/MEMORY/ANCHORS/2026-05-17T17-28-06Z_cloud_clone_sync.json
2026-05-17T13:33:44.0000000000Z	1030	/mnt/h/AETHIEAOPSYS/CLOUD_CLONE/DATA/MEMORY/ANCHORS/2026-05-17T17-33-25Z_cloud_clone_sync.json
2026-05-17T13:33:44.0000000000Z	1030	/mnt/h/AETHIEAOPSYS/DATA/MEMORY/ANCHORS/2026-05-17T17-33-25Z_cloud_clone_sync.json
2026-05-17T13:39:04.0000000000Z	1030	/mnt/h/AETHIEAOPSYS/CLOUD_CLONE/DATA/MEMORY/ANCHORS/2026-05-17T17-38-44Z_cloud_clone_sync.json
2026-05-17T13:39:04.0000000000Z	1030	/mnt/h/AETHIEAOPSYS/DATA/MEMORY/ANCHORS/2026-05-17T17-38-44Z_cloud_clone_sync.json
2026-05-17T13:44:22.0000000000Z	1030	/mnt/h/AETHIEAOPSYS/CLOUD_CLONE/DATA/MEMORY/ANCHORS/2026-05-17T17-44-03Z_cloud_clone_sync.json
2026-05-17T13:44:22.0000000000Z	1030	/mnt/h/AETHIEAOPSYS/DATA/MEMORY/ANCHORS/2026-05-17T17-44-03Z_cloud_clone_sync.json
2026-05-17T13:49:42.0000000000Z	1030	/mnt/h/AETHIEAOPSYS/CLOUD_CLONE/DATA/MEMORY/ANCHORS/2026-05-17T17-49-21Z_cloud_clone_sync.json
2026-05-17T13:49:42.0000000000Z	1030	/mnt/h/AETHIEAOPSYS/DATA/MEMORY/ANCHORS/2026-05-17T17-49-21Z_cloud_clone_sync.json
2026-05-17T13:55:00.0000000000Z	1030	/mnt/h/AETHIEAOPSYS/CLOUD_CLONE/DATA/MEMORY/ANCHORS/2026-05-17T17-54-41Z_cloud_clone_sync.json
2026-05-17T13:55:00.0000000000Z	1030	/mnt/h/AETHIEAOPSYS/DATA/MEMORY/ANCHORS/2026-05-17T17-54-41Z_cloud_clone_sync.json
2026-05-17T14:00:20.0000000000Z	1030	/mnt/h/AETHIEAOPSYS/CLOUD_CLONE/DATA/MEMORY/ANCHORS/2026-05-17T17-59-59Z_cloud_clone_sync.json
2026-05-17T14:00:20.0000000000Z	1030	/mnt/h/AETHIEAOPSYS/DATA/MEMORY/ANCHORS/2026-05-17T17-59-59Z_cloud_clone_sync.json
2026-05-17T14:05:38.0000000000Z	1030	/mnt/h/AETHIEAOPSYS/CLOUD_CLONE/DATA/MEMORY/ANCHORS/2026-05-17T18-05-18Z_cloud_clone_sync.json
2026-05-17T14:05:38.0000000000Z	1030	/mnt/h/AETHIEAOPSYS/DATA/MEMORY/ANCHORS/2026-05-17T18-05-18Z_cloud_clone_sync.json
2026-05-17T14:10:56.0000000000Z	1030	/mnt/h/AETHIEAOPSYS/CLOUD_CLONE/DATA/MEMORY/ANCHORS/2026-05-17T18-10-36Z_cloud_clone_sync.json
2026-05-17T14:10:56.0000000000Z	1030	/mnt/h/AETHIEAOPSYS/DATA/MEMORY/ANCHORS/2026-05-17T18-10-36Z_cloud_clone_sync.json
2026-05-17T14:16:14.0000000000Z	1030	/mnt/h/AETHIEAOPSYS/CLOUD_CLONE/DATA/MEMORY/ANCHORS/2026-05-17T18-15-55Z_cloud_clone_sync.json
2026-05-17T14:16:14.0000000000Z	1030	/mnt/h/AETHIEAOPSYS/DATA/MEMORY/ANCHORS/2026-05-17T18-15-55Z_cloud_clone_sync.json
2026-05-17T14:21:34.0000000000Z	1030	/mnt/h/AETHIEAOPSYS/CLOUD_CLONE/DATA/MEMORY/ANCHORS/2026-05-17T18-21-13Z_cloud_clone_sync.json
2026-05-17T14:21:34.0000000000Z	1030	/mnt/h/AETHIEAOPSYS/DATA/MEMORY/ANCHORS/2026-05-17T18-21-13Z_cloud_clone_sync.json
2026-05-17T14:26:54.0000000000Z	1030	/mnt/h/AETHIEAOPSYS/CLOUD_CLONE/DATA/MEMORY/ANCHORS/2026-05-17T18-26-33Z_cloud_clone_sync.json
2026-05-17T14:26:54.0000000000Z	1030	/mnt/h/AETHIEAOPSYS/DATA/MEMORY/ANCHORS/2026-05-17T18-26-33Z_cloud_clone_sync.json
2026-05-17T14:32:12.0000000000Z	1030	/mnt/h/AETHIEAOPSYS/CLOUD_CLONE/DATA/MEMORY/ANCHORS/2026-05-17T18-31-52Z_cloud_clone_sync.json
2026-05-17T14:32:12.0000000000Z	1030	/mnt/h/AETHIEAOPSYS/DATA/MEMORY/ANCHORS/2026-05-17T18-31-52Z_cloud_clone_sync.json
2026-05-17T14:37:32.0000000000Z	1030	/mnt/h/AETHIEAOPSYS/CLOUD_CLONE/DATA/MEMORY/ANCHORS/2026-05-17T18-37-11Z_cloud_clone_sync.json
2026-05-17T14:37:32.0000000000Z	1030	/mnt/h/AETHIEAOPSYS/DATA/MEMORY/ANCHORS/2026-05-17T18-37-11Z_cloud_clone_sync.json
2026-05-17T14:42:50.0000000000Z	1030	/mnt/h/AETHIEAOPSYS/CLOUD_CLONE/DATA/MEMORY/ANCHORS/2026-05-17T18-42-30Z_cloud_clone_sync.json
2026-05-17T14:42:50.0000000000Z	1030	/mnt/h/AETHIEAOPSYS/DATA/MEMORY/ANCHORS/2026-05-17T18-42-30Z_cloud_clone_sync.json
2026-05-17T14:48:08.0000000000Z	1030	/mnt/h/AETHIEAOPSYS/CLOUD_CLONE/DATA/MEMORY/ANCHORS/2026-05-17T18-47-49Z_cloud_clone_sync.json
2026-05-17T14:48:08.0000000000Z	1030	/mnt/h/AETHIEAOPSYS/DATA/MEMORY/ANCHORS/2026-05-17T18-47-49Z_cloud_clone_sync.json
2026-05-17T14:53:28.0000000000Z	1030	/mnt/h/AETHIEAOPSYS/CLOUD_CLONE/DATA/MEMORY/ANCHORS/2026-05-17T18-53-08Z_cloud_clone_sync.json
2026-05-17T14:53:28.0000000000Z	1030	/mnt/h/AETHIEAOPSYS/DATA/MEMORY/ANCHORS/2026-05-17T18-53-08Z_cloud_clone_sync.json
2026-05-17T14:58:48.0000000000Z	1030	/mnt/h/AETHIEAOPSYS/CLOUD_CLONE/DATA/MEMORY/ANCHORS/2026-05-17T18-58-27Z_cloud_clone_sync.json
2026-05-17T14:58:48.0000000000Z	1030	/mnt/h/AETHIEAOPSYS/DATA/MEMORY/ANCHORS/2026-05-17T18-58-27Z_cloud_clone_sync.json
2026-05-17T15:04:06.0000000000Z	1030	/mnt/h/AETHIEAOPSYS/CLOUD_CLONE/DATA/MEMORY/ANCHORS/2026-05-17T19-03-46Z_cloud_clone_sync.json
2026-05-17T15:04:06.0000000000Z	1030	/mnt/h/AETHIEAOPSYS/DATA/MEMORY/ANCHORS/2026-05-17T19-03-46Z_cloud_clone_sync.json
2026-05-17T15:09:26.0000000000Z	1030	/mnt/h/AETHIEAOPSYS/CLOUD_CLONE/DATA/MEMORY/ANCHORS/2026-05-17T19-09-04Z_cloud_clone_sync.json
2026-05-17T15:09:26.0000000000Z	1030	/mnt/h/AETHIEAOPSYS/DATA/MEMORY/ANCHORS/2026-05-17T19-09-04Z_cloud_clone_sync.json
2026-05-17T15:14:44.0000000000Z	1030	/mnt/h/AETHIEAOPSYS/CLOUD_CLONE/DATA/MEMORY/ANCHORS/2026-05-17T19-14-24Z_cloud_clone_sync.json
2026-05-17T15:14:44.0000000000Z	1030	/mnt/h/AETHIEAOPSYS/DATA/MEMORY/ANCHORS/2026-05-17T19-14-24Z_cloud_clone_sync.json
2026-05-17T15:20:02.0000000000Z	1030	/mnt/h/AETHIEAOPSYS/CLOUD_CLONE/DATA/MEMORY/ANCHORS/2026-05-17T19-19-43Z_cloud_clone_sync.json
2026-05-17T15:20:02.0000000000Z	1030	/mnt/h/AETHIEAOPSYS/DATA/MEMORY/ANCHORS/2026-05-17T19-19-43Z_cloud_clone_sync.json
2026-05-17T22:11:54.0000000000Z	1030	/mnt/h/AETHIEAOPSYS/CLOUD_CLONE/DATA/MEMORY/ANCHORS/2026-05-18T02-11-35Z_cloud_clone_sync.json
2026-05-17T22:11:54.0000000000Z	1030	/mnt/h/AETHIEAOPSYS/DATA/MEMORY/ANCHORS/2026-05-18T02-11-35Z_cloud_clone_sync.json
2026-05-17T22:17:12.0000000000Z	1030	/mnt/h/AETHIEAOPSYS/CLOUD_CLONE/DATA/MEMORY/ANCHORS/2026-05-18T02-16-53Z_cloud_clone_sync.json
2026-05-17T22:17:12.0000000000Z	1030	/mnt/h/AETHIEAOPSYS/DATA/MEMORY/ANCHORS/2026-05-18T02-16-53Z_cloud_clone_sync.json
2026-05-17T22:22:30.0000000000Z	1030	/mnt/h/AETHIEAOPSYS/CLOUD_CLONE/DATA/MEMORY/ANCHORS/2026-05-18T02-22-11Z_cloud_clone_sync.json
2026-05-17T22:22:30.0000000000Z	1030	/mnt/h/AETHIEAOPSYS/DATA/MEMORY/ANCHORS/2026-05-18T02-22-11Z_cloud_clone_sync.json
2026-05-17T22:27:52.0000000000Z	1030	/mnt/h/AETHIEAOPSYS/CLOUD_CLONE/DATA/MEMORY/ANCHORS/2026-05-18T02-27-29Z_cloud_clone_sync.json
2026-05-17T22:27:52.0000000000Z	1030	/mnt/h/AETHIEAOPSYS/DATA/MEMORY/ANCHORS/2026-05-18T02-27-29Z_cloud_clone_sync.json
2026-05-17T22:33:10.0000000000Z	1030	/mnt/h/AETHIEAOPSYS/CLOUD_CLONE/DATA/MEMORY/ANCHORS/2026-05-18T02-32-50Z_cloud_clone_sync.json
2026-05-17T22:33:10.0000000000Z	1030	/mnt/h/AETHIEAOPSYS/DATA/MEMORY/ANCHORS/2026-05-18T02-32-50Z_cloud_clone_sync.json
2026-05-17T22:38:32.0000000000Z	1030	/mnt/h/AETHIEAOPSYS/CLOUD_CLONE/DATA/MEMORY/ANCHORS/2026-05-18T02-38-09Z_cloud_clone_sync.json
2026-05-17T22:38:32.0000000000Z	1030	/mnt/h/AETHIEAOPSYS/DATA/MEMORY/ANCHORS/2026-05-18T02-38-09Z_cloud_clone_sync.json
2026-05-17T22:43:48.0000000000Z	1030	/mnt/h/AETHIEAOPSYS/CLOUD_CLONE/DATA/MEMORY/ANCHORS/2026-05-18T02-43-30Z_cloud_clone_sync.json
2026-05-17T22:43:48.0000000000Z	1030	/mnt/h/AETHIEAOPSYS/DATA/MEMORY/ANCHORS/2026-05-18T02-43-30Z_cloud_clone_sync.json
2026-05-17T22:49:08.0000000000Z	1030	/mnt/h/AETHIEAOPSYS/CLOUD_CLONE/DATA/MEMORY/ANCHORS/2026-05-18T02-48-47Z_cloud_clone_sync.json
2026-05-17T22:49:08.0000000000Z	1030	/mnt/h/AETHIEAOPSYS/DATA/MEMORY/ANCHORS/2026-05-18T02-48-47Z_cloud_clone_sync.json
2026-05-17T22:54:24.0000000000Z	1030	/mnt/h/AETHIEAOPSYS/CLOUD_CLONE/DATA/MEMORY/ANCHORS/2026-05-18T02-54-06Z_cloud_clone_sync.json
2026-05-17T22:54:24.0000000000Z	1030	/mnt/h/AETHIEAOPSYS/DATA/MEMORY/ANCHORS/2026-05-18T02-54-06Z_cloud_clone_sync.json
2026-05-17T22:59:44.0000000000Z	1030	/mnt/h/AETHIEAOPSYS/CLOUD_CLONE/DATA/MEMORY/ANCHORS/2026-05-18T02-59-23Z_cloud_clone_sync.json
2026-05-17T22:59:44.0000000000Z	1030	/mnt/h/AETHIEAOPSYS/DATA/MEMORY/ANCHORS/2026-05-18T02-59-23Z_cloud_clone_sync.json
2026-05-17T23:05:02.0000000000Z	1030	/mnt/h/AETHIEAOPSYS/CLOUD_CLONE/DATA/MEMORY/ANCHORS/2026-05-18T03-04-42Z_cloud_clone_sync.json
2026-05-17T23:05:02.0000000000Z	1030	/mnt/h/AETHIEAOPSYS/DATA/MEMORY/ANCHORS/2026-05-18T03-04-42Z_cloud_clone_sync.json
2026-05-17T23:10:22.0000000000Z	1030	/mnt/h/AETHIEAOPSYS/CLOUD_CLONE/DATA/MEMORY/ANCHORS/2026-05-18T03-10-00Z_cloud_clone_sync.json
2026-05-17T23:10:22.0000000000Z	1030	/mnt/h/AETHIEAOPSYS/DATA/MEMORY/ANCHORS/2026-05-18T03-10-00Z_cloud_clone_sync.json
2026-05-17T23:15:44.0000000000Z	1030	/mnt/h/AETHIEAOPSYS/CLOUD_CLONE/DATA/MEMORY/ANCHORS/2026-05-18T03-15-21Z_cloud_clone_sync.json
2026-05-17T23:15:44.0000000000Z	1030	/mnt/h/AETHIEAOPSYS/DATA/MEMORY/ANCHORS/2026-05-18T03-15-21Z_cloud_clone_sync.json
2026-05-17T23:21:04.0000000000Z	1030	/mnt/h/AETHIEAOPSYS/CLOUD_CLONE/DATA/MEMORY/ANCHORS/2026-05-18T03-20-43Z_cloud_clone_sync.json
2026-05-17T23:21:04.0000000000Z	1030	/mnt/h/AETHIEAOPSYS/DATA/MEMORY/ANCHORS/2026-05-18T03-20-43Z_cloud_clone_sync.json
2026-05-17T23:26:26.0000000000Z	1030	/mnt/h/AETHIEAOPSYS/CLOUD_CLONE/DATA/MEMORY/ANCHORS/2026-05-18T03-26-03Z_cloud_clone_sync.json
2026-05-17T23:26:26.0000000000Z	1030	/mnt/h/AETHIEAOPSYS/DATA/MEMORY/ANCHORS/2026-05-18T03-26-03Z_cloud_clone_sync.json
2026-05-17T23:31:48.0000000000Z	1030	/mnt/h/AETHIEAOPSYS/CLOUD_CLONE/DATA/MEMORY/ANCHORS/2026-05-18T03-31-25Z_cloud_clone_sync.json
2026-05-17T23:31:48.0000000000Z	1030	/mnt/h/AETHIEAOPSYS/DATA/MEMORY/ANCHORS/2026-05-18T03-31-25Z_cloud_clone_sync.json
2026-05-17T23:37:04.0000000000Z	1030	/mnt/h/AETHIEAOPSYS/CLOUD_CLONE/DATA/MEMORY/ANCHORS/2026-05-18T03-36-46Z_cloud_clone_sync.json
2026-05-17T23:37:04.0000000000Z	1030	/mnt/h/AETHIEAOPSYS/DATA/MEMORY/ANCHORS/2026-05-18T03-36-46Z_cloud_clone_sync.json
2026-05-17T23:42:24.0000000000Z	1030	/mnt/h/AETHIEAOPSYS/CLOUD_CLONE/DATA/MEMORY/ANCHORS/2026-05-18T03-42-03Z_cloud_clone_sync.json
2026-05-17T23:42:24.0000000000Z	1030	/mnt/h/AETHIEAOPSYS/DATA/MEMORY/ANCHORS/2026-05-18T03-42-03Z_cloud_clone_sync.json
2026-05-17T23:47:44.0000000000Z	1030	/mnt/h/AETHIEAOPSYS/CLOUD_CLONE/DATA/MEMORY/ANCHORS/2026-05-18T03-47-23Z_cloud_clone_sync.json
2026-05-17T23:47:44.0000000000Z	1030	/mnt/h/AETHIEAOPSYS/DATA/MEMORY/ANCHORS/2026-05-18T03-47-23Z_cloud_clone_sync.json
2026-05-17T23:53:02.0000000000Z	1030	/mnt/h/AETHIEAOPSYS/CLOUD_CLONE/DATA/MEMORY/ANCHORS/2026-05-18T03-52-42Z_cloud_clone_sync.json
2026-05-17T23:53:02.0000000000Z	1030	/mnt/h/AETHIEAOPSYS/DATA/MEMORY/ANCHORS/2026-05-18T03-52-42Z_cloud_clone_sync.json
2026-05-17T23:58:22.0000000000Z	1030	/mnt/h/AETHIEAOPSYS/CLOUD_CLONE/DATA/MEMORY/ANCHORS/2026-05-18T03-58-01Z_cloud_clone_sync.json
2026-05-17T23:58:22.0000000000Z	1030	/mnt/h/AETHIEAOPSYS/DATA/MEMORY/ANCHORS/2026-05-18T03-58-01Z_cloud_clone_sync.json
2026-05-18T00:03:44.0000000000Z	1030	/mnt/h/AETHIEAOPSYS/CLOUD_CLONE/DATA/MEMORY/ANCHORS/2026-05-18T04-03-23Z_cloud_clone_sync.json
2026-05-18T00:03:44.0000000000Z	1030	/mnt/h/AETHIEAOPSYS/DATA/MEMORY/ANCHORS/2026-05-18T04-03-23Z_cloud_clone_sync.json
2026-05-18T00:09:08.0000000000Z	1030	/mnt/h/AETHIEAOPSYS/CLOUD_CLONE/DATA/MEMORY/ANCHORS/2026-05-18T04-08-43Z_cloud_clone_sync.json
2026-05-18T00:09:08.0000000000Z	1030	/mnt/h/AETHIEAOPSYS/DATA/MEMORY/ANCHORS/2026-05-18T04-08-43Z_cloud_clone_sync.json
2026-05-18T00:14:30.0000000000Z	1030	/mnt/h/AETHIEAOPSYS/CLOUD_CLONE/DATA/MEMORY/ANCHORS/2026-05-18T04-14-06Z_cloud_clone_sync.json
2026-05-18T00:14:30.0000000000Z	1030	/mnt/h/AETHIEAOPSYS/DATA/MEMORY/ANCHORS/2026-05-18T04-14-06Z_cloud_clone_sync.json
2026-05-18T00:19:52.0000000000Z	1030	/mnt/h/AETHIEAOPSYS/CLOUD_CLONE/DATA/MEMORY/ANCHORS/2026-05-18T04-19-28Z_cloud_clone_sync.json
2026-05-18T00:19:52.0000000000Z	1030	/mnt/h/AETHIEAOPSYS/DATA/MEMORY/ANCHORS/2026-05-18T04-19-28Z_cloud_clone_sync.json
2026-05-18T00:25:12.0000000000Z	1030	/mnt/h/AETHIEAOPSYS/CLOUD_CLONE/DATA/MEMORY/ANCHORS/2026-05-18T04-24-50Z_cloud_clone_sync.json
2026-05-18T00:25:12.0000000000Z	1030	/mnt/h/AETHIEAOPSYS/DATA/MEMORY/ANCHORS/2026-05-18T04-24-50Z_cloud_clone_sync.json
2026-05-18T00:30:34.0000000000Z	1030	/mnt/h/AETHIEAOPSYS/CLOUD_CLONE/DATA/MEMORY/ANCHORS/2026-05-18T04-30-11Z_cloud_clone_sync.json
2026-05-18T00:30:34.0000000000Z	1030	/mnt/h/AETHIEAOPSYS/DATA/MEMORY/ANCHORS/2026-05-18T04-30-11Z_cloud_clone_sync.json
2026-05-21T06:15:38.0000000000Z	1601	/mnt/h/AETHIEAOPSYS/DATA/MEMORY/STATE/latest_verify_stack.json
2026-05-21T06:35:34.0000000000Z	396	/mnt/h/AETHIEAOPSYS/ENV/SHELL/rubiii_prompt.sh
2026-05-21T07:06:06.0000000000Z	424	/mnt/h/AETHIEAOPSYS/TOOLIO/aeth.before_rubiii_root_patch_20260521T110604Z
2026-05-21T07:08:24.0000000000Z	436	/mnt/h/AETHIEAOPSYS/TOOLIO/aeth.before_inline_patch_20260521T110823Z
2026-05-21T07:08:24.0000000000Z	665	/mnt/h/AETHIEAOPSYS/TOOLIO/aeth
2026-05-22T00:42:00.0000000000Z	395	/mnt/h/AETHIEAOPSYS/TOOLIO/aeth-down
2026-05-22T00:42:02.0000000000Z	320	/mnt/h/AETHIEAOPSYS/LOGS/SYSTEM/surface_runtime.log
2026-05-22T01:41:00.0000000000Z	1705	/mnt/h/AETHIEAOPSYS/ENV/RUNTIME/runtime_resolver.sh
2026-05-22T01:42:16.0000000000Z	1542	/mnt/h/AETHIEAOPSYS/RUN/aether_start.sh
2026-05-22T01:53:04.0000000000Z	1819	/mnt/h/AETHIEAOPSYS/CORE/DOCTRINE/BUTNOTLIMITEDTEWW.md
2026-05-22T01:53:24.0000000000Z	1716	/mnt/h/AETHIEAOPSYS/ENV/SURFACES/register_surface.sh
2026-05-22T02:07:44.0000000000Z	558	/mnt/h/AETHIEAOPSYS/LOGS/BOOT/portable_wake_20260522.log
2026-05-22T02:46:34.0000000000Z	14951	/mnt/h/AETHIEAOPSYS/APT/manifests/rubiii_dpkg_manifest_20260522T064633Z.txt
2026-05-22T02:46:34.0000000000Z	195	/mnt/h/AETHIEAOPSYS/APT/manifests/rubiii_manual_packages_20260522T064633Z.txt
2026-05-22T02:46:38.0000000000Z	36945	/mnt/h/AETHIEAOPSYS/APT/manifests/rubiii_apt_installed_20260522T064635Z.txt
2026-05-22T03:49:54.0000000000Z	721	/mnt/h/AETHIEAOPSYS/APT/receipts/rubiii_apt_manifest_receipt_20260522T0646Z.json
2026-05-22T03:50:02.0000000000Z	721	/mnt/h/AETHIEAOPSYS/DATA/CORP-O/HANDOFFS/rubiii_apt_manifest_receipt_20260522T0646Z.json
2026-05-22T03:55:08.0000000000Z	195	/mnt/h/AETHIEAOPSYS/APT/manifests/rubiii_manual_packages_20260522T075505Z.txt
2026-05-22T03:55:10.0000000000Z	14951	/mnt/h/AETHIEAOPSYS/APT/manifests/rubiii_dpkg_manifest_20260522T075508Z.txt
2026-05-22T04:21:14.0000000000Z	39020697	/mnt/h/AETHIEAOPSYS/TOOLIO/bin/cloudflared
2026-05-22T04:21:16.0000000000Z	836	/mnt/h/AETHIEAOPSYS/TOOLIO/RECEIPTS/cloudflared_aeusb_receipt_20260522T082114Z.json
2026-05-22T04:30:56.0000000000Z	14951	/mnt/h/AETHIEAOPSYS/APT/manifests/rubiii_dpkg_manifest_postupdate_20260522T083054Z.txt
2026-05-22T04:30:56.0000000000Z	195	/mnt/h/AETHIEAOPSYS/APT/manifests/rubiii_manual_packages_postupdate_20260522T083054Z.txt
2026-05-22T04:30:58.0000000000Z	36971	/mnt/h/AETHIEAOPSYS/APT/manifests/rubiii_apt_installed_postupdate_20260522T083057Z.txt
2026-05-22T04:31:14.0000000000Z	381	/mnt/h/AETHIEAOPSYS/APT/receipts/rubiii_apt_update_receipt_20260522T083112Z.json
2026-05-22T06:11:56.0000000000Z	11	/mnt/h/AETHIEAOPSYS/APT/manifests/rubiii_upgradable_after_upgrade_20260522T101154Z.txt
2026-05-22T06:11:56.0000000000Z	14951	/mnt/h/AETHIEAOPSYS/APT/manifests/rubiii_dpkg_manifest_after_upgrade_20260522T101155Z.txt
2026-05-22T06:11:56.0000000000Z	195	/mnt/h/AETHIEAOPSYS/APT/manifests/rubiii_manual_packages_after_upgrade_20260522T101155Z.txt
2026-05-22T06:11:58.0000000000Z	37061	/mnt/h/AETHIEAOPSYS/APT/manifests/rubiii_apt_installed_after_upgrade_20260522T101157Z.txt
2026-05-22T06:12:38.0000000000Z	397	/mnt/h/AETHIEAOPSYS/DATA/CORP-O/HANDOFFS/rubiii_apt_update_handoff_20260522T101236Z.txt
2026-05-22T07:55:10.0000000000Z	1022	/mnt/h/AETHIEAOPSYS/APT/rebuild/rubiii_rebuild_baseline.sh
2026-05-22T07:55:10.0000000000Z	448	/mnt/h/AETHIEAOPSYS/APT/receipts/rubiii_rebuild_script_receipt_20260522T115508Z.json
2026-05-22T08:31:48.0000000000Z	605	/mnt/h/AETHIEAOPSYS/DATA/CORP-O/HERMES/hermes_activation_receipt_20260522T122421Z.json
2026-05-22T09:31:36.0000000000Z	486	/mnt/h/AETHIEAOPSYS/DATA/CORP-O/HERMES/hermes_native_env_receipt_20260522T133134Z.json
2026-05-22T09:44:42.0000000000Z	257	/mnt/h/AETHIEAOPSYS/EXECUTION/RUNTIME/HERMES/runtime/hermes_runtime.env
2026-05-22T10:11:08.0000000000Z	513	/mnt/h/AETHIEAOPSYS/DATA/HERMES/SOUL.md
2026-05-22T10:43:38.7200000000Z	0	/mnt/h/AETHIEAOPSYS/DATA/HERMES/auth.lock
2026-05-22T10:43:48.0000000000Z	2581	/mnt/h/AETHIEAOPSYS/DATA/HERMES/logs/agent.log
2026-05-22T10:43:48.0000000000Z	506	/mnt/h/AETHIEAOPSYS/DATA/HERMES/logs/errors.log
2026-05-22T12:21:00.0000000000Z	634	/mnt/h/AETHIEAOPSYS/DATA/CORP-O/AEUSB/aeusb_rubiii_route_20260522T162058Z.json
2026-05-22T12:21:16.0000000000Z	634	/mnt/h/AETHIEAOPSYS/DATA/CORP-O/AEUSB/aeusb_rubiii_route_20260522T162115Z.json
2026-05-23T17:38:46.0000000000Z	6013	/mnt/h/AETHIEAOPSYS/ENV/SURFACES/bootstrap.sh
2026-05-23T17:46:04.0000000000Z	738633	/mnt/h/AETHIEAOPSYS/LOGS/AUDIT/aeusb_file_overview_20260523T214510Z.txt
2026-05-23T17:56:36.0000000000Z	1384	/mnt/h/AETHIEAOPSYS/LOGS/AUDIT/aeusb_classification_20260523T215615Z.tsv
2026-05-23T17:58:56.0000000000Z	753	/mnt/h/AETHIEAOPSYS/LOGS/AUDIT/aeusb_active_path_policy_20260523T215854Z.txt
2026-05-23T18:53:40.0000000000Z	1639	/mnt/h/AETHIEAOPSYS/LOGS/BOOT/portable_wake_20260523.log
2026-05-23T18:58:46.0000000000Z	120517	/mnt/h/AETHIEAOPSYS/LOGS/AUDIT/aeusb_triage_20260523T225755Z.txt
2026-05-23T19:14:32.0000000000Z	837	/mnt/h/AETHIEAOPSYS/DATA/CONTINUITY_CONSOLIDATED/20260523T231426Z/REPORTS/heavy_continuity_report_20260523T231426Z.txt
2026-05-23T19:14:50.0000000000Z	125339	/mnt/h/AETHIEAOPSYS/DATA/CONTINUITY_CONSOLIDATED/20260523T231426Z/MANIFESTS/DATA_MEMORY_ANCHORS.manifest.txt
2026-05-23T19:14:50.0000000000Z	146	/mnt/h/AETHIEAOPSYS/DATA/CONTINUITY_CONSOLIDATED/20260523T231426Z/MANIFESTS/LOGS_AUDIT.manifest.txt.sha256
2026-05-23T19:14:50.0000000000Z	147	/mnt/h/AETHIEAOPSYS/DATA/CONTINUITY_CONSOLIDATED/20260523T231426Z/MANIFESTS/CLOUD_CLONE.manifest.txt.sha256
2026-05-23T19:14:50.0000000000Z	148	/mnt/h/AETHIEAOPSYS/DATA/CONTINUITY_CONSOLIDATED/20260523T231426Z/MANIFESTS/CORE_BACKUPS.manifest.txt.sha256
2026-05-23T19:14:50.0000000000Z	148	/mnt/h/AETHIEAOPSYS/DATA/CONTINUITY_CONSOLIDATED/20260523T231426Z/MANIFESTS/CORE_PATCHES.manifest.txt.sha256
2026-05-23T19:14:50.0000000000Z	155	/mnt/h/AETHIEAOPSYS/DATA/CONTINUITY_CONSOLIDATED/20260523T231426Z/MANIFESTS/DATA_MEMORY_ANCHORS.manifest.txt.sha256
2026-05-23T19:14:50.0000000000Z	157	/mnt/h/AETHIEAOPSYS/DATA/CONTINUITY_CONSOLIDATED/20260523T231426Z/MANIFESTS/DATA_MEMORY_SNAPSHOTS.manifest.txt.sha256
2026-05-23T19:14:50.0000000000Z	177260	/mnt/h/AETHIEAOPSYS/DATA/CONTINUITY_CONSOLIDATED/20260523T231426Z/MANIFESTS/CLOUD_CLONE.manifest.txt
2026-05-23T19:14:50.0000000000Z	2298	/mnt/h/AETHIEAOPSYS/DATA/CONTINUITY_CONSOLIDATED/20260523T231426Z/MANIFESTS/CORE_BACKUPS.manifest.txt
2026-05-23T19:14:50.0000000000Z	2424	/mnt/h/AETHIEAOPSYS/DATA/CONTINUITY_CONSOLIDATED/20260523T231426Z/MANIFESTS/DATA_MEMORY_SNAPSHOTS.manifest.txt
2026-05-23T19:14:50.0000000000Z	354	/mnt/h/AETHIEAOPSYS/DATA/CONTINUITY_CONSOLIDATED/20260523T231426Z/MANIFESTS/LOGS_AUDIT.manifest.txt
2026-05-23T19:14:50.0000000000Z	713	/mnt/h/AETHIEAOPSYS/DATA/CONTINUITY_CONSOLIDATED/20260523T231426Z/MANIFESTS/CORE_PATCHES.manifest.txt
2026-05-23T19:15:26.0000000000Z	140	/mnt/h/AETHIEAOPSYS/DATA/CONTINUITY_CONSOLIDATED/20260523T231426Z/ARCHIVES/CLOUD_CLONE.tar.gz.sha256
2026-05-23T19:15:26.0000000000Z	154725	/mnt/h/AETHIEAOPSYS/DATA/CONTINUITY_CONSOLIDATED/20260523T231426Z/ARCHIVES/CLOUD_CLONE.tar.gz
2026-05-23T19:15:28.0000000000Z	119673	/mnt/h/AETHIEAOPSYS/DATA/CONTINUITY_CONSOLIDATED/20260523T231426Z/ARCHIVES/CORE_BACKUPS.tar.gz
2026-05-23T19:15:28.0000000000Z	139	/mnt/h/AETHIEAOPSYS/DATA/CONTINUITY_CONSOLIDATED/20260523T231426Z/ARCHIVES/LOGS_AUDIT.tar.gz.sha256
2026-05-23T19:15:28.0000000000Z	141	/mnt/h/AETHIEAOPSYS/DATA/CONTINUITY_CONSOLIDATED/20260523T231426Z/ARCHIVES/CORE_BACKUPS.tar.gz.sha256
2026-05-23T19:15:28.0000000000Z	141	/mnt/h/AETHIEAOPSYS/DATA/CONTINUITY_CONSOLIDATED/20260523T231426Z/ARCHIVES/CORE_PATCHES.tar.gz.sha256
2026-05-23T19:15:28.0000000000Z	148	/mnt/h/AETHIEAOPSYS/DATA/CONTINUITY_CONSOLIDATED/20260523T231426Z/ARCHIVES/DATA_MEMORY_ANCHORS.tar.gz.sha256
2026-05-23T19:15:28.0000000000Z	150	/mnt/h/AETHIEAOPSYS/DATA/CONTINUITY_CONSOLIDATED/20260523T231426Z/ARCHIVES/DATA_MEMORY_SNAPSHOTS.tar.gz.sha256
2026-05-23T19:15:28.0000000000Z	3066	/mnt/h/AETHIEAOPSYS/DATA/CONTINUITY_CONSOLIDATED/20260523T231426Z/ARCHIVES/CORE_PATCHES.tar.gz
2026-05-23T19:15:28.0000000000Z	47764	/mnt/h/AETHIEAOPSYS/DATA/CONTINUITY_CONSOLIDATED/20260523T231426Z/ARCHIVES/DATA_MEMORY_ANCHORS.tar.gz
2026-05-23T19:15:28.0000000000Z	72371	/mnt/h/AETHIEAOPSYS/DATA/CONTINUITY_CONSOLIDATED/20260523T231426Z/ARCHIVES/LOGS_AUDIT.tar.gz
2026-05-23T19:15:28.0000000000Z	8954	/mnt/h/AETHIEAOPSYS/DATA/CONTINUITY_CONSOLIDATED/20260523T231426Z/ARCHIVES/DATA_MEMORY_SNAPSHOTS.tar.gz
2026-05-23T19:17:38.0000000000Z	1447	/mnt/h/AETHIEAOPSYS/DATA/CONTINUITY_CONSOLIDATED/20260523T231426Z/REPORTS/cold_prune_plan_20260523T231733Z.txt
2026-05-23T19:27:06.0000000000Z	574	/mnt/h/AETHIEAOPSYS/DATA/CONTINUITY_CONSOLIDATED/20260523T231426Z/REPORTS/prune_eligibility_20260523T232705Z.txt
2026-05-23T19:33:12.0000000000Z	513	/mnt/h/AETHIEAOPSYS/DATA/CONTINUITY_CONSOLIDATED/20260523T231426Z/REPORTS/history_prune_receipt_20260523T233310Z.txt
2026-05-23T19:38:04.0000000000Z	70	/mnt/h/AETHIEAOPSYS/TEMP/run_once.sh
2026-05-23T19:39:32.0000000000Z	728	/mnt/h/AETHIEAOPSYS/TEMP/ollama_reality.sh
2026-05-23T22:41:08.0000000000Z	52	/mnt/h/AETHIEAOPSYS/TEMP/name_of_task.sh
2026-05-23T23:10:42.0000000000Z	128991	/mnt/h/AETHIEAOPSYS/LOGS/AUDIT/wsl_aeusb_search_20260524T031038Z.txt
2026-05-23T23:19:26.0000000000Z	1550	/mnt/h/AETHIEAOPSYS/ENV/SHELL/aethiea_env.sh
2026-05-23T23:21:06.0000000000Z	1017	/mnt/h/AETHIEAOPSYS/TOOLIO/aeth-status
2026-05-23T23:21:06.0000000000Z	288	/mnt/h/AETHIEAOPSYS/ENV/bootstrap.sh
2026-05-23T23:21:06.0000000000Z	578	/mnt/h/AETHIEAOPSYS/TOOLIO/bin/aeusb
2026-05-23T23:21:06.0000000000Z	633	/mnt/h/AETHIEAOPSYS/TOOLIO/bin/ollama-ae
2026-05-23T23:21:06.0000000000Z	703	/mnt/h/AETHIEAOPSYS/TOOLIO/aeth-runtime
2026-05-23T23:21:06.0000000000Z	736	/mnt/h/AETHIEAOPSYS/TOOLIO/bin/hf-ae
2026-05-23T23:21:06.0000000000Z	837	/mnt/h/AETHIEAOPSYS/TOOLIO/aeth-up
2026-05-23T23:21:58.0000000000Z	3786	/mnt/h/AETHIEAOPSYS/ENV/RUNTIME/npm-cache/_logs/2026-05-24T03_21_56_751Z-debug-0.log
2026-05-23T23:22:24.0000000000Z	6236	/mnt/h/AETHIEAOPSYS/ENV/RUNTIME/npm-cache/_logs/2026-05-24T03_22_17_217Z-debug-0.log
2026-05-23T23:29:58.0000000000Z	3983	/mnt/h/AETHIEAOPSYS/ENV/RUNTIME/npm-global/package-lock.json
2026-05-23T23:30:12.0000000000Z	604	/mnt/h/AETHIEAOPSYS/TOOLIO/bin/codex
2026-05-23T23:46:00.0000000000Z	822	/mnt/h/AETHIEAOPSYS/TEMP/wrangler.partial.20260524T040717Z/templates/checked-fetch.js
2026-05-24T00:06:06.0000000000Z	3387522	/mnt/h/AETHIEAOPSYS/TEMP/wrangler.partial.20260524T040717Z/wrangler-dist/cli.js
2026-05-24T00:06:30.0000000000Z	1715	/mnt/h/AETHIEAOPSYS/DATA/MEMORY/ROUTES/usb_native_route.json
2026-05-24T00:06:30.0000000000Z	2219	/mnt/h/AETHIEAOPSYS/TOOLIO/bin/aeusb-route-check
2026-05-24T00:06:30.0000000000Z	684	/mnt/h/AETHIEAOPSYS/TOOLIO/bin/wrangler
2026-05-24T00:14:22.0000000000Z	87	/mnt/h/AETHIEAOPSYS/ENV/RUNTIME/npm-global/package.json
2026-05-24T00:15:14.0000000000Z	110	/mnt/h/AETHIEAOPSYS/TEMP/wrangler-dry-run/README.md
2026-05-24T00:15:14.0000000000Z	2908	/mnt/h/AETHIEAOPSYS/TEMP/wrangler-dry-run/index.js
2026-05-24T00:15:14.0000000000Z	4981	/mnt/h/AETHIEAOPSYS/TEMP/wrangler-dry-run/index.js.map
2026-05-24T00:56:08.0000000000Z	181	/mnt/h/AETHIEAOPSYS/TOOLIO/cloudflared/AETHERNet.token
2026-05-24T01:10:32.0000000000Z	1793	/mnt/h/AETHIEAOPSYS/TOOLIO/bin/cloudflare-ae
2026-05-24T01:10:32.0000000000Z	775	/mnt/h/AETHIEAOPSYS/TOOLIO/cloudflared/run-aethernet
2026-05-24T01:10:32.0000000000Z	84	/mnt/h/AETHIEAOPSYS/TOOLIO/cloudflared/AETHERNet.yml
2026-05-24T01:10:40.0000000000Z	5	/mnt/h/AETHIEAOPSYS/RUN/cloudflared/AETHERNet.pid
2026-05-24T01:33:25.8100000000Z	0	/mnt/h/AETHIEAOPSYS/TEMP/METABOLIZED_MARKERS/USB_NATIVE_ROUTED.marker.20260602T143919Z
2026-05-24T03:10:14.0000000000Z	1643	/mnt/h/AETHIEAOPSYS/ENV/RUNTIME/npm-cache/_logs/2026-05-24T07_10_13_675Z-debug-0.log
2026-05-24T03:10:16.0000000000Z	1645	/mnt/h/AETHIEAOPSYS/ENV/RUNTIME/npm-cache/_logs/2026-05-24T07_10_14_469Z-debug-0.log
2026-05-24T03:11:16.0000000000Z	1841	/mnt/h/AETHIEAOPSYS/TEMP/verify_usb_native.sh
2026-05-24T03:11:28.0000000000Z	1643	/mnt/h/AETHIEAOPSYS/ENV/RUNTIME/npm-cache/_logs/2026-05-24T07_11_26_982Z-debug-0.log
2026-05-24T03:11:28.0000000000Z	1645	/mnt/h/AETHIEAOPSYS/ENV/RUNTIME/npm-cache/_logs/2026-05-24T07_11_27_622Z-debug-0.log
2026-05-24T03:11:28.0000000000Z	2963	/mnt/h/AETHIEAOPSYS/LOGS/AUDIT/usb_native_verify_20260524T071115Z.txt
2026-05-24T03:12:28.0000000000Z	1643	/mnt/h/AETHIEAOPSYS/ENV/RUNTIME/npm-cache/_logs/2026-05-24T07_12_27_559Z-debug-0.log
2026-05-24T03:12:30.0000000000Z	1645	/mnt/h/AETHIEAOPSYS/ENV/RUNTIME/npm-cache/_logs/2026-05-24T07_12_28_150Z-debug-0.log
2026-05-24T03:12:30.0000000000Z	2963	/mnt/h/AETHIEAOPSYS/LOGS/AUDIT/usb_native_verify_20260524T071215Z.txt
2026-05-24T03:12:44.0000000000Z	1643	/mnt/h/AETHIEAOPSYS/ENV/RUNTIME/npm-cache/_logs/2026-05-24T07_12_43_560Z-debug-0.log
2026-05-24T03:12:46.0000000000Z	1645	/mnt/h/AETHIEAOPSYS/ENV/RUNTIME/npm-cache/_logs/2026-05-24T07_12_44_172Z-debug-0.log
2026-05-24T03:12:46.0000000000Z	2963	/mnt/h/AETHIEAOPSYS/LOGS/AUDIT/usb_native_verify_20260524T071232Z.txt
2026-05-24T03:15:40.0000000000Z	2963	/mnt/h/AETHIEAOPSYS/LOGS/AUDIT/usb_native_verify_20260524T071527Z.txt
2026-05-24T03:17:44.0000000000Z	2963	/mnt/h/AETHIEAOPSYS/LOGS/AUDIT/usb_native_verify_20260524T071730Z.txt
2026-05-24T03:20:16.0000000000Z	2977	/mnt/h/AETHIEAOPSYS/LOGS/AUDIT/usb_native_verify_20260524T072003Z.txt
2026-05-24T03:21:48.0000000000Z	10239	/mnt/h/AETHIEAOPSYS/ENV/PYTHON/pycache/usr/lib/python3/dist-packages/apport_python_hook.cpython-314.pyc
2026-05-24T03:21:48.0000000000Z	11661	/mnt/h/AETHIEAOPSYS/ENV/PYTHON/pycache/usr/lib/python3/dist-packages/_distutils_hack/__init__.cpython-314.pyc
2026-05-24T03:21:48.0000000000Z	11680	/mnt/h/AETHIEAOPSYS/ENV/PYTHON/pycache/usr/lib/python3.14/reprlib.cpython-314.pyc
2026-05-24T03:21:48.0000000000Z	12556	/mnt/h/AETHIEAOPSYS/ENV/PYTHON/pycache/usr/lib/python3.14/encodings/aliases.cpython-314.pyc
2026-05-24T03:21:48.0000000000Z	1531	/mnt/h/AETHIEAOPSYS/ENV/PYTHON/pycache/usr/lib/python3.14/keyword.cpython-314.pyc
2026-05-24T03:21:48.0000000000Z	15840	/mnt/h/AETHIEAOPSYS/ENV/PYTHON/pycache/usr/lib/python3.14/types.cpython-314.pyc
2026-05-24T03:21:48.0000000000Z	18996	/mnt/h/AETHIEAOPSYS/ENV/PYTHON/pycache/usr/lib/python3.14/operator.cpython-314.pyc
2026-05-24T03:21:48.0000000000Z	19965	/mnt/h/AETHIEAOPSYS/ENV/PYTHON/pycache/usr/lib/python3.14/re/__init__.cpython-314.pyc
2026-05-24T03:21:48.0000000000Z	2330	/mnt/h/AETHIEAOPSYS/ENV/PYTHON/pycache/usr/lib/python3.14/encodings/utf_8.cpython-314.pyc
2026-05-24T03:21:48.0000000000Z	26106	/mnt/h/AETHIEAOPSYS/ENV/PYTHON/pycache/usr/lib/python3.14/glob.cpython-314.pyc
2026-05-24T03:21:48.0000000000Z	29663	/mnt/h/AETHIEAOPSYS/ENV/PYTHON/pycache/usr/lib/python3.14/re/_compiler.cpython-314.pyc
2026-05-24T03:21:48.0000000000Z	305	/mnt/h/AETHIEAOPSYS/ENV/PYTHON/pycache/usr/lib/python3.14/sitecustomize.cpython-314.pyc
2026-05-24T03:21:48.0000000000Z	31136	/mnt/h/AETHIEAOPSYS/ENV/PYTHON/pycache/usr/lib/python3.14/contextlib.cpython-314.pyc
2026-05-24T03:21:48.0000000000Z	47989	/mnt/h/AETHIEAOPSYS/ENV/PYTHON/pycache/usr/lib/python3.14/functools.cpython-314.pyc
2026-05-24T03:21:48.0000000000Z	61651	/mnt/h/AETHIEAOPSYS/ENV/PYTHON/pycache/usr/lib/python3.14/pathlib/__init__.cpython-314.pyc
2026-05-24T03:21:48.0000000000Z	6738	/mnt/h/AETHIEAOPSYS/ENV/PYTHON/pycache/usr/lib/python3.14/encodings/__init__.cpython-314.pyc
2026-05-24T03:21:48.0000000000Z	7200	/mnt/h/AETHIEAOPSYS/ENV/PYTHON/pycache/usr/lib/python3.14/encodings/utf_8_sig.cpython-314.pyc
2026-05-24T03:21:48.0000000000Z	74759	/mnt/h/AETHIEAOPSYS/ENV/PYTHON/pycache/usr/lib/python3.14/collections/__init__.cpython-314.pyc
2026-05-24T03:21:48.0000000000Z	88026	/mnt/h/AETHIEAOPSYS/ENV/PYTHON/pycache/usr/lib/python3.14/enum.cpython-314.pyc
2026-05-24T03:21:50.0000000000Z	1808	/mnt/h/AETHIEAOPSYS/ENV/PYTHON/pycache/usr/lib/python3.14/re/_casefix.cpython-314.pyc
2026-05-24T03:21:50.0000000000Z	22439	/mnt/h/AETHIEAOPSYS/ENV/PYTHON/pycache/usr/lib/python3.14/pathlib/_os.cpython-314.pyc
2026-05-24T03:21:50.0000000000Z	45253	/mnt/h/AETHIEAOPSYS/ENV/PYTHON/pycache/usr/lib/python3.14/re/_parser.cpython-314.pyc
2026-05-24T03:21:50.0000000000Z	5623	/mnt/h/AETHIEAOPSYS/ENV/PYTHON/pycache/usr/lib/python3.14/re/_constants.cpython-314.pyc
2026-05-24T03:21:50.0000000000Z	7862	/mnt/h/AETHIEAOPSYS/ENV/PYTHON/pycache/usr/lib/python3.14/fnmatch.cpython-314.pyc
2026-05-24T03:21:50.0000000000Z	7916	/mnt/h/AETHIEAOPSYS/ENV/PYTHON/pycache/usr/lib/python3.14/copyreg.cpython-314.pyc
2026-05-24T03:22:46.0000000000Z	2977	/mnt/h/AETHIEAOPSYS/LOGS/AUDIT/usb_native_verify_20260524T072232Z.txt
2026-05-24T03:28:22.0000000000Z	314	/mnt/h/AETHIEAOPSYS/TOOLIO/bin/hermes
2026-05-24T03:28:22.0000000000Z	9498	/mnt/h/AETHIEAOPSYS/ENV/PYTHON/pycache/usr/lib/python3.14/linecache.cpython-314.pyc
2026-05-24T03:29:46.0000000000Z	2977	/mnt/h/AETHIEAOPSYS/LOGS/AUDIT/usb_native_verify_20260524T072932Z.txt
2026-05-24T06:22:16.0000000000Z	1393	/mnt/h/AETHIEAOPSYS/LOGS/AUDIT/manual_usb_native_proof_20260524T102203Z.txt
2026-05-24T06:23:36.0000000000Z	498	/mnt/h/AETHIEAOPSYS/ENV/PYTHON/pycache/usr/lib/python3.14/datetime.cpython-314.pyc
2026-05-24T06:23:38.0000000000Z	142	/mnt/h/AETHIEAOPSYS/ENV/PYTHON/pycache/usr/lib/python3.14/compression/__init__.cpython-314.pyc
2026-05-24T06:23:38.0000000000Z	15281	/mnt/h/AETHIEAOPSYS/ENV/PYTHON/pycache/usr/lib/python3.14/bz2.cpython-314.pyc
2026-05-24T06:23:38.0000000000Z	72204	/mnt/h/AETHIEAOPSYS/ENV/PYTHON/pycache/usr/lib/python3.14/shutil.cpython-314.pyc
2026-05-24T06:23:40.0000000000Z	11721	/mnt/h/AETHIEAOPSYS/ENV/PYTHON/pycache/usr/lib/python3.14/compression/zstd/__init__.cpython-314.pyc
2026-05-24T06:23:40.0000000000Z	150	/mnt/h/AETHIEAOPSYS/ENV/PYTHON/pycache/usr/lib/python3.14/compression/_common/__init__.cpython-314.pyc
2026-05-24T06:23:40.0000000000Z	15730	/mnt/h/AETHIEAOPSYS/ENV/PYTHON/pycache/usr/lib/python3.14/compression/zstd/_zstdfile.cpython-314.pyc
2026-05-24T06:23:40.0000000000Z	16461	/mnt/h/AETHIEAOPSYS/ENV/PYTHON/pycache/usr/lib/python3.14/lzma.cpython-314.pyc
2026-05-24T06:23:40.0000000000Z	2496	/mnt/h/AETHIEAOPSYS/ENV/PYTHON/pycache/usr/lib/python3.14/warnings.cpython-314.pyc
2026-05-24T06:23:40.0000000000Z	27059	/mnt/h/AETHIEAOPSYS/ENV/PYTHON/pycache/usr/lib/python3.14/selectors.cpython-314.pyc
2026-05-24T06:23:40.0000000000Z	36980	/mnt/h/AETHIEAOPSYS/ENV/PYTHON/pycache/usr/lib/python3.14/_py_warnings.cpython-314.pyc
2026-05-24T06:23:40.0000000000Z	4583	/mnt/h/AETHIEAOPSYS/ENV/PYTHON/pycache/usr/lib/python3.14/signal.cpython-314.pyc
2026-05-24T06:23:40.0000000000Z	59905	/mnt/h/AETHIEAOPSYS/ENV/PYTHON/pycache/usr/lib/python3.14/locale.cpython-314.pyc
2026-05-24T06:23:40.0000000000Z	66488	/mnt/h/AETHIEAOPSYS/ENV/PYTHON/pycache/usr/lib/python3.14/threading.cpython-314.pyc
2026-05-24T06:23:40.0000000000Z	7803	/mnt/h/AETHIEAOPSYS/ENV/PYTHON/pycache/usr/lib/python3.14/compression/_common/_streams.cpython-314.pyc
2026-05-24T06:23:40.0000000000Z	84953	/mnt/h/AETHIEAOPSYS/ENV/PYTHON/pycache/usr/lib/python3.14/subprocess.cpython-314.pyc
2026-05-24T06:23:40.0000000000Z	9401	/mnt/h/AETHIEAOPSYS/ENV/PYTHON/pycache/usr/lib/python3.14/_weakrefset.cpython-314.pyc
2026-05-24T06:23:42.0000000000Z	1480	/mnt/h/AETHIEAOPSYS/LOGS/AUDIT/manual_usb_native_proof_20260524T102338Z.txt
2026-05-24T09:07:12.0000000000Z	10112	/mnt/h/AETHIEAOPSYS/ENV/PYTHON/pycache/usr/lib/python3.14/copy.cpython-314.pyc
2026-05-24T09:07:12.0000000000Z	10230	/mnt/h/AETHIEAOPSYS/ENV/PYTHON/pycache/usr/lib/python3.14/py_compile.cpython-314.pyc
2026-05-24T09:07:12.0000000000Z	139561	/mnt/h/AETHIEAOPSYS/ENV/PYTHON/pycache/usr/lib/python3.14/inspect.cpython-314.pyc
2026-05-24T09:07:12.0000000000Z	14149	/mnt/h/AETHIEAOPSYS/ENV/PYTHON/pycache/usr/lib/python3.14/json/__init__.cpython-314.pyc
2026-05-24T09:07:12.0000000000Z	14453	/mnt/h/AETHIEAOPSYS/ENV/PYTHON/pycache/usr/lib/python3.14/json/decoder.cpython-314.pyc
2026-05-24T09:07:12.0000000000Z	1667	/mnt/h/AETHIEAOPSYS/ENV/PYTHON/pycache/usr/lib/python3.14/importlib/_abc.cpython-314.pyc
2026-05-24T09:07:12.0000000000Z	17027	/mnt/h/AETHIEAOPSYS/ENV/PYTHON/pycache/usr/lib/python3.14/json/encoder.cpython-314.pyc
2026-05-24T09:07:12.0000000000Z	18434	/mnt/h/AETHIEAOPSYS/ENV/PYTHON/pycache/usr/lib/python3.14/textwrap.cpython-314.pyc
2026-05-24T09:07:12.0000000000Z	18517	/mnt/h/AETHIEAOPSYS/ENV/PYTHON/pycache/usr/lib/python3.14/_colorize.cpython-314.pyc
2026-05-24T09:07:12.0000000000Z	26944	/mnt/h/AETHIEAOPSYS/ENV/PYTHON/pycache/usr/lib/python3.14/tokenize.cpython-314.pyc
2026-05-24T09:07:12.0000000000Z	27619	/mnt/h/AETHIEAOPSYS/ENV/PYTHON/pycache/usr/lib/python3.14/weakref.cpython-314.pyc
2026-05-24T09:07:12.0000000000Z	31594	/mnt/h/AETHIEAOPSYS/ENV/PYTHON/pycache/usr/lib/python3.14/ast.cpython-314.pyc
2026-05-24T09:07:12.0000000000Z	3542	/mnt/h/AETHIEAOPSYS/ENV/PYTHON/pycache/usr/lib/python3.14/json/scanner.cpython-314.pyc
2026-05-24T09:07:12.0000000000Z	3874	/mnt/h/AETHIEAOPSYS/ENV/PYTHON/pycache/usr/lib/python3.14/token.cpython-314.pyc
2026-05-24T09:07:12.0000000000Z	4615	/mnt/h/AETHIEAOPSYS/ENV/PYTHON/pycache/usr/lib/python3.14/importlib/__init__.cpython-314.pyc
2026-05-24T09:07:12.0000000000Z	47772	/mnt/h/AETHIEAOPSYS/ENV/PYTHON/pycache/usr/lib/python3.14/annotationlib.cpython-314.pyc
2026-05-24T09:07:12.0000000000Z	54776	/mnt/h/AETHIEAOPSYS/ENV/PYTHON/pycache/usr/lib/python3.14/dataclasses.cpython-314.pyc
2026-05-24T09:07:12.0000000000Z	78649	/mnt/h/AETHIEAOPSYS/ENV/PYTHON/pycache/usr/lib/python3.14/traceback.cpython-314.pyc
2026-05-24T09:07:14.0000000000Z	10402	/mnt/h/AETHIEAOPSYS/ENV/PYTHON/pycache/usr/lib/python3.14/_opcode_metadata.cpython-314.pyc
2026-05-24T09:07:14.0000000000Z	4488	/mnt/h/AETHIEAOPSYS/ENV/PYTHON/pycache/usr/lib/python3.14/opcode.cpython-314.pyc
2026-05-24T09:07:14.0000000000Z	54224	/mnt/h/AETHIEAOPSYS/ENV/PYTHON/pycache/usr/lib/python3.14/dis.cpython-314.pyc
2026-05-24T10:53:20.0000000000Z	8589934592	/mnt/h/AETHIEAOPSYS/APT/IMAGES/aethiea-apt-rootfs.ext4
2026-05-24T10:53:37.8800000000Z	0	/mnt/h/AETHIEAOPSYS/wsl
2026-05-24T10:53:39.6300000000Z	0	/mnt/h/AETHIEAOPSYS/REJECTED/anomalies/There.2026-06-06T06-12-14Z.empty
2026-05-24T10:54:14.0000000000Z	1601	/mnt/h/AETHIEAOPSYS/CLOUD_CLONE/DATA/MEMORY/STATE/latest_verify_stack.json
2026-05-24T10:54:14.0000000000Z	70	/mnt/h/AETHIEAOPSYS/LAYERS/AENET/README.md
2026-05-24T10:54:16.0000000000Z	1715	/mnt/h/AETHIEAOPSYS/CLOUD_CLONE/DATA/MEMORY/ROUTES/usb_native_route.json
2026-05-24T10:54:44.0000000000Z	70	/mnt/h/AETHIEAOPSYS/CLOUD_CLONE/LAYERS/AENET/README.md
2026-05-24T10:54:48.0000000000Z	1639	/mnt/h/AETHIEAOPSYS/CLOUD_CLONE/LOGS/BOOT/portable_wake_20260523.log
2026-05-24T10:54:48.0000000000Z	254	/mnt/h/AETHIEAOPSYS/CLOUD_CLONE/LOGS/HERMES/hermes.log
2026-05-24T10:54:48.0000000000Z	320	/mnt/h/AETHIEAOPSYS/CLOUD_CLONE/LOGS/SYSTEM/surface_runtime.log
2026-05-24T10:54:48.0000000000Z	324	/mnt/h/AETHIEAOPSYS/CLOUD_CLONE/LOGS/HERMES/hermes_boot.log
2026-05-24T10:54:48.0000000000Z	558	/mnt/h/AETHIEAOPSYS/CLOUD_CLONE/LOGS/BOOT/portable_wake_20260522.log
2026-05-24T10:54:48.0000000000Z	738633	/mnt/h/AETHIEAOPSYS/CLOUD_CLONE/LOGS/AUDIT/aeusb_file_overview_20260523T214510Z.txt
2026-05-24T10:54:50.0000000000Z	120517	/mnt/h/AETHIEAOPSYS/CLOUD_CLONE/LOGS/AUDIT/aeusb_triage_20260523T225755Z.txt
2026-05-24T10:54:50.0000000000Z	128991	/mnt/h/AETHIEAOPSYS/CLOUD_CLONE/LOGS/AUDIT/wsl_aeusb_search_20260524T031038Z.txt
2026-05-24T10:54:50.0000000000Z	1384	/mnt/h/AETHIEAOPSYS/CLOUD_CLONE/LOGS/AUDIT/aeusb_classification_20260523T215615Z.tsv
2026-05-24T10:54:50.0000000000Z	1393	/mnt/h/AETHIEAOPSYS/CLOUD_CLONE/LOGS/AUDIT/manual_usb_native_proof_20260524T102203Z.txt
2026-05-24T10:54:50.0000000000Z	1480	/mnt/h/AETHIEAOPSYS/CLOUD_CLONE/LOGS/AUDIT/manual_usb_native_proof_20260524T102338Z.txt
2026-05-24T10:54:50.0000000000Z	2963	/mnt/h/AETHIEAOPSYS/CLOUD_CLONE/LOGS/AUDIT/usb_native_verify_20260524T071115Z.txt
2026-05-24T10:54:50.0000000000Z	2963	/mnt/h/AETHIEAOPSYS/CLOUD_CLONE/LOGS/AUDIT/usb_native_verify_20260524T071215Z.txt
2026-05-24T10:54:50.0000000000Z	2963	/mnt/h/AETHIEAOPSYS/CLOUD_CLONE/LOGS/AUDIT/usb_native_verify_20260524T071232Z.txt
2026-05-24T10:54:50.0000000000Z	2963	/mnt/h/AETHIEAOPSYS/CLOUD_CLONE/LOGS/AUDIT/usb_native_verify_20260524T071527Z.txt
2026-05-24T10:54:50.0000000000Z	2963	/mnt/h/AETHIEAOPSYS/CLOUD_CLONE/LOGS/AUDIT/usb_native_verify_20260524T071730Z.txt
2026-05-24T10:54:50.0000000000Z	2977	/mnt/h/AETHIEAOPSYS/CLOUD_CLONE/LOGS/AUDIT/usb_native_verify_20260524T072003Z.txt
2026-05-24T10:54:50.0000000000Z	2977	/mnt/h/AETHIEAOPSYS/CLOUD_CLONE/LOGS/AUDIT/usb_native_verify_20260524T072232Z.txt
2026-05-24T10:54:50.0000000000Z	2977	/mnt/h/AETHIEAOPSYS/CLOUD_CLONE/LOGS/AUDIT/usb_native_verify_20260524T072932Z.txt
2026-05-24T10:54:50.0000000000Z	753	/mnt/h/AETHIEAOPSYS/CLOUD_CLONE/LOGS/AUDIT/aeusb_active_path_policy_20260523T215854Z.txt
2026-05-24T10:55:00.0000000000Z	2593	/mnt/h/AETHIEAOPSYS/CLOUD_CLONE/LOGS/cloudflared/AETHERNet.log
2026-05-24T10:55:02.0000000000Z	424	/mnt/h/AETHIEAOPSYS/CLOUD_CLONE/TOOLIO/aeth.before_rubiii_root_patch_20260521T110604Z
2026-05-24T10:55:02.0000000000Z	6636	/mnt/h/AETHIEAOPSYS/CLOUD_CLONE/LOGS/cloudflared/AETHERNet.cloudflared.log
2026-05-24T10:55:02.0000000000Z	665	/mnt/h/AETHIEAOPSYS/CLOUD_CLONE/TOOLIO/aeth
2026-05-24T10:55:04.0000000000Z	1017	/mnt/h/AETHIEAOPSYS/CLOUD_CLONE/TOOLIO/aeth-status
2026-05-24T10:55:04.0000000000Z	395	/mnt/h/AETHIEAOPSYS/CLOUD_CLONE/TOOLIO/aeth-down
2026-05-24T10:55:04.0000000000Z	436	/mnt/h/AETHIEAOPSYS/CLOUD_CLONE/TOOLIO/aeth.before_inline_patch_20260521T110823Z
2026-05-24T10:55:06.0000000000Z	703	/mnt/h/AETHIEAOPSYS/CLOUD_CLONE/TOOLIO/aeth-runtime
2026-05-24T10:55:06.0000000000Z	837	/mnt/h/AETHIEAOPSYS/CLOUD_CLONE/TOOLIO/aeth-up
2026-05-24T10:56:28.0000000000Z	171	/mnt/h/AETHIEAOPSYS/CLOUD_CLONE/TOOLIO/cloudflared/cloudflared-ae
2026-05-24T10:56:28.0000000000Z	1793	/mnt/h/AETHIEAOPSYS/CLOUD_CLONE/TOOLIO/bin/cloudflare-ae
2026-05-24T10:56:28.0000000000Z	181	/mnt/h/AETHIEAOPSYS/CLOUD_CLONE/TOOLIO/cloudflared/AETHERNet.token
2026-05-24T10:56:28.0000000000Z	2219	/mnt/h/AETHIEAOPSYS/CLOUD_CLONE/TOOLIO/bin/aeusb-route-check
2026-05-24T10:56:28.0000000000Z	314	/mnt/h/AETHIEAOPSYS/CLOUD_CLONE/TOOLIO/bin/hermes
2026-05-24T10:56:28.0000000000Z	3144	/mnt/h/AETHIEAOPSYS/CLOUD_CLONE/DATA/MEMORY/ANCHORS/2026-05-24T14-54-13Z_cloud_clone_sync.json
2026-05-24T10:56:28.0000000000Z	3144	/mnt/h/AETHIEAOPSYS/DATA/MEMORY/ANCHORS/2026-05-24T14-54-13Z_cloud_clone_sync.json
2026-05-24T10:56:28.0000000000Z	39020697	/mnt/h/AETHIEAOPSYS/CLOUD_CLONE/TOOLIO/bin/cloudflared
2026-05-24T10:56:28.0000000000Z	420	/mnt/h/AETHIEAOPSYS/CLOUD_CLONE/TOOLIO/hermes/hermes.sh
2026-05-24T10:56:28.0000000000Z	578	/mnt/h/AETHIEAOPSYS/CLOUD_CLONE/TOOLIO/bin/aeusb
2026-05-24T10:56:28.0000000000Z	604	/mnt/h/AETHIEAOPSYS/CLOUD_CLONE/TOOLIO/bin/codex
2026-05-24T10:56:28.0000000000Z	633	/mnt/h/AETHIEAOPSYS/CLOUD_CLONE/TOOLIO/bin/ollama-ae
2026-05-24T10:56:28.0000000000Z	684	/mnt/h/AETHIEAOPSYS/CLOUD_CLONE/TOOLIO/bin/wrangler
2026-05-24T10:56:28.0000000000Z	736	/mnt/h/AETHIEAOPSYS/CLOUD_CLONE/TOOLIO/bin/hf-ae
2026-05-24T10:56:28.0000000000Z	775	/mnt/h/AETHIEAOPSYS/CLOUD_CLONE/TOOLIO/cloudflared/run-aethernet
2026-05-24T10:56:28.0000000000Z	836	/mnt/h/AETHIEAOPSYS/CLOUD_CLONE/TOOLIO/RECEIPTS/cloudflared_aeusb_receipt_20260522T082114Z.json
2026-05-24T10:56:28.0000000000Z	84	/mnt/h/AETHIEAOPSYS/CLOUD_CLONE/TOOLIO/cloudflared/AETHERNet.yml
2026-05-24T10:57:00.0000000000Z	1030	/mnt/h/AETHIEAOPSYS/CLOUD_CLONE/DATA/MEMORY/ANCHORS/2026-05-24T14-56-27Z_cloud_clone_sync.json
2026-05-24T10:57:00.0000000000Z	1030	/mnt/h/AETHIEAOPSYS/DATA/MEMORY/ANCHORS/2026-05-24T14-56-27Z_cloud_clone_sync.json
2026-05-24T10:57:42.0000000000Z	516	/mnt/h/AETHIEAOPSYS/LOGS/cloudflared/runtime.log
2026-05-24T11:11:46.0000000000Z	745	/mnt/h/AETHIEAOPSYS/LOGS/BOOT/portable_wake_20260524.log
2026-05-24T11:12:52.0000000000Z	131	/mnt/h/AETHIEAOPSYS/RUN/aeth-cloud-sync.sh
2026-05-24T11:13:34.0000000000Z	516	/mnt/h/AETHIEAOPSYS/CLOUD_CLONE/LOGS/cloudflared/runtime.log
2026-05-24T11:13:34.0000000000Z	745	/mnt/h/AETHIEAOPSYS/CLOUD_CLONE/LOGS/BOOT/portable_wake_20260524.log
2026-05-24T11:13:36.0000000000Z	1112	/mnt/h/AETHIEAOPSYS/CLOUD_CLONE/DATA/MEMORY/ANCHORS/2026-05-24T15-13-00Z_cloud_clone_sync.json
2026-05-24T11:13:36.0000000000Z	1112	/mnt/h/AETHIEAOPSYS/DATA/MEMORY/ANCHORS/2026-05-24T15-13-00Z_cloud_clone_sync.json
2026-05-24T11:17:40.0000000000Z	1030	/mnt/h/AETHIEAOPSYS/CLOUD_CLONE/DATA/MEMORY/ANCHORS/2026-05-24T15-17-04Z_cloud_clone_sync.json
2026-05-24T11:17:40.0000000000Z	1030	/mnt/h/AETHIEAOPSYS/DATA/MEMORY/ANCHORS/2026-05-24T15-17-04Z_cloud_clone_sync.json
2026-05-25T18:31:04.0000000000Z	510	/mnt/h/AETHIEAOPSYS/APT/SCRIPTS/mount-aeapt.sh
2026-05-25T18:31:16.0000000000Z	312	/mnt/h/AETHIEAOPSYS/APT/SCRIPTS/umount-aeapt.sh
2026-05-26T00:08:30.0000000000Z	249	/mnt/h/AETHIEAOPSYS/DATA/MEMORY/SESSIONS/latest.json.bak.20260526T040829Z
2026-05-26T00:08:30.0000000000Z	407	/mnt/h/AETHIEAOPSYS/DATA/MEMORY/STATE/current.json.bak.20260526T040829Z
2026-05-26T00:08:34.0000000000Z	427	/mnt/h/AETHIEAOPSYS/DATA/MEMORY/SESSIONS/latest.json
2026-05-26T00:08:34.0000000000Z	629	/mnt/h/AETHIEAOPSYS/DATA/MEMORY/STATE/current.json
2026-05-26T00:10:48.0000000000Z	4797	/mnt/h/AETHIEAOPSYS/ENV/RUNTIME/npm-cache/_cacache/tmp/a117bae9
2026-05-26T00:11:20.0000000000Z	2193	/mnt/h/AETHIEAOPSYS/ENV/RUNTIME/npm-cache/_cacache/tmp/ea67b799
2026-05-26T00:11:22.0000000000Z	15281	/mnt/h/AETHIEAOPSYS/ENV/RUNTIME/npm-cache/_cacache/tmp/8ac0ebf3
2026-05-26T00:11:22.0000000000Z	1816	/mnt/h/AETHIEAOPSYS/ENV/RUNTIME/npm-cache/_cacache/tmp/4ddbe3b4
2026-05-26T00:11:22.0000000000Z	2096	/mnt/h/AETHIEAOPSYS/ENV/RUNTIME/npm-cache/_cacache/tmp/a91e95ab
2026-05-26T00:11:22.0000000000Z	2149	/mnt/h/AETHIEAOPSYS/ENV/RUNTIME/npm-cache/_cacache/tmp/0aa7e427
2026-05-26T00:11:22.0000000000Z	3057	/mnt/h/AETHIEAOPSYS/ENV/RUNTIME/npm-cache/_cacache/tmp/8436ec97
2026-05-26T00:11:22.0000000000Z	4715	/mnt/h/AETHIEAOPSYS/ENV/RUNTIME/npm-cache/_cacache/tmp/401e4c60
2026-05-26T00:11:22.0000000000Z	4741	/mnt/h/AETHIEAOPSYS/ENV/RUNTIME/npm-cache/_cacache/tmp/1a5e0c82
2026-05-26T00:11:22.0000000000Z	6090	/mnt/h/AETHIEAOPSYS/ENV/RUNTIME/npm-cache/_cacache/tmp/3ef08990
2026-05-26T00:11:22.0000000000Z	6776	/mnt/h/AETHIEAOPSYS/ENV/RUNTIME/npm-cache/_cacache/tmp/7656af74
2026-05-26T00:11:22.0000000000Z	7479	/mnt/h/AETHIEAOPSYS/ENV/RUNTIME/npm-cache/_cacache/tmp/f890a57c
2026-05-26T00:11:30.0000000000Z	7461	/mnt/h/AETHIEAOPSYS/ENV/RUNTIME/npm-cache/_cacache/tmp/d89f618c
2026-05-26T00:11:48.0000000000Z	1814	/mnt/h/AETHIEAOPSYS/ENV/RUNTIME/npm-cache/_cacache/tmp/3f74971d
2026-05-26T00:11:48.0000000000Z	5442	/mnt/h/AETHIEAOPSYS/ENV/RUNTIME/npm-cache/_cacache/tmp/10484963
2026-05-26T00:11:48.0000000000Z	6492	/mnt/h/AETHIEAOPSYS/ENV/RUNTIME/npm-cache/_cacache/tmp/0d2873a7
2026-05-26T00:11:50.0000000000Z	4499	/mnt/h/AETHIEAOPSYS/ENV/RUNTIME/npm-cache/_cacache/tmp/69eab7bc
2026-05-26T00:11:50.0000000000Z	5495	/mnt/h/AETHIEAOPSYS/ENV/RUNTIME/npm-cache/_cacache/tmp/10c79d00
2026-05-26T00:11:50.0000000000Z	5785	/mnt/h/AETHIEAOPSYS/ENV/RUNTIME/npm-cache/_cacache/tmp/8cdf90bc
2026-05-26T00:11:50.0000000000Z	6308	/mnt/h/AETHIEAOPSYS/ENV/RUNTIME/npm-cache/_cacache/tmp/0eaf3976
2026-05-26T00:11:50.0000000000Z	7216	/mnt/h/AETHIEAOPSYS/ENV/RUNTIME/npm-cache/_cacache/tmp/6de080a2
2026-05-26T00:12:08.0000000000Z	2530	/mnt/h/AETHIEAOPSYS/ENV/RUNTIME/npm-cache/_cacache/tmp/a769ca46
2026-05-26T00:12:08.0000000000Z	4369	/mnt/h/AETHIEAOPSYS/ENV/RUNTIME/npm-cache/_cacache/tmp/95cce6e1
2026-05-26T00:12:20.0000000000Z	10449	/mnt/h/AETHIEAOPSYS/ENV/RUNTIME/npm-cache/_cacache/tmp/f2e05fdc
2026-05-26T00:12:20.0000000000Z	4793	/mnt/h/AETHIEAOPSYS/ENV/RUNTIME/npm-cache/_cacache/tmp/a4682f1a
2026-05-26T00:12:20.0000000000Z	5463	/mnt/h/AETHIEAOPSYS/ENV/RUNTIME/npm-cache/_cacache/tmp/5874cc99
2026-05-26T00:12:20.0000000000Z	6678	/mnt/h/AETHIEAOPSYS/ENV/RUNTIME/npm-cache/_cacache/tmp/eccaf2e1
2026-05-26T00:12:20.0000000000Z	7621	/mnt/h/AETHIEAOPSYS/ENV/RUNTIME/npm-cache/_cacache/tmp/e30e1d8f
2026-05-26T00:12:48.0000000000Z	11266	/mnt/h/AETHIEAOPSYS/ENV/RUNTIME/npm-cache/_cacache/tmp/e976105d
2026-05-26T00:12:48.0000000000Z	3082	/mnt/h/AETHIEAOPSYS/ENV/RUNTIME/npm-cache/_cacache/tmp/4dee111f
2026-05-26T00:13:32.0000000000Z	8275	/mnt/h/AETHIEAOPSYS/ENV/RUNTIME/npm-cache/_cacache/tmp/03c8ecdc
2026-05-26T00:13:36.0000000000Z	5501	/mnt/h/AETHIEAOPSYS/ENV/RUNTIME/npm-cache/_cacache/tmp/65d43617
2026-05-26T00:13:44.0000000000Z	10317	/mnt/h/AETHIEAOPSYS/ENV/RUNTIME/npm-cache/_cacache/tmp/6e9cd103
2026-05-26T00:13:44.0000000000Z	15790	/mnt/h/AETHIEAOPSYS/ENV/RUNTIME/npm-cache/_cacache/tmp/2c49e155
2026-05-26T00:13:44.0000000000Z	26357	/mnt/h/AETHIEAOPSYS/ENV/RUNTIME/npm-cache/_cacache/tmp/8737be50
2026-05-26T00:13:44.0000000000Z	5863	/mnt/h/AETHIEAOPSYS/ENV/RUNTIME/npm-cache/_cacache/tmp/d206d1b4
2026-05-26T00:13:44.0000000000Z	7603	/mnt/h/AETHIEAOPSYS/ENV/RUNTIME/npm-cache/_cacache/tmp/8c55b26c
2026-05-26T00:13:44.0000000000Z	8047	/mnt/h/AETHIEAOPSYS/ENV/RUNTIME/npm-cache/_cacache/tmp/dc7e3ccf
2026-05-26T00:15:38.0000000000Z	9822	/mnt/h/AETHIEAOPSYS/ENV/RUNTIME/npm-cache/_cacache/tmp/b182586f
2026-05-26T00:16:06.0000000000Z	11480	/mnt/h/AETHIEAOPSYS/ENV/RUNTIME/npm-cache/_cacache/tmp/e6af5caf
2026-05-26T00:16:06.0000000000Z	12234	/mnt/h/AETHIEAOPSYS/ENV/RUNTIME/npm-cache/_cacache/tmp/afa0e3af
2026-05-26T00:16:06.0000000000Z	13369	/mnt/h/AETHIEAOPSYS/ENV/RUNTIME/npm-cache/_cacache/tmp/22a74ca1
2026-05-26T00:16:06.0000000000Z	13668	/mnt/h/AETHIEAOPSYS/ENV/RUNTIME/npm-cache/_cacache/tmp/8f8f4088
2026-05-26T00:16:06.0000000000Z	2258	/mnt/h/AETHIEAOPSYS/ENV/RUNTIME/npm-cache/_cacache/tmp/916d13c7
2026-05-26T00:16:06.0000000000Z	2625	/mnt/h/AETHIEAOPSYS/ENV/RUNTIME/npm-cache/_cacache/tmp/895e57b3
2026-05-26T00:16:06.0000000000Z	28418	/mnt/h/AETHIEAOPSYS/ENV/RUNTIME/npm-cache/_cacache/tmp/d41b1117
2026-05-26T00:16:06.0000000000Z	4210	/mnt/h/AETHIEAOPSYS/ENV/RUNTIME/npm-cache/_cacache/tmp/7204f0d9
2026-05-26T00:16:06.0000000000Z	4869	/mnt/h/AETHIEAOPSYS/ENV/RUNTIME/npm-cache/_cacache/tmp/2a779f79
2026-05-26T00:16:06.0000000000Z	7058	/mnt/h/AETHIEAOPSYS/ENV/RUNTIME/npm-cache/_cacache/tmp/abfa453d
2026-05-26T00:16:08.0000000000Z	24066	/mnt/h/AETHIEAOPSYS/ENV/RUNTIME/npm-cache/_cacache/tmp/8f12fa1a
2026-05-26T00:16:08.0000000000Z	5814	/mnt/h/AETHIEAOPSYS/ENV/RUNTIME/npm-cache/_cacache/tmp/df54e48b
2026-05-26T00:16:30.0000000000Z	3151	/mnt/h/AETHIEAOPSYS/ENV/RUNTIME/npm-cache/_cacache/tmp/6cd43c06
2026-05-26T00:16:34.0000000000Z	2008	/mnt/h/AETHIEAOPSYS/ENV/RUNTIME/npm-cache/_cacache/tmp/cc2bac36
2026-05-26T00:16:34.0000000000Z	2073	/mnt/h/AETHIEAOPSYS/ENV/RUNTIME/npm-cache/_cacache/tmp/a3cfd438
2026-05-26T00:16:34.0000000000Z	3071	/mnt/h/AETHIEAOPSYS/ENV/RUNTIME/npm-cache/_cacache/tmp/dc48e8eb
2026-05-26T00:16:34.0000000000Z	3265	/mnt/h/AETHIEAOPSYS/ENV/RUNTIME/npm-cache/_cacache/tmp/c57a0a14
2026-05-26T00:16:34.0000000000Z	5750	/mnt/h/AETHIEAOPSYS/ENV/RUNTIME/npm-cache/_cacache/tmp/4392e8b5
2026-05-26T00:16:36.0000000000Z	10382	/mnt/h/AETHIEAOPSYS/ENV/RUNTIME/npm-cache/_cacache/tmp/1a11c4ef
2026-05-26T00:16:36.0000000000Z	14663	/mnt/h/AETHIEAOPSYS/ENV/RUNTIME/npm-cache/_cacache/tmp/226b973f
2026-05-26T00:16:36.0000000000Z	1658	/mnt/h/AETHIEAOPSYS/ENV/RUNTIME/npm-cache/_cacache/tmp/c4cc3f79
2026-05-26T00:16:36.0000000000Z	1979	/mnt/h/AETHIEAOPSYS/ENV/RUNTIME/npm-cache/_cacache/tmp/20d43564
2026-05-26T00:16:36.0000000000Z	2510	/mnt/h/AETHIEAOPSYS/ENV/RUNTIME/npm-cache/_cacache/tmp/600e10f0
2026-05-26T00:16:36.0000000000Z	2675	/mnt/h/AETHIEAOPSYS/ENV/RUNTIME/npm-cache/_cacache/tmp/8b7ad080
2026-05-26T00:16:36.0000000000Z	2967	/mnt/h/AETHIEAOPSYS/ENV/RUNTIME/npm-cache/_cacache/tmp/c1b69a65
2026-05-26T00:16:36.0000000000Z	3310	/mnt/h/AETHIEAOPSYS/ENV/RUNTIME/npm-cache/_cacache/tmp/9d3ca6ee
2026-05-26T00:16:36.0000000000Z	3717	/mnt/h/AETHIEAOPSYS/ENV/RUNTIME/npm-cache/_cacache/tmp/b932bd93
2026-05-26T00:16:36.0000000000Z	3788	/mnt/h/AETHIEAOPSYS/ENV/RUNTIME/npm-cache/_cacache/tmp/8a11df18
2026-05-26T00:16:36.0000000000Z	3799	/mnt/h/AETHIEAOPSYS/ENV/RUNTIME/npm-cache/_cacache/tmp/f708d9c0
2026-05-26T00:16:36.0000000000Z	3818	/mnt/h/AETHIEAOPSYS/ENV/RUNTIME/npm-cache/_cacache/tmp/e746d99e
2026-05-26T00:16:36.0000000000Z	3833	/mnt/h/AETHIEAOPSYS/ENV/RUNTIME/npm-cache/_cacache/tmp/9e3739c6
2026-05-26T00:16:36.0000000000Z	3898	/mnt/h/AETHIEAOPSYS/ENV/RUNTIME/npm-cache/_cacache/tmp/017b9726
2026-05-26T00:16:36.0000000000Z	4026	/mnt/h/AETHIEAOPSYS/ENV/RUNTIME/npm-cache/_cacache/tmp/9b09d189
2026-05-26T00:16:36.0000000000Z	4216	/mnt/h/AETHIEAOPSYS/ENV/RUNTIME/npm-cache/_cacache/tmp/fb993c95
2026-05-26T00:16:36.0000000000Z	4225	/mnt/h/AETHIEAOPSYS/ENV/RUNTIME/npm-cache/_cacache/tmp/e0f6cf6c
2026-05-26T00:16:36.0000000000Z	4441	/mnt/h/AETHIEAOPSYS/ENV/RUNTIME/npm-cache/_cacache/tmp/72d5b637
2026-05-26T00:16:36.0000000000Z	4448	/mnt/h/AETHIEAOPSYS/ENV/RUNTIME/npm-cache/_cacache/tmp/530bd84d
2026-05-26T00:16:36.0000000000Z	4513	/mnt/h/AETHIEAOPSYS/ENV/RUNTIME/npm-cache/_cacache/tmp/e9d45722
2026-05-26T00:16:36.0000000000Z	4589	/mnt/h/AETHIEAOPSYS/ENV/RUNTIME/npm-cache/_cacache/tmp/b0127aea
2026-05-26T00:16:36.0000000000Z	4866	/mnt/h/AETHIEAOPSYS/ENV/RUNTIME/npm-cache/_cacache/tmp/af71bd36
2026-05-26T00:16:36.0000000000Z	4912	/mnt/h/AETHIEAOPSYS/ENV/RUNTIME/npm-cache/_cacache/tmp/6f3a6947
2026-05-26T00:16:36.0000000000Z	5007	/mnt/h/AETHIEAOPSYS/ENV/RUNTIME/npm-cache/_cacache/tmp/49615d85
2026-05-26T00:16:36.0000000000Z	5904	/mnt/h/AETHIEAOPSYS/ENV/RUNTIME/npm-cache/_cacache/tmp/8bc92d53
2026-05-26T00:16:36.0000000000Z	6356	/mnt/h/AETHIEAOPSYS/ENV/RUNTIME/npm-cache/_cacache/tmp/5ac18b6c
2026-05-26T00:16:36.0000000000Z	6593	/mnt/h/AETHIEAOPSYS/ENV/RUNTIME/npm-cache/_cacache/tmp/bf216906
2026-05-26T00:16:36.0000000000Z	6792	/mnt/h/AETHIEAOPSYS/ENV/RUNTIME/npm-cache/_cacache/tmp/6f7741ce
2026-05-26T00:16:36.0000000000Z	7127	/mnt/h/AETHIEAOPSYS/ENV/RUNTIME/npm-cache/_cacache/tmp/09e07a29
2026-05-26T00:16:36.0000000000Z	9611	/mnt/h/AETHIEAOPSYS/ENV/RUNTIME/npm-cache/_cacache/tmp/7105e9e1
2026-05-26T00:16:56.0000000000Z	2013	/mnt/h/AETHIEAOPSYS/ENV/RUNTIME/npm-cache/_cacache/tmp/ce128e9e
2026-05-26T00:16:56.0000000000Z	3658	/mnt/h/AETHIEAOPSYS/ENV/RUNTIME/npm-cache/_cacache/tmp/385acda8
2026-05-26T00:16:56.0000000000Z	7094	/mnt/h/AETHIEAOPSYS/ENV/RUNTIME/npm-cache/_cacache/tmp/a93b6ad7
2026-05-26T00:17:02.0000000000Z	4551	/mnt/h/AETHIEAOPSYS/ENV/RUNTIME/npm-cache/_cacache/tmp/67f39696
2026-05-26T00:17:10.0000000000Z	4079	/mnt/h/AETHIEAOPSYS/ENV/RUNTIME/npm-cache/_cacache/tmp/b16eebb6
2026-05-26T00:17:10.0000000000Z	4844	/mnt/h/AETHIEAOPSYS/ENV/RUNTIME/npm-cache/_cacache/tmp/f424f4da
2026-05-26T00:17:10.0000000000Z	5681	/mnt/h/AETHIEAOPSYS/ENV/RUNTIME/npm-cache/_cacache/tmp/5ab461b6
2026-05-26T00:17:12.0000000000Z	10551	/mnt/h/AETHIEAOPSYS/ENV/RUNTIME/npm-cache/_cacache/tmp/ef8e08ee
2026-05-26T00:17:12.0000000000Z	13081	/mnt/h/AETHIEAOPSYS/ENV/RUNTIME/npm-cache/_cacache/tmp/db202225
2026-05-26T00:17:12.0000000000Z	1620	/mnt/h/AETHIEAOPSYS/ENV/RUNTIME/npm-cache/_cacache/tmp/de68cad6
2026-05-26T00:17:12.0000000000Z	1721	/mnt/h/AETHIEAOPSYS/ENV/RUNTIME/npm-cache/_cacache/tmp/c16e15bf
2026-05-26T00:17:12.0000000000Z	1812	/mnt/h/AETHIEAOPSYS/ENV/RUNTIME/npm-cache/_cacache/tmp/cf417139
2026-05-26T00:17:12.0000000000Z	1821	/mnt/h/AETHIEAOPSYS/ENV/RUNTIME/npm-cache/_cacache/tmp/2e3069f3
2026-05-26T00:17:12.0000000000Z	1961	/mnt/h/AETHIEAOPSYS/ENV/RUNTIME/npm-cache/_cacache/tmp/3fae9e12
2026-05-26T00:17:12.0000000000Z	2030	/mnt/h/AETHIEAOPSYS/ENV/RUNTIME/npm-cache/_cacache/tmp/a98b94d7
2026-05-26T00:17:12.0000000000Z	2049	/mnt/h/AETHIEAOPSYS/ENV/RUNTIME/npm-cache/_cacache/tmp/4e080131
2026-05-26T00:17:12.0000000000Z	2065	/mnt/h/AETHIEAOPSYS/ENV/RUNTIME/npm-cache/_cacache/tmp/61e183a0
2026-05-26T00:17:12.0000000000Z	2113	/mnt/h/AETHIEAOPSYS/ENV/RUNTIME/npm-cache/_cacache/tmp/dc01cb01
2026-05-26T00:17:12.0000000000Z	2169	/mnt/h/AETHIEAOPSYS/ENV/RUNTIME/npm-cache/_cacache/tmp/1c319ee8
2026-05-26T00:17:12.0000000000Z	2225	/mnt/h/AETHIEAOPSYS/ENV/RUNTIME/npm-cache/_cacache/tmp/6da748de
2026-05-26T00:17:12.0000000000Z	2618	/mnt/h/AETHIEAOPSYS/ENV/RUNTIME/npm-cache/_cacache/tmp/f8f949e9
2026-05-26T00:17:12.0000000000Z	2663	/mnt/h/AETHIEAOPSYS/ENV/RUNTIME/npm-cache/_cacache/tmp/9c253f31
2026-05-26T00:17:12.0000000000Z	2954	/mnt/h/AETHIEAOPSYS/ENV/RUNTIME/npm-cache/_cacache/tmp/362d9095
2026-05-26T00:17:12.0000000000Z	2954	/mnt/h/AETHIEAOPSYS/ENV/RUNTIME/npm-cache/_cacache/tmp/4efce335
2026-05-26T00:17:12.0000000000Z	3031	/mnt/h/AETHIEAOPSYS/ENV/RUNTIME/npm-cache/_cacache/tmp/9c03533f
2026-05-26T00:17:12.0000000000Z	3192	/mnt/h/AETHIEAOPSYS/ENV/RUNTIME/npm-cache/_cacache/tmp/1adab42a
2026-05-26T00:17:12.0000000000Z	3199	/mnt/h/AETHIEAOPSYS/ENV/RUNTIME/npm-cache/_cacache/tmp/a1bee906
2026-05-26T00:17:12.0000000000Z	3743	/mnt/h/AETHIEAOPSYS/ENV/RUNTIME/npm-cache/_cacache/tmp/612565d4
2026-05-26T00:17:12.0000000000Z	3756	/mnt/h/AETHIEAOPSYS/ENV/RUNTIME/npm-cache/_cacache/tmp/18ff2763
2026-05-26T00:17:12.0000000000Z	3840	/mnt/h/AETHIEAOPSYS/ENV/RUNTIME/npm-cache/_cacache/tmp/9b2a4f4c
2026-05-26T00:17:12.0000000000Z	4255	/mnt/h/AETHIEAOPSYS/ENV/RUNTIME/npm-cache/_cacache/tmp/82dbfa76
2026-05-26T00:17:12.0000000000Z	4282	/mnt/h/AETHIEAOPSYS/ENV/RUNTIME/npm-cache/_cacache/tmp/895a994f
2026-05-26T00:17:12.0000000000Z	4312	/mnt/h/AETHIEAOPSYS/ENV/RUNTIME/npm-cache/_cacache/tmp/6352bc30
2026-05-26T00:17:12.0000000000Z	4385	/mnt/h/AETHIEAOPSYS/ENV/RUNTIME/npm-cache/_cacache/tmp/87acc3ff
2026-05-26T00:17:12.0000000000Z	4505	/mnt/h/AETHIEAOPSYS/ENV/RUNTIME/npm-cache/_cacache/tmp/18eb6c2e
2026-05-26T00:17:12.0000000000Z	4621	/mnt/h/AETHIEAOPSYS/ENV/RUNTIME/npm-cache/_cacache/tmp/358bca42
2026-05-26T00:17:12.0000000000Z	5141	/mnt/h/AETHIEAOPSYS/ENV/RUNTIME/npm-cache/_cacache/tmp/5311dbcb
2026-05-26T00:17:12.0000000000Z	5740	/mnt/h/AETHIEAOPSYS/ENV/RUNTIME/npm-cache/_cacache/tmp/1583621e
2026-05-26T00:17:12.0000000000Z	5816	/mnt/h/AETHIEAOPSYS/ENV/RUNTIME/npm-cache/_cacache/tmp/bbd78321
2026-05-26T00:17:12.0000000000Z	6153	/mnt/h/AETHIEAOPSYS/ENV/RUNTIME/npm-cache/_cacache/tmp/e7092635
2026-05-26T00:17:12.0000000000Z	6542	/mnt/h/AETHIEAOPSYS/ENV/RUNTIME/npm-cache/_cacache/tmp/a530f6b1
2026-05-26T00:17:12.0000000000Z	6594	/mnt/h/AETHIEAOPSYS/ENV/RUNTIME/npm-cache/_cacache/tmp/18729374
2026-05-26T00:17:12.0000000000Z	6696	/mnt/h/AETHIEAOPSYS/ENV/RUNTIME/npm-cache/_cacache/tmp/1c370778
2026-05-26T00:17:12.0000000000Z	7131	/mnt/h/AETHIEAOPSYS/ENV/RUNTIME/npm-cache/_cacache/tmp/b8b4f19a
2026-05-26T00:17:12.0000000000Z	7465	/mnt/h/AETHIEAOPSYS/ENV/RUNTIME/npm-cache/_cacache/tmp/d24fcc90
2026-05-26T00:17:12.0000000000Z	8620	/mnt/h/AETHIEAOPSYS/ENV/RUNTIME/npm-cache/_cacache/tmp/46489572
2026-05-26T00:17:12.0000000000Z	9699	/mnt/h/AETHIEAOPSYS/ENV/RUNTIME/npm-cache/_cacache/tmp/d2fead4a
2026-05-26T00:17:26.0000000000Z	12725	/mnt/h/AETHIEAOPSYS/ENV/RUNTIME/npm-cache/_cacache/tmp/5223de86
2026-05-26T00:17:30.0000000000Z	4235	/mnt/h/AETHIEAOPSYS/ENV/RUNTIME/npm-cache/_cacache/tmp/682fa275
2026-05-26T00:17:30.0000000000Z	4475	/mnt/h/AETHIEAOPSYS/ENV/RUNTIME/npm-cache/_cacache/tmp/41384a51
2026-05-26T00:17:30.0000000000Z	6448	/mnt/h/AETHIEAOPSYS/ENV/RUNTIME/npm-cache/_cacache/tmp/01821686
2026-05-26T00:17:34.0000000000Z	2206	/mnt/h/AETHIEAOPSYS/ENV/RUNTIME/npm-cache/_cacache/tmp/df956132
2026-05-26T00:17:34.0000000000Z	3449	/mnt/h/AETHIEAOPSYS/ENV/RUNTIME/npm-cache/_cacache/tmp/25d6237b
2026-05-26T00:17:34.0000000000Z	3730	/mnt/h/AETHIEAOPSYS/ENV/RUNTIME/npm-cache/_cacache/tmp/860ffb2f
2026-05-26T00:17:34.0000000000Z	4109	/mnt/h/AETHIEAOPSYS/ENV/RUNTIME/npm-cache/_cacache/tmp/47c234b1
2026-05-26T00:17:34.0000000000Z	5049	/mnt/h/AETHIEAOPSYS/ENV/RUNTIME/npm-cache/_cacache/tmp/01738abb
2026-05-26T00:17:34.0000000000Z	6521	/mnt/h/AETHIEAOPSYS/ENV/RUNTIME/npm-cache/_cacache/tmp/1e003cd0
2026-05-26T00:17:34.0000000000Z	9804	/mnt/h/AETHIEAOPSYS/ENV/RUNTIME/npm-cache/_cacache/tmp/0d2d3456
2026-05-26T00:17:38.0000000000Z	13800	/mnt/h/AETHIEAOPSYS/ENV/RUNTIME/npm-cache/_cacache/tmp/e0d7521a
2026-05-26T00:17:38.0000000000Z	1917	/mnt/h/AETHIEAOPSYS/ENV/RUNTIME/npm-cache/_cacache/tmp/940159b2
2026-05-26T00:17:38.0000000000Z	2183	/mnt/h/AETHIEAOPSYS/ENV/RUNTIME/npm-cache/_cacache/tmp/cdc5109c
2026-05-26T00:17:38.0000000000Z	2696	/mnt/h/AETHIEAOPSYS/ENV/RUNTIME/npm-cache/_cacache/tmp/f8d4f7fe
2026-05-26T00:17:38.0000000000Z	3656	/mnt/h/AETHIEAOPSYS/ENV/RUNTIME/npm-cache/_cacache/tmp/0eb21630
2026-05-26T00:17:38.0000000000Z	3699	/mnt/h/AETHIEAOPSYS/ENV/RUNTIME/npm-cache/_cacache/tmp/c67f53e1
2026-05-26T00:17:38.0000000000Z	3806	/mnt/h/AETHIEAOPSYS/ENV/RUNTIME/npm-cache/_cacache/tmp/c24fdf94
2026-05-26T00:17:38.0000000000Z	3965	/mnt/h/AETHIEAOPSYS/ENV/RUNTIME/npm-cache/_cacache/tmp/13906081
2026-05-26T00:17:38.0000000000Z	4053	/mnt/h/AETHIEAOPSYS/ENV/RUNTIME/npm-cache/_cacache/tmp/a9bc1ee5
2026-05-26T00:17:38.0000000000Z	4330	/mnt/h/AETHIEAOPSYS/ENV/RUNTIME/npm-cache/_cacache/tmp/028cbaa0
2026-05-26T00:17:38.0000000000Z	4386	/mnt/h/AETHIEAOPSYS/ENV/RUNTIME/npm-cache/_cacache/tmp/64e52414
2026-05-26T00:17:38.0000000000Z	4474	/mnt/h/AETHIEAOPSYS/ENV/RUNTIME/npm-cache/_cacache/tmp/503ea276
2026-05-26T00:17:38.0000000000Z	4584	/mnt/h/AETHIEAOPSYS/ENV/RUNTIME/npm-cache/_cacache/tmp/5c3f578b
2026-05-26T00:17:38.0000000000Z	5512	/mnt/h/AETHIEAOPSYS/ENV/RUNTIME/npm-cache/_cacache/tmp/db2c1922
2026-05-26T00:17:38.0000000000Z	5699	/mnt/h/AETHIEAOPSYS/ENV/RUNTIME/npm-cache/_cacache/tmp/5bd2f871
2026-05-26T00:17:38.0000000000Z	5723	/mnt/h/AETHIEAOPSYS/ENV/RUNTIME/npm-cache/_cacache/tmp/ed952708
2026-05-26T00:17:38.0000000000Z	5851	/mnt/h/AETHIEAOPSYS/ENV/RUNTIME/npm-cache/_cacache/tmp/da034bb9
2026-05-26T00:17:38.0000000000Z	6318	/mnt/h/AETHIEAOPSYS/ENV/RUNTIME/npm-cache/_cacache/tmp/e1b7f857
2026-05-26T00:17:38.0000000000Z	6341	/mnt/h/AETHIEAOPSYS/ENV/RUNTIME/npm-cache/_cacache/tmp/0c55b84f
2026-05-26T00:17:38.0000000000Z	7258	/mnt/h/AETHIEAOPSYS/ENV/RUNTIME/npm-cache/_cacache/tmp/aa187b1e
2026-05-26T00:17:38.0000000000Z	8052	/mnt/h/AETHIEAOPSYS/ENV/RUNTIME/npm-cache/_cacache/tmp/25c3ccab
2026-05-26T00:17:38.0000000000Z	9542	/mnt/h/AETHIEAOPSYS/ENV/RUNTIME/npm-cache/_cacache/tmp/d999f662
2026-05-26T00:17:38.0000000000Z	9742	/mnt/h/AETHIEAOPSYS/ENV/RUNTIME/npm-cache/_cacache/tmp/f62d63ee
2026-05-26T00:17:38.0000000000Z	9799	/mnt/h/AETHIEAOPSYS/ENV/RUNTIME/npm-cache/_cacache/tmp/94d43f62
2026-05-26T00:17:38.0000000000Z	9967	/mnt/h/AETHIEAOPSYS/ENV/RUNTIME/npm-cache/_cacache/tmp/a94ba10f
2026-05-26T00:17:40.0000000000Z	1680	/mnt/h/AETHIEAOPSYS/ENV/RUNTIME/npm-cache/_cacache/tmp/9165d6bb
2026-05-26T00:17:40.0000000000Z	1811	/mnt/h/AETHIEAOPSYS/ENV/RUNTIME/npm-cache/_cacache/tmp/551095d3
2026-05-26T00:17:40.0000000000Z	2017	/mnt/h/AETHIEAOPSYS/ENV/RUNTIME/npm-cache/_cacache/tmp/96b66784
2026-05-26T00:17:40.0000000000Z	2063	/mnt/h/AETHIEAOPSYS/ENV/RUNTIME/npm-cache/_cacache/tmp/8079366d
2026-05-26T00:17:40.0000000000Z	2263	/mnt/h/AETHIEAOPSYS/ENV/RUNTIME/npm-cache/_cacache/tmp/5601e82f
2026-05-26T00:17:40.0000000000Z	2433	/mnt/h/AETHIEAOPSYS/ENV/RUNTIME/npm-cache/_cacache/tmp/bfbf3aeb
2026-05-26T00:17:40.0000000000Z	2524	/mnt/h/AETHIEAOPSYS/ENV/RUNTIME/npm-cache/_cacache/tmp/6e6e2353
2026-05-26T00:17:40.0000000000Z	2635	/mnt/h/AETHIEAOPSYS/ENV/RUNTIME/npm-cache/_cacache/tmp/66257c60
2026-05-26T00:17:40.0000000000Z	2668	/mnt/h/AETHIEAOPSYS/ENV/RUNTIME/npm-cache/_cacache/tmp/5269493f
2026-05-26T00:17:40.0000000000Z	2733	/mnt/h/AETHIEAOPSYS/ENV/RUNTIME/npm-cache/_cacache/tmp/29c27adf
2026-05-26T00:17:40.0000000000Z	2868	/mnt/h/AETHIEAOPSYS/ENV/RUNTIME/npm-cache/_cacache/tmp/da716439
2026-05-26T00:17:40.0000000000Z	2893	/mnt/h/AETHIEAOPSYS/ENV/RUNTIME/npm-cache/_cacache/tmp/afc4df5a
2026-05-26T00:17:40.0000000000Z	2908	/mnt/h/AETHIEAOPSYS/ENV/RUNTIME/npm-cache/_cacache/tmp/51b25d36
2026-05-26T00:17:40.0000000000Z	2935	/mnt/h/AETHIEAOPSYS/ENV/RUNTIME/npm-cache/_cacache/tmp/2f1e865b
2026-05-26T00:17:40.0000000000Z	2955	/mnt/h/AETHIEAOPSYS/ENV/RUNTIME/npm-cache/_cacache/tmp/2cc3a219
2026-05-26T00:17:40.0000000000Z	3020	/mnt/h/AETHIEAOPSYS/ENV/RUNTIME/npm-cache/_cacache/tmp/d6516c42
2026-05-26T00:17:40.0000000000Z	3078	/mnt/h/AETHIEAOPSYS/ENV/RUNTIME/npm-cache/_cacache/tmp/a2fcf057
2026-05-26T00:17:40.0000000000Z	3163	/mnt/h/AETHIEAOPSYS/ENV/RUNTIME/npm-cache/_cacache/tmp/88c14baa
2026-05-26T00:17:40.0000000000Z	3400	/mnt/h/AETHIEAOPSYS/ENV/RUNTIME/npm-cache/_cacache/tmp/23658c35
2026-05-26T00:17:40.0000000000Z	3544	/mnt/h/AETHIEAOPSYS/ENV/RUNTIME/npm-cache/_cacache/tmp/fbbd2c43
2026-05-26T00:17:40.0000000000Z	3736	/mnt/h/AETHIEAOPSYS/ENV/RUNTIME/npm-cache/_cacache/tmp/901fe7e3
2026-05-26T00:17:40.0000000000Z	3822	/mnt/h/AETHIEAOPSYS/ENV/RUNTIME/npm-cache/_cacache/tmp/4940a607
2026-05-26T00:17:40.0000000000Z	3862	/mnt/h/AETHIEAOPSYS/ENV/RUNTIME/npm-cache/_cacache/tmp/f6712765
2026-05-26T00:17:40.0000000000Z	3914	/mnt/h/AETHIEAOPSYS/ENV/RUNTIME/npm-cache/_cacache/tmp/841eca5f
2026-05-26T00:17:40.0000000000Z	3936	/mnt/h/AETHIEAOPSYS/ENV/RUNTIME/npm-cache/_cacache/tmp/aa9ffa73
2026-05-26T00:17:40.0000000000Z	4249	/mnt/h/AETHIEAOPSYS/ENV/RUNTIME/npm-cache/_cacache/tmp/e03164da
2026-05-26T00:17:40.0000000000Z	4286	/mnt/h/AETHIEAOPSYS/ENV/RUNTIME/npm-cache/_cacache/tmp/f5d0cda4
2026-05-26T00:17:40.0000000000Z	4405	/mnt/h/AETHIEAOPSYS/ENV/RUNTIME/npm-cache/_cacache/tmp/4a256741
2026-05-26T00:17:40.0000000000Z	4431	/mnt/h/AETHIEAOPSYS/ENV/RUNTIME/npm-cache/_cacache/tmp/3cb37446
2026-05-26T00:17:40.0000000000Z	4613	/mnt/h/AETHIEAOPSYS/ENV/RUNTIME/npm-cache/_cacache/tmp/e660b11b
2026-05-26T00:17:40.0000000000Z	4658	/mnt/h/AETHIEAOPSYS/ENV/RUNTIME/npm-cache/_cacache/tmp/744ae644
2026-05-26T00:17:40.0000000000Z	5049	/mnt/h/AETHIEAOPSYS/ENV/RUNTIME/npm-cache/_cacache/tmp/c194608f
2026-05-26T00:17:40.0000000000Z	5338	/mnt/h/AETHIEAOPSYS/ENV/RUNTIME/npm-cache/_cacache/tmp/6789842a
2026-05-26T00:17:40.0000000000Z	6067	/mnt/h/AETHIEAOPSYS/ENV/RUNTIME/npm-cache/_cacache/tmp/4ca59b31
2026-05-26T00:17:40.0000000000Z	6173	/mnt/h/AETHIEAOPSYS/ENV/RUNTIME/npm-cache/_cacache/tmp/32b0743c
2026-05-26T00:17:40.0000000000Z	6255	/mnt/h/AETHIEAOPSYS/ENV/RUNTIME/npm-cache/_cacache/tmp/d0fce600
2026-05-26T00:17:40.0000000000Z	6382	/mnt/h/AETHIEAOPSYS/ENV/RUNTIME/npm-cache/_cacache/tmp/e2023714
2026-05-26T00:17:40.0000000000Z	6495	/mnt/h/AETHIEAOPSYS/ENV/RUNTIME/npm-cache/_cacache/tmp/11a79ee4
2026-05-26T00:17:40.0000000000Z	6714	/mnt/h/AETHIEAOPSYS/ENV/RUNTIME/npm-cache/_cacache/tmp/a4c93a8e
2026-05-26T00:17:40.0000000000Z	6865	/mnt/h/AETHIEAOPSYS/ENV/RUNTIME/npm-cache/_cacache/tmp/f57fc02e
2026-05-26T00:17:40.0000000000Z	6969	/mnt/h/AETHIEAOPSYS/ENV/RUNTIME/npm-cache/_cacache/tmp/680d002d
2026-05-26T00:17:40.0000000000Z	8165	/mnt/h/AETHIEAOPSYS/ENV/RUNTIME/npm-cache/_cacache/tmp/c5e306bd
2026-05-26T00:17:40.0000000000Z	8452	/mnt/h/AETHIEAOPSYS/ENV/RUNTIME/npm-cache/_cacache/tmp/dc55b56b
2026-05-26T00:17:40.0000000000Z	8996	/mnt/h/AETHIEAOPSYS/ENV/RUNTIME/npm-cache/_cacache/tmp/c131399e
2026-05-26T00:17:46.0000000000Z	2472	/mnt/h/AETHIEAOPSYS/ENV/RUNTIME/npm-cache/_cacache/tmp/59fade7d
2026-05-26T00:17:50.0000000000Z	4496	/mnt/h/AETHIEAOPSYS/ENV/RUNTIME/npm-cache/_cacache/tmp/51a62059
2026-05-26T00:17:52.0000000000Z	3744	/mnt/h/AETHIEAOPSYS/ENV/RUNTIME/npm-cache/_cacache/tmp/a739c92e
2026-05-26T00:17:54.0000000000Z	2768	/mnt/h/AETHIEAOPSYS/ENV/RUNTIME/npm-cache/_cacache/tmp/af56ac1a
2026-05-26T00:18:04.0000000000Z	5849	/mnt/h/AETHIEAOPSYS/ENV/RUNTIME/npm-cache/_cacache/tmp/4dbeaf5c
2026-05-26T00:18:06.0000000000Z	12134	/mnt/h/AETHIEAOPSYS/ENV/RUNTIME/npm-cache/_cacache/tmp/10b1bdad
2026-05-26T00:18:06.0000000000Z	13361	/mnt/h/AETHIEAOPSYS/ENV/RUNTIME/npm-cache/_cacache/tmp/8962bed7
2026-05-26T00:18:06.0000000000Z	13564	/mnt/h/AETHIEAOPSYS/ENV/RUNTIME/npm-cache/_cacache/tmp/a14c6ce0
2026-05-26T00:18:06.0000000000Z	15362	/mnt/h/AETHIEAOPSYS/ENV/RUNTIME/npm-cache/_cacache/tmp/3662d610
2026-05-26T00:18:06.0000000000Z	1951	/mnt/h/AETHIEAOPSYS/ENV/RUNTIME/npm-cache/_cacache/tmp/9b7f0cfc
2026-05-26T00:18:06.0000000000Z	2014	/mnt/h/AETHIEAOPSYS/ENV/RUNTIME/npm-cache/_cacache/tmp/43c1f679
2026-05-26T00:18:06.0000000000Z	2170	/mnt/h/AETHIEAOPSYS/ENV/RUNTIME/npm-cache/_cacache/tmp/d034cda8
2026-05-26T00:18:06.0000000000Z	2551	/mnt/h/AETHIEAOPSYS/ENV/RUNTIME/npm-cache/_cacache/tmp/fa3d7bb3
2026-05-26T00:18:06.0000000000Z	2997	/mnt/h/AETHIEAOPSYS/ENV/RUNTIME/npm-cache/_cacache/tmp/5e95c6e5
2026-05-26T00:18:06.0000000000Z	3175	/mnt/h/AETHIEAOPSYS/ENV/RUNTIME/npm-cache/_cacache/tmp/d27c5b33
2026-05-26T00:18:06.0000000000Z	3534	/mnt/h/AETHIEAOPSYS/ENV/RUNTIME/npm-cache/_cacache/tmp/c48b342d
2026-05-26T00:18:06.0000000000Z	3706	/mnt/h/AETHIEAOPSYS/ENV/RUNTIME/npm-cache/_cacache/tmp/da4cb28b
2026-05-26T00:18:06.0000000000Z	3833	/mnt/h/AETHIEAOPSYS/ENV/RUNTIME/npm-cache/_cacache/tmp/f255e515
2026-05-26T00:18:06.0000000000Z	3857	/mnt/h/AETHIEAOPSYS/ENV/RUNTIME/npm-cache/_cacache/tmp/d31604d9
2026-05-26T00:18:06.0000000000Z	3939	/mnt/h/AETHIEAOPSYS/ENV/RUNTIME/npm-cache/_cacache/tmp/0208432b
2026-05-26T00:18:06.0000000000Z	4581	/mnt/h/AETHIEAOPSYS/ENV/RUNTIME/npm-cache/_cacache/tmp/48eb4cc5
2026-05-26T00:18:06.0000000000Z	5460	/mnt/h/AETHIEAOPSYS/ENV/RUNTIME/npm-cache/_cacache/tmp/a22a4b7b
2026-05-26T00:18:06.0000000000Z	6109	/mnt/h/AETHIEAOPSYS/ENV/RUNTIME/npm-cache/_cacache/tmp/e6f46fdf
2026-05-26T00:18:06.0000000000Z	6145	/mnt/h/AETHIEAOPSYS/ENV/RUNTIME/npm-cache/_cacache/tmp/ad43d331
2026-05-26T00:18:06.0000000000Z	6444	/mnt/h/AETHIEAOPSYS/ENV/RUNTIME/npm-cache/_cacache/tmp/e725afe7
2026-05-26T00:18:06.0000000000Z	7266	/mnt/h/AETHIEAOPSYS/ENV/RUNTIME/npm-cache/_cacache/tmp/9fa0c6a5
2026-05-26T00:18:06.0000000000Z	7635	/mnt/h/AETHIEAOPSYS/ENV/RUNTIME/npm-cache/_cacache/tmp/5a83e034
2026-05-26T00:18:06.0000000000Z	9360	/mnt/h/AETHIEAOPSYS/ENV/RUNTIME/npm-cache/_cacache/tmp/1fd84557
2026-05-26T00:18:06.0000000000Z	9916	/mnt/h/AETHIEAOPSYS/ENV/RUNTIME/npm-cache/_cacache/tmp/d004002d
2026-05-26T00:18:16.0000000000Z	1950	/mnt/h/AETHIEAOPSYS/ENV/RUNTIME/npm-cache/_cacache/tmp/b9522932
2026-05-26T00:18:16.0000000000Z	6185	/mnt/h/AETHIEAOPSYS/ENV/RUNTIME/npm-cache/_cacache/tmp/748bb735
2026-05-26T00:18:18.0000000000Z	13133	/mnt/h/AETHIEAOPSYS/ENV/RUNTIME/npm-cache/_cacache/tmp/2d111f1b
2026-05-26T00:18:18.0000000000Z	2405	/mnt/h/AETHIEAOPSYS/ENV/RUNTIME/npm-cache/_cacache/tmp/49f985ed
2026-05-26T00:18:20.0000000000Z	7412	/mnt/h/AETHIEAOPSYS/ENV/RUNTIME/npm-cache/_cacache/tmp/bb7c94ff
2026-05-26T00:18:24.0000000000Z	1980	/mnt/h/AETHIEAOPSYS/ENV/RUNTIME/npm-cache/_cacache/tmp/2ecc866a
2026-05-26T00:18:28.0000000000Z	5928	/mnt/h/AETHIEAOPSYS/ENV/RUNTIME/npm-cache/_cacache/tmp/479d39ac
2026-05-26T00:18:28.0000000000Z	7199	/mnt/h/AETHIEAOPSYS/ENV/RUNTIME/npm-cache/_cacache/tmp/e6d5fcf6
2026-05-26T00:18:32.0000000000Z	10964	/mnt/h/AETHIEAOPSYS/ENV/RUNTIME/npm-cache/_cacache/tmp/d3fa9eac
2026-05-26T00:18:32.0000000000Z	11106	/mnt/h/AETHIEAOPSYS/ENV/RUNTIME/npm-cache/_cacache/tmp/b42c6a06
2026-05-26T00:18:32.0000000000Z	11377	/mnt/h/AETHIEAOPSYS/ENV/RUNTIME/npm-cache/_cacache/tmp/4eb1d1ea
2026-05-26T00:18:32.0000000000Z	11398	/mnt/h/AETHIEAOPSYS/ENV/RUNTIME/npm-cache/_cacache/tmp/04583b64
2026-05-26T00:18:32.0000000000Z	12383	/mnt/h/AETHIEAOPSYS/ENV/RUNTIME/npm-cache/_cacache/tmp/40b78b52
2026-05-26T00:18:32.0000000000Z	14245	/mnt/h/AETHIEAOPSYS/ENV/RUNTIME/npm-cache/_cacache/tmp/a95f98a7
2026-05-26T00:18:32.0000000000Z	2041	/mnt/h/AETHIEAOPSYS/ENV/RUNTIME/npm-cache/_cacache/tmp/e1c22315
2026-05-26T00:18:32.0000000000Z	2383	/mnt/h/AETHIEAOPSYS/ENV/RUNTIME/npm-cache/_cacache/tmp/7ee67922
2026-05-26T00:18:32.0000000000Z	2597	/mnt/h/AETHIEAOPSYS/ENV/RUNTIME/npm-cache/_cacache/tmp/656853c1
2026-05-26T00:18:32.0000000000Z	2597	/mnt/h/AETHIEAOPSYS/ENV/RUNTIME/npm-cache/_cacache/tmp/72993c0e
2026-05-26T00:18:32.0000000000Z	4234	/mnt/h/AETHIEAOPSYS/ENV/RUNTIME/npm-cache/_cacache/tmp/a66e5fd8
2026-05-26T00:18:32.0000000000Z	5431	/mnt/h/AETHIEAOPSYS/ENV/RUNTIME/npm-cache/_cacache/tmp/0f9ed63c
2026-05-26T00:18:32.0000000000Z	5836	/mnt/h/AETHIEAOPSYS/ENV/RUNTIME/npm-cache/_cacache/tmp/a9fbec1c
2026-05-26T00:18:32.0000000000Z	6664	/mnt/h/AETHIEAOPSYS/ENV/RUNTIME/npm-cache/_cacache/tmp/46091558
2026-05-26T00:18:32.0000000000Z	7090	/mnt/h/AETHIEAOPSYS/ENV/RUNTIME/npm-cache/_cacache/tmp/48fbeddc
2026-05-26T00:18:32.0000000000Z	7184	/mnt/h/AETHIEAOPSYS/ENV/RUNTIME/npm-cache/_cacache/tmp/b9dbdbc0
2026-05-26T00:18:32.0000000000Z	9622	/mnt/h/AETHIEAOPSYS/ENV/RUNTIME/npm-cache/_cacache/tmp/b923a8a1
2026-05-26T00:18:32.0000000000Z	9916	/mnt/h/AETHIEAOPSYS/ENV/RUNTIME/npm-cache/_cacache/tmp/920775fc
2026-05-26T00:18:32.0000000000Z	9969	/mnt/h/AETHIEAOPSYS/ENV/RUNTIME/npm-cache/_cacache/tmp/60859085
2026-05-26T00:18:46.0000000000Z	2597	/mnt/h/AETHIEAOPSYS/ENV/RUNTIME/npm-cache/_cacache/tmp/23381afc
2026-05-26T00:18:46.0000000000Z	2597	/mnt/h/AETHIEAOPSYS/ENV/RUNTIME/npm-cache/_cacache/tmp/30efa0d1
2026-05-26T00:18:46.0000000000Z	2597	/mnt/h/AETHIEAOPSYS/ENV/RUNTIME/npm-cache/_cacache/tmp/920d1d78
2026-05-26T00:18:46.0000000000Z	2597	/mnt/h/AETHIEAOPSYS/ENV/RUNTIME/npm-cache/_cacache/tmp/c496cc3d
2026-05-26T00:18:46.0000000000Z	2597	/mnt/h/AETHIEAOPSYS/ENV/RUNTIME/npm-cache/_cacache/tmp/eae36556
2026-05-26T00:18:46.0000000000Z	4377	/mnt/h/AETHIEAOPSYS/ENV/RUNTIME/npm-cache/_cacache/tmp/9c9248d5
2026-05-26T00:18:50.0000000000Z	2597	/mnt/h/AETHIEAOPSYS/ENV/RUNTIME/npm-cache/_cacache/tmp/29480f57
2026-05-26T00:18:50.0000000000Z	2597	/mnt/h/AETHIEAOPSYS/ENV/RUNTIME/npm-cache/_cacache/tmp/710ee350
2026-05-26T00:18:50.0000000000Z	9526	/mnt/h/AETHIEAOPSYS/ENV/RUNTIME/npm-cache/_cacache/tmp/d8985112
2026-05-26T00:18:52.0000000000Z	1724	/mnt/h/AETHIEAOPSYS/ENV/RUNTIME/npm-cache/_cacache/tmp/d745b1eb
2026-05-26T00:18:52.0000000000Z	2658	/mnt/h/AETHIEAOPSYS/ENV/RUNTIME/npm-cache/_cacache/tmp/db8ee7a8
2026-05-26T00:18:52.0000000000Z	4353	/mnt/h/AETHIEAOPSYS/ENV/RUNTIME/npm-cache/_cacache/tmp/f0698d24
2026-05-26T00:18:54.0000000000Z	2041	/mnt/h/AETHIEAOPSYS/ENV/RUNTIME/npm-cache/_cacache/tmp/5787a647
2026-05-26T00:18:54.0000000000Z	4432	/mnt/h/AETHIEAOPSYS/ENV/RUNTIME/npm-cache/_cacache/tmp/61f19b45
2026-05-26T00:18:56.0000000000Z	4149	/mnt/h/AETHIEAOPSYS/ENV/RUNTIME/npm-cache/_cacache/tmp/932d42d5
2026-05-26T00:18:56.0000000000Z	5094	/mnt/h/AETHIEAOPSYS/ENV/RUNTIME/npm-cache/_cacache/tmp/5c4df91f
2026-05-26T00:18:56.0000000000Z	5867	/mnt/h/AETHIEAOPSYS/ENV/RUNTIME/npm-cache/_cacache/tmp/41415cbb
2026-05-26T00:18:56.0000000000Z	6664	/mnt/h/AETHIEAOPSYS/ENV/RUNTIME/npm-cache/_cacache/tmp/59c09df5
2026-05-26T00:18:58.0000000000Z	14251	/mnt/h/AETHIEAOPSYS/ENV/RUNTIME/npm-cache/_cacache/tmp/f3671b9a
2026-05-26T00:18:58.0000000000Z	1964	/mnt/h/AETHIEAOPSYS/ENV/RUNTIME/npm-cache/_cacache/tmp/132d797d
2026-05-26T00:18:58.0000000000Z	2597	/mnt/h/AETHIEAOPSYS/ENV/RUNTIME/npm-cache/_cacache/tmp/0ab458ae
2026-05-26T00:18:58.0000000000Z	2597	/mnt/h/AETHIEAOPSYS/ENV/RUNTIME/npm-cache/_cacache/tmp/1b885157
2026-05-26T00:18:58.0000000000Z	2597	/mnt/h/AETHIEAOPSYS/ENV/RUNTIME/npm-cache/_cacache/tmp/4ef2b8aa
2026-05-26T00:18:58.0000000000Z	2597	/mnt/h/AETHIEAOPSYS/ENV/RUNTIME/npm-cache/_cacache/tmp/5c165ffa
2026-05-26T00:18:58.0000000000Z	2597	/mnt/h/AETHIEAOPSYS/ENV/RUNTIME/npm-cache/_cacache/tmp/baabc946
2026-05-26T00:18:58.0000000000Z	2597	/mnt/h/AETHIEAOPSYS/ENV/RUNTIME/npm-cache/_cacache/tmp/e30608b5
2026-05-26T00:18:58.0000000000Z	4353	/mnt/h/AETHIEAOPSYS/ENV/RUNTIME/npm-cache/_cacache/tmp/590f743d
2026-05-26T00:18:58.0000000000Z	4360	/mnt/h/AETHIEAOPSYS/ENV/RUNTIME/npm-cache/_cacache/tmp/1ebeacc5
2026-05-26T00:18:58.0000000000Z	4377	/mnt/h/AETHIEAOPSYS/ENV/RUNTIME/npm-cache/_cacache/tmp/3d148022
2026-05-26T00:18:58.0000000000Z	4377	/mnt/h/AETHIEAOPSYS/ENV/RUNTIME/npm-cache/_cacache/tmp/4cb24ba5
2026-05-26T00:18:58.0000000000Z	4929	/mnt/h/AETHIEAOPSYS/ENV/RUNTIME/npm-cache/_cacache/tmp/ab1ea761
2026-05-26T00:18:58.0000000000Z	6074	/mnt/h/AETHIEAOPSYS/ENV/RUNTIME/npm-cache/_cacache/tmp/761b7556
2026-05-26T00:18:58.0000000000Z	6074	/mnt/h/AETHIEAOPSYS/ENV/RUNTIME/npm-cache/_cacache/tmp/bffe13ac
2026-05-26T00:18:58.0000000000Z	6279	/mnt/h/AETHIEAOPSYS/ENV/RUNTIME/npm-cache/_cacache/tmp/dda5149d
2026-05-26T00:18:58.0000000000Z	6370	/mnt/h/AETHIEAOPSYS/ENV/RUNTIME/npm-cache/_cacache/tmp/5c6a9b43
2026-05-26T00:18:58.0000000000Z	6763	/mnt/h/AETHIEAOPSYS/ENV/RUNTIME/npm-cache/_cacache/tmp/e35387c1
2026-05-26T00:18:58.0000000000Z	8109	/mnt/h/AETHIEAOPSYS/ENV/RUNTIME/npm-cache/_cacache/tmp/28a2e727
2026-05-26T00:19:16.0000000000Z	6702	/mnt/h/AETHIEAOPSYS/ENV/RUNTIME/npm-cache/_cacache/tmp/708073d0
2026-05-26T00:19:18.0000000000Z	23662	/mnt/h/AETHIEAOPSYS/ENV/RUNTIME/npm-cache/_cacache/tmp/3bfc4d81
2026-05-26T00:19:26.0000000000Z	14900	/mnt/h/AETHIEAOPSYS/ENV/RUNTIME/npm-cache/_cacache/tmp/a44014b1
2026-05-26T00:19:26.0000000000Z	16752	/mnt/h/AETHIEAOPSYS/ENV/RUNTIME/npm-cache/_cacache/tmp/1b43efe1
2026-05-26T00:19:26.0000000000Z	3952	/mnt/h/AETHIEAOPSYS/ENV/RUNTIME/npm-cache/_cacache/tmp/7945ca62
2026-05-26T00:19:26.0000000000Z	4889	/mnt/h/AETHIEAOPSYS/ENV/RUNTIME/npm-cache/_cacache/tmp/22724a74
2026-05-26T00:19:26.0000000000Z	9408	/mnt/h/AETHIEAOPSYS/ENV/RUNTIME/npm-cache/_cacache/tmp/f443c3d9
2026-05-26T00:19:28.0000000000Z	11701	/mnt/h/AETHIEAOPSYS/ENV/RUNTIME/npm-cache/_cacache/tmp/c7b5347a
2026-05-26T00:19:28.0000000000Z	11857	/mnt/h/AETHIEAOPSYS/ENV/RUNTIME/npm-cache/_cacache/tmp/6b4c50c4
2026-05-26T00:19:28.0000000000Z	12933	/mnt/h/AETHIEAOPSYS/ENV/RUNTIME/npm-cache/_cacache/tmp/d5006b88
2026-05-26T00:19:28.0000000000Z	14017	/mnt/h/AETHIEAOPSYS/ENV/RUNTIME/npm-cache/_cacache/tmp/02eee303
2026-05-26T00:19:28.0000000000Z	15470	/mnt/h/AETHIEAOPSYS/ENV/RUNTIME/npm-cache/_cacache/tmp/d172369d
2026-05-26T00:19:28.0000000000Z	15520	/mnt/h/AETHIEAOPSYS/ENV/RUNTIME/npm-cache/_cacache/tmp/2ec9552c
2026-05-26T00:19:28.0000000000Z	15686	/mnt/h/AETHIEAOPSYS/ENV/RUNTIME/npm-cache/_cacache/tmp/a7e83e60
2026-05-26T00:19:28.0000000000Z	16037	/mnt/h/AETHIEAOPSYS/ENV/RUNTIME/npm-cache/_cacache/tmp/bd434403
2026-05-26T00:19:28.0000000000Z	17729	/mnt/h/AETHIEAOPSYS/ENV/RUNTIME/npm-cache/_cacache/tmp/25cac40e
2026-05-26T00:19:28.0000000000Z	18461	/mnt/h/AETHIEAOPSYS/ENV/RUNTIME/npm-cache/_cacache/tmp/e1a3fb29
2026-05-26T00:19:28.0000000000Z	28026	/mnt/h/AETHIEAOPSYS/ENV/RUNTIME/npm-cache/_cacache/tmp/9343d9e7
2026-05-26T00:19:28.0000000000Z	5052	/mnt/h/AETHIEAOPSYS/ENV/RUNTIME/npm-cache/_cacache/tmp/ebe52e34
2026-05-26T00:19:28.0000000000Z	6358	/mnt/h/AETHIEAOPSYS/ENV/RUNTIME/npm-cache/_cacache/tmp/8a926f11
2026-05-26T00:19:28.0000000000Z	7375	/mnt/h/AETHIEAOPSYS/ENV/RUNTIME/npm-cache/_cacache/tmp/b109422e
2026-05-26T00:19:28.0000000000Z	8594	/mnt/h/AETHIEAOPSYS/ENV/RUNTIME/npm-cache/_cacache/tmp/ecb69bc1
2026-05-26T00:19:42.0000000000Z	8749	/mnt/h/AETHIEAOPSYS/ENV/RUNTIME/npm-cache/_cacache/tmp/75e54c48
2026-05-26T00:19:56.0000000000Z	15245	/mnt/h/AETHIEAOPSYS/ENV/RUNTIME/npm-cache/_cacache/tmp/4940c1e5
2026-05-26T00:19:56.0000000000Z	15418	/mnt/h/AETHIEAOPSYS/ENV/RUNTIME/npm-cache/_cacache/tmp/e0da87ba
2026-05-26T00:19:56.0000000000Z	18900	/mnt/h/AETHIEAOPSYS/ENV/RUNTIME/npm-cache/_cacache/tmp/0079bd22
2026-05-26T00:19:56.0000000000Z	6355	/mnt/h/AETHIEAOPSYS/ENV/RUNTIME/npm-cache/_cacache/tmp/0fc7e712
2026-05-26T00:19:56.0000000000Z	7145	/mnt/h/AETHIEAOPSYS/ENV/RUNTIME/npm-cache/_cacache/tmp/fae974a8
2026-05-26T00:19:56.0000000000Z	7487	/mnt/h/AETHIEAOPSYS/ENV/RUNTIME/npm-cache/_cacache/tmp/9ef95c71
2026-05-26T00:19:56.0000000000Z	8476	/mnt/h/AETHIEAOPSYS/ENV/RUNTIME/npm-cache/_cacache/tmp/71acdf75
2026-05-26T00:19:58.0000000000Z	11501	/mnt/h/AETHIEAOPSYS/ENV/RUNTIME/npm-cache/_cacache/tmp/a911a3e8
2026-05-26T00:19:58.0000000000Z	15266	/mnt/h/AETHIEAOPSYS/ENV/RUNTIME/npm-cache/_cacache/tmp/77a0179c
2026-05-26T00:19:58.0000000000Z	9351	/mnt/h/AETHIEAOPSYS/ENV/RUNTIME/npm-cache/_cacache/tmp/5b7eb281
2026-05-26T00:19:58.0000000000Z	9710	/mnt/h/AETHIEAOPSYS/ENV/RUNTIME/npm-cache/_cacache/tmp/fb2be387
2026-05-26T00:20:12.0000000000Z	17715	/mnt/h/AETHIEAOPSYS/ENV/RUNTIME/npm-cache/_cacache/tmp/53226a21
2026-05-26T00:20:26.0000000000Z	10531	/mnt/h/AETHIEAOPSYS/ENV/RUNTIME/npm-cache/_cacache/tmp/34b25741
2026-05-26T00:20:26.0000000000Z	8004	/mnt/h/AETHIEAOPSYS/ENV/RUNTIME/npm-cache/_cacache/tmp/d52827f8
2026-05-26T00:20:28.0000000000Z	11507	/mnt/h/AETHIEAOPSYS/ENV/RUNTIME/npm-cache/_cacache/tmp/c7ffd410
2026-05-26T00:20:28.0000000000Z	13292	/mnt/h/AETHIEAOPSYS/ENV/RUNTIME/npm-cache/_cacache/tmp/42a33f46
2026-05-26T00:20:28.0000000000Z	14589	/mnt/h/AETHIEAOPSYS/ENV/RUNTIME/npm-cache/_cacache/tmp/03ef25f3
2026-05-26T00:20:28.0000000000Z	26589	/mnt/h/AETHIEAOPSYS/ENV/RUNTIME/npm-cache/_cacache/tmp/b2fcc42c
2026-05-26T00:20:28.0000000000Z	8059	/mnt/h/AETHIEAOPSYS/ENV/RUNTIME/npm-cache/_cacache/tmp/664efad1
2026-05-26T00:20:28.0000000000Z	8903	/mnt/h/AETHIEAOPSYS/ENV/RUNTIME/npm-cache/_cacache/tmp/a1219d39
2026-05-26T00:20:30.0000000000Z	11118	/mnt/h/AETHIEAOPSYS/ENV/RUNTIME/npm-cache/_cacache/tmp/2b6e632a
2026-05-26T00:20:30.0000000000Z	12225	/mnt/h/AETHIEAOPSYS/ENV/RUNTIME/npm-cache/_cacache/tmp/30757054
2026-05-26T00:20:30.0000000000Z	12526	/mnt/h/AETHIEAOPSYS/ENV/RUNTIME/npm-cache/_cacache/tmp/9fb9ef3f
2026-05-26T00:20:30.0000000000Z	13449	/mnt/h/AETHIEAOPSYS/ENV/RUNTIME/npm-cache/_cacache/tmp/31b4adec
2026-05-26T00:20:30.0000000000Z	13838	/mnt/h/AETHIEAOPSYS/ENV/RUNTIME/npm-cache/_cacache/tmp/5cc6e90e
2026-05-26T00:20:30.0000000000Z	15047	/mnt/h/AETHIEAOPSYS/ENV/RUNTIME/npm-cache/_cacache/tmp/76b968d6
2026-05-26T00:20:30.0000000000Z	15253	/mnt/h/AETHIEAOPSYS/ENV/RUNTIME/npm-cache/_cacache/tmp/206ef367
2026-05-26T00:20:30.0000000000Z	15295	/mnt/h/AETHIEAOPSYS/ENV/RUNTIME/npm-cache/_cacache/tmp/e3dc4c72
2026-05-26T00:20:30.0000000000Z	17313	/mnt/h/AETHIEAOPSYS/ENV/RUNTIME/npm-cache/_cacache/tmp/c6d49f39
2026-05-26T00:20:30.0000000000Z	18488	/mnt/h/AETHIEAOPSYS/ENV/RUNTIME/npm-cache/_cacache/tmp/51d5c630
2026-05-26T00:20:30.0000000000Z	22560	/mnt/h/AETHIEAOPSYS/ENV/RUNTIME/npm-cache/_cacache/tmp/63977715
2026-05-26T00:20:30.0000000000Z	24507	/mnt/h/AETHIEAOPSYS/ENV/RUNTIME/npm-cache/_cacache/tmp/30f436ba
2026-05-26T00:20:30.0000000000Z	25133	/mnt/h/AETHIEAOPSYS/ENV/RUNTIME/npm-cache/_cacache/tmp/402a27a1
2026-05-26T00:20:30.0000000000Z	27412	/mnt/h/AETHIEAOPSYS/ENV/RUNTIME/npm-cache/_cacache/tmp/bf69e6de
2026-05-26T00:20:30.0000000000Z	30023	/mnt/h/AETHIEAOPSYS/ENV/RUNTIME/npm-cache/_cacache/tmp/cab8f66e
2026-05-26T00:20:30.0000000000Z	5872	/mnt/h/AETHIEAOPSYS/ENV/RUNTIME/npm-cache/_cacache/tmp/fc7219c2
2026-05-26T00:20:30.0000000000Z	6784	/mnt/h/AETHIEAOPSYS/ENV/RUNTIME/npm-cache/_cacache/tmp/42c68da6
2026-05-26T00:20:30.0000000000Z	7103	/mnt/h/AETHIEAOPSYS/ENV/RUNTIME/npm-cache/_cacache/tmp/07ef70eb
2026-05-26T00:20:30.0000000000Z	8374	/mnt/h/AETHIEAOPSYS/ENV/RUNTIME/npm-cache/_cacache/tmp/293017b6
2026-05-26T00:20:30.0000000000Z	9146	/mnt/h/AETHIEAOPSYS/ENV/RUNTIME/npm-cache/_cacache/tmp/b3db2fc9
2026-05-26T00:20:30.0000000000Z	9657	/mnt/h/AETHIEAOPSYS/ENV/RUNTIME/npm-cache/_cacache/tmp/b41552af
2026-05-26T00:20:44.0000000000Z	11577	/mnt/h/AETHIEAOPSYS/ENV/RUNTIME/npm-cache/_cacache/tmp/5cf122d7
2026-05-26T00:20:50.0000000000Z	10690	/mnt/h/AETHIEAOPSYS/ENV/RUNTIME/npm-cache/_cacache/tmp/e2cf6eb8
2026-05-26T00:20:52.0000000000Z	21928	/mnt/h/AETHIEAOPSYS/ENV/RUNTIME/npm-cache/_cacache/tmp/8030e520
2026-05-26T00:20:56.0000000000Z	13972	/mnt/h/AETHIEAOPSYS/ENV/RUNTIME/npm-cache/_cacache/tmp/bb925f70
2026-05-26T00:20:58.0000000000Z	15999	/mnt/h/AETHIEAOPSYS/ENV/RUNTIME/npm-cache/_cacache/tmp/1cf0e9a0
2026-05-26T00:20:58.0000000000Z	19716	/mnt/h/AETHIEAOPSYS/ENV/RUNTIME/npm-cache/_cacache/tmp/86942c97
2026-05-26T00:20:58.0000000000Z	19849	/mnt/h/AETHIEAOPSYS/ENV/RUNTIME/npm-cache/_cacache/tmp/d7c66a5a
2026-05-26T00:20:58.0000000000Z	20797	/mnt/h/AETHIEAOPSYS/ENV/RUNTIME/npm-cache/_cacache/tmp/9eab3224
2026-05-26T00:20:58.0000000000Z	21896	/mnt/h/AETHIEAOPSYS/ENV/RUNTIME/npm-cache/_cacache/tmp/1a8e2601
2026-05-26T00:20:58.0000000000Z	22591	/mnt/h/AETHIEAOPSYS/ENV/RUNTIME/npm-cache/_cacache/tmp/7c2e86d8
2026-05-26T00:20:58.0000000000Z	24950	/mnt/h/AETHIEAOPSYS/ENV/RUNTIME/npm-cache/_cacache/tmp/aad2126d
2026-05-26T00:20:58.0000000000Z	26551	/mnt/h/AETHIEAOPSYS/ENV/RUNTIME/npm-cache/_cacache/tmp/6ed7de05
2026-05-26T00:20:58.0000000000Z	31500	/mnt/h/AETHIEAOPSYS/ENV/RUNTIME/npm-cache/_cacache/tmp/ef78061a
2026-05-26T00:20:58.0000000000Z	62343	/mnt/h/AETHIEAOPSYS/CORE/aeth.py.bak.20260526T042057Z
2026-05-26T00:21:00.0000000000Z	11518	/mnt/h/AETHIEAOPSYS/ENV/RUNTIME/npm-cache/_cacache/tmp/54990eb3
2026-05-26T00:21:00.0000000000Z	11636	/mnt/h/AETHIEAOPSYS/ENV/RUNTIME/npm-cache/_cacache/tmp/b56f2007
2026-05-26T00:21:00.0000000000Z	16667	/mnt/h/AETHIEAOPSYS/ENV/RUNTIME/npm-cache/_cacache/tmp/0536fdd3
2026-05-26T00:21:00.0000000000Z	4326	/mnt/h/AETHIEAOPSYS/ENV/RUNTIME/npm-cache/_cacache/tmp/8fe8d7f4
2026-05-26T00:21:26.0000000000Z	7783	/mnt/h/AETHIEAOPSYS/ENV/RUNTIME/npm-cache/_cacache/tmp/590f445d
2026-05-26T00:21:30.0000000000Z	14260	/mnt/h/AETHIEAOPSYS/ENV/RUNTIME/npm-cache/_cacache/tmp/c666f766
2026-05-26T00:21:30.0000000000Z	14624	/mnt/h/AETHIEAOPSYS/ENV/RUNTIME/npm-cache/_cacache/tmp/f9fa57a0
2026-05-26T00:21:30.0000000000Z	15562	/mnt/h/AETHIEAOPSYS/ENV/RUNTIME/npm-cache/_cacache/tmp/0bab6534
2026-05-26T00:21:30.0000000000Z	17434	/mnt/h/AETHIEAOPSYS/ENV/RUNTIME/npm-cache/_cacache/tmp/8cd733aa
2026-05-26T00:21:30.0000000000Z	17730	/mnt/h/AETHIEAOPSYS/ENV/RUNTIME/npm-cache/_cacache/tmp/e830f551
2026-05-26T00:21:30.0000000000Z	21691	/mnt/h/AETHIEAOPSYS/ENV/RUNTIME/npm-cache/_cacache/tmp/17b89e39
2026-05-26T00:21:30.0000000000Z	22400	/mnt/h/AETHIEAOPSYS/ENV/RUNTIME/npm-cache/_cacache/tmp/0ed77ee6
2026-05-26T00:21:30.0000000000Z	22477	/mnt/h/AETHIEAOPSYS/ENV/RUNTIME/npm-cache/_cacache/tmp/d8650354
2026-05-26T00:21:30.0000000000Z	22519	/mnt/h/AETHIEAOPSYS/ENV/RUNTIME/npm-cache/_cacache/tmp/0b5fb936
2026-05-26T00:21:30.0000000000Z	28542	/mnt/h/AETHIEAOPSYS/ENV/RUNTIME/npm-cache/_cacache/tmp/890e537a
2026-05-26T00:21:30.0000000000Z	5149	/mnt/h/AETHIEAOPSYS/ENV/RUNTIME/npm-cache/_cacache/tmp/667799ee
2026-05-26T00:21:30.0000000000Z	6089	/mnt/h/AETHIEAOPSYS/ENV/RUNTIME/npm-cache/_cacache/tmp/e649f203
2026-05-26T00:21:30.0000000000Z	9319	/mnt/h/AETHIEAOPSYS/ENV/RUNTIME/npm-cache/_cacache/tmp/71147b17
2026-05-26T00:21:42.0000000000Z	8383	/mnt/h/AETHIEAOPSYS/ENV/RUNTIME/npm-cache/_cacache/tmp/f171b716
2026-05-26T00:21:56.0000000000Z	19965	/mnt/h/AETHIEAOPSYS/ENV/RUNTIME/npm-cache/_cacache/tmp/109f491d
2026-05-26T00:21:56.0000000000Z	27587	/mnt/h/AETHIEAOPSYS/ENV/RUNTIME/npm-cache/_cacache/tmp/fb026458
2026-05-26T00:22:02.0000000000Z	6341	/mnt/h/AETHIEAOPSYS/ENV/RUNTIME/npm-cache/_cacache/tmp/cf681533
2026-05-26T00:22:04.0000000000Z	10514	/mnt/h/AETHIEAOPSYS/ENV/RUNTIME/npm-cache/_cacache/tmp/ad259e3f
2026-05-26T00:22:04.0000000000Z	17235	/mnt/h/AETHIEAOPSYS/ENV/RUNTIME/npm-cache/_cacache/tmp/28a5a895
2026-05-26T00:22:04.0000000000Z	17244	/mnt/h/AETHIEAOPSYS/ENV/RUNTIME/npm-cache/_cacache/tmp/c2cfe929
2026-05-26T00:22:04.0000000000Z	17273	/mnt/h/AETHIEAOPSYS/ENV/RUNTIME/npm-cache/_cacache/tmp/451a9f05
2026-05-26T00:22:04.0000000000Z	18047	/mnt/h/AETHIEAOPSYS/ENV/RUNTIME/npm-cache/_cacache/tmp/57e1f7ec
2026-05-26T00:22:04.0000000000Z	23492	/mnt/h/AETHIEAOPSYS/ENV/RUNTIME/npm-cache/_cacache/tmp/85161d40
2026-05-26T00:22:04.0000000000Z	23677	/mnt/h/AETHIEAOPSYS/ENV/RUNTIME/npm-cache/_cacache/tmp/049ebd81
2026-05-26T00:22:04.0000000000Z	25971	/mnt/h/AETHIEAOPSYS/ENV/RUNTIME/npm-cache/_cacache/tmp/afb0ef46
2026-05-26T00:22:04.0000000000Z	4353	/mnt/h/AETHIEAOPSYS/ENV/RUNTIME/npm-cache/_cacache/tmp/40a166ad
2026-05-26T00:22:04.0000000000Z	5072	/mnt/h/AETHIEAOPSYS/ENV/RUNTIME/npm-cache/_cacache/tmp/01a969f3
2026-05-26T00:22:04.0000000000Z	6262	/mnt/h/AETHIEAOPSYS/ENV/RUNTIME/npm-cache/_cacache/tmp/ac5d632a
2026-05-26T00:22:04.0000000000Z	6962	/mnt/h/AETHIEAOPSYS/ENV/RUNTIME/npm-cache/_cacache/tmp/765d676e
2026-05-26T00:22:04.0000000000Z	8220	/mnt/h/AETHIEAOPSYS/ENV/RUNTIME/npm-cache/_cacache/tmp/41f09e89
2026-05-26T00:22:04.0000000000Z	8843	/mnt/h/AETHIEAOPSYS/ENV/RUNTIME/npm-cache/_cacache/tmp/8b1cf6b4
2026-05-26T00:22:04.0000000000Z	9196	/mnt/h/AETHIEAOPSYS/ENV/RUNTIME/npm-cache/_cacache/tmp/ecb14927
2026-05-26T00:22:06.0000000000Z	8095	/mnt/h/AETHIEAOPSYS/ENV/RUNTIME/npm-cache/_cacache/tmp/29dbc67e
2026-05-26T00:22:32.0000000000Z	12184	/mnt/h/AETHIEAOPSYS/ENV/RUNTIME/npm-cache/_cacache/tmp/17f90727
2026-05-26T00:22:32.0000000000Z	29535	/mnt/h/AETHIEAOPSYS/ENV/RUNTIME/npm-cache/_cacache/tmp/23824bae
2026-05-26T00:23:14.0000000000Z	34540	/mnt/h/AETHIEAOPSYS/ENV/RUNTIME/npm-cache/_cacache/tmp/557433b3
2026-05-26T00:23:24.0000000000Z	35815	/mnt/h/AETHIEAOPSYS/ENV/RUNTIME/npm-cache/_cacache/tmp/f98d49be
2026-05-26T00:23:26.0000000000Z	32754	/mnt/h/AETHIEAOPSYS/ENV/RUNTIME/npm-cache/_cacache/tmp/0dfbab7e
2026-05-26T00:23:26.0000000000Z	36908	/mnt/h/AETHIEAOPSYS/ENV/RUNTIME/npm-cache/_cacache/tmp/a255c65a
2026-05-26T00:23:26.0000000000Z	37826	/mnt/h/AETHIEAOPSYS/ENV/RUNTIME/npm-cache/_cacache/tmp/be7fbab1
2026-05-26T00:23:52.0000000000Z	37491	/mnt/h/AETHIEAOPSYS/ENV/RUNTIME/npm-cache/_cacache/tmp/51a9cc1a
2026-05-26T00:24:20.0000000000Z	40278	/mnt/h/AETHIEAOPSYS/ENV/RUNTIME/npm-cache/_cacache/tmp/0bc53d28
2026-05-26T00:24:48.0000000000Z	30950	/mnt/h/AETHIEAOPSYS/ENV/RUNTIME/npm-cache/_cacache/tmp/b4afd952
2026-05-26T00:25:06.0000000000Z	29039	/mnt/h/AETHIEAOPSYS/ENV/RUNTIME/npm-cache/_cacache/tmp/c1590a73
2026-05-26T00:25:22.0000000000Z	31183	/mnt/h/AETHIEAOPSYS/ENV/RUNTIME/npm-cache/_cacache/tmp/d347642f
2026-05-26T00:25:22.0000000000Z	32601	/mnt/h/AETHIEAOPSYS/ENV/RUNTIME/npm-cache/_cacache/tmp/c081c515
2026-05-26T00:25:22.0000000000Z	42650	/mnt/h/AETHIEAOPSYS/ENV/RUNTIME/npm-cache/_cacache/tmp/a2cb7644
2026-05-26T00:26:16.0000000000Z	30806	/mnt/h/AETHIEAOPSYS/ENV/RUNTIME/npm-cache/_cacache/tmp/74ad68dd
2026-05-26T00:26:16.0000000000Z	39740	/mnt/h/AETHIEAOPSYS/ENV/RUNTIME/npm-cache/_cacache/tmp/efe5a00a
2026-05-26T00:26:30.0000000000Z	39412	/mnt/h/AETHIEAOPSYS/ENV/RUNTIME/npm-cache/_cacache/tmp/b16397ee
2026-05-26T00:26:36.0000000000Z	29551	/mnt/h/AETHIEAOPSYS/ENV/RUNTIME/npm-cache/_cacache/tmp/63ca2cfb
2026-05-26T00:26:44.0000000000Z	35646	/mnt/h/AETHIEAOPSYS/ENV/RUNTIME/npm-cache/_cacache/tmp/cdae7acd
2026-05-26T00:27:10.0000000000Z	34670	/mnt/h/AETHIEAOPSYS/ENV/RUNTIME/npm-cache/_cacache/tmp/34690cce
2026-05-26T00:27:10.0000000000Z	36747	/mnt/h/AETHIEAOPSYS/ENV/RUNTIME/npm-cache/_cacache/tmp/b7fc4e50
2026-05-26T00:27:10.0000000000Z	38012	/mnt/h/AETHIEAOPSYS/ENV/RUNTIME/npm-cache/_cacache/tmp/43261b0e
2026-05-26T00:27:10.0000000000Z	40387	/mnt/h/AETHIEAOPSYS/ENV/RUNTIME/npm-cache/_cacache/tmp/baca6708
2026-05-26T00:27:28.0000000000Z	34151	/mnt/h/AETHIEAOPSYS/ENV/RUNTIME/npm-cache/_cacache/tmp/18a528de
2026-05-26T00:27:38.0000000000Z	30747	/mnt/h/AETHIEAOPSYS/ENV/RUNTIME/npm-cache/_cacache/tmp/90b128ca
2026-05-26T00:27:38.0000000000Z	32842	/mnt/h/AETHIEAOPSYS/ENV/RUNTIME/npm-cache/_cacache/tmp/70d029f2
2026-05-26T00:28:12.0000000000Z	24999	/mnt/h/AETHIEAOPSYS/ENV/RUNTIME/npm-cache/_cacache/tmp/0e4dfa8f
2026-05-26T00:28:12.0000000000Z	34545	/mnt/h/AETHIEAOPSYS/ENV/RUNTIME/npm-cache/_cacache/tmp/ab9c7672
2026-05-26T00:28:12.0000000000Z	43182	/mnt/h/AETHIEAOPSYS/ENV/RUNTIME/npm-cache/_cacache/tmp/fa4ad6bf
2026-05-26T00:28:38.0000000000Z	12860	/mnt/h/AETHIEAOPSYS/ENV/RUNTIME/npm-cache/_cacache/tmp/848460fe
2026-05-26T00:28:38.0000000000Z	42276	/mnt/h/AETHIEAOPSYS/ENV/RUNTIME/npm-cache/_cacache/tmp/e384d1b2
2026-05-26T00:28:38.0000000000Z	62112	/mnt/h/AETHIEAOPSYS/ENV/RUNTIME/npm-cache/_cacache/tmp/48509a5a
2026-05-26T00:28:44.0000000000Z	60031	/mnt/h/AETHIEAOPSYS/ENV/RUNTIME/npm-cache/_cacache/tmp/c90407dc
2026-05-26T00:28:52.0000000000Z	49751	/mnt/h/AETHIEAOPSYS/ENV/RUNTIME/npm-cache/_cacache/tmp/26c7a648
2026-05-26T00:28:54.0000000000Z	61399	/mnt/h/AETHIEAOPSYS/ENV/RUNTIME/npm-cache/_cacache/tmp/bef8ee8a
2026-05-26T00:29:22.0000000000Z	59618	/mnt/h/AETHIEAOPSYS/ENV/RUNTIME/npm-cache/_cacache/tmp/88b2a8cb
2026-05-26T00:29:52.0000000000Z	52078	/mnt/h/AETHIEAOPSYS/ENV/RUNTIME/npm-cache/_cacache/tmp/46514282
2026-05-26T00:30:10.0000000000Z	58376	/mnt/h/AETHIEAOPSYS/ENV/RUNTIME/npm-cache/_cacache/tmp/5242b678
2026-05-26T00:30:24.0000000000Z	39361	/mnt/h/AETHIEAOPSYS/ENV/RUNTIME/npm-cache/_cacache/tmp/908e9285
2026-05-26T00:30:52.0000000000Z	41114	/mnt/h/AETHIEAOPSYS/ENV/RUNTIME/npm-cache/_cacache/tmp/9c0491f3
2026-05-26T00:30:52.0000000000Z	44963	/mnt/h/AETHIEAOPSYS/ENV/RUNTIME/npm-cache/_cacache/tmp/22b5f2a1
2026-05-26T00:31:14.0000000000Z	55579	/mnt/h/AETHIEAOPSYS/ENV/RUNTIME/npm-cache/_cacache/tmp/014ad367
2026-05-26T00:31:14.0000000000Z	58856	/mnt/h/AETHIEAOPSYS/ENV/RUNTIME/npm-cache/_cacache/tmp/9aaa62db
2026-05-26T00:31:20.0000000000Z	44035	/mnt/h/AETHIEAOPSYS/ENV/RUNTIME/npm-cache/_cacache/tmp/1bee3f0f
2026-05-26T00:31:20.0000000000Z	56856	/mnt/h/AETHIEAOPSYS/ENV/RUNTIME/npm-cache/_cacache/tmp/143aef69
2026-05-26T00:31:40.0000000000Z	44014	/mnt/h/AETHIEAOPSYS/ENV/RUNTIME/npm-cache/_cacache/tmp/0087f25f
2026-05-26T00:32:00.0000000000Z	56714	/mnt/h/AETHIEAOPSYS/ENV/RUNTIME/npm-cache/_cacache/tmp/63754854
2026-05-26T00:32:20.0000000000Z	52447	/mnt/h/AETHIEAOPSYS/ENV/RUNTIME/npm-cache/_cacache/tmp/c44891e1
2026-05-26T00:32:20.0000000000Z	52448	/mnt/h/AETHIEAOPSYS/ENV/RUNTIME/npm-cache/_cacache/tmp/d2fcfd41
2026-05-26T00:32:20.0000000000Z	52448	/mnt/h/AETHIEAOPSYS/ENV/RUNTIME/npm-cache/_cacache/tmp/feb02791
2026-05-26T00:32:20.0000000000Z	56530	/mnt/h/AETHIEAOPSYS/ENV/RUNTIME/npm-cache/_cacache/tmp/de5da00b
2026-05-26T00:32:20.0000000000Z	56762	/mnt/h/AETHIEAOPSYS/ENV/RUNTIME/npm-cache/_cacache/tmp/431318e3
2026-05-26T00:32:20.0000000000Z	56763	/mnt/h/AETHIEAOPSYS/ENV/RUNTIME/npm-cache/_cacache/tmp/5ea38f87
2026-05-26T00:32:20.0000000000Z	56767	/mnt/h/AETHIEAOPSYS/ENV/RUNTIME/npm-cache/_cacache/tmp/ce64b48a
2026-05-26T00:32:20.0000000000Z	56768	/mnt/h/AETHIEAOPSYS/ENV/RUNTIME/npm-cache/_cacache/tmp/249f2c10
2026-05-26T00:32:20.0000000000Z	56768	/mnt/h/AETHIEAOPSYS/ENV/RUNTIME/npm-cache/_cacache/tmp/d57a5272
2026-05-26T00:32:20.0000000000Z	56768	/mnt/h/AETHIEAOPSYS/ENV/RUNTIME/npm-cache/_cacache/tmp/daa46042
2026-05-26T00:32:20.0000000000Z	56769	/mnt/h/AETHIEAOPSYS/ENV/RUNTIME/npm-cache/_cacache/tmp/80c0ba88
2026-05-26T00:32:20.0000000000Z	56770	/mnt/h/AETHIEAOPSYS/ENV/RUNTIME/npm-cache/_cacache/tmp/f8dc75cb
2026-05-26T00:32:20.0000000000Z	57344	/mnt/h/AETHIEAOPSYS/ENV/RUNTIME/npm-cache/_cacache/tmp/029bc069
2026-05-26T00:32:20.0000000000Z	57344	/mnt/h/AETHIEAOPSYS/ENV/RUNTIME/npm-cache/_cacache/tmp/0a7757f6
2026-05-26T00:32:20.0000000000Z	57344	/mnt/h/AETHIEAOPSYS/ENV/RUNTIME/npm-cache/_cacache/tmp/0fffbf1b
2026-05-26T00:32:20.0000000000Z	57344	/mnt/h/AETHIEAOPSYS/ENV/RUNTIME/npm-cache/_cacache/tmp/11bd1ba5
2026-05-26T00:32:20.0000000000Z	57344	/mnt/h/AETHIEAOPSYS/ENV/RUNTIME/npm-cache/_cacache/tmp/377daaa0
2026-05-26T00:32:20.0000000000Z	57344	/mnt/h/AETHIEAOPSYS/ENV/RUNTIME/npm-cache/_cacache/tmp/3f833ea5
2026-05-26T00:32:20.0000000000Z	57344	/mnt/h/AETHIEAOPSYS/ENV/RUNTIME/npm-cache/_cacache/tmp/42e27bdb
2026-05-26T00:32:20.0000000000Z	57344	/mnt/h/AETHIEAOPSYS/ENV/RUNTIME/npm-cache/_cacache/tmp/43c611e0
2026-05-26T00:32:20.0000000000Z	57344	/mnt/h/AETHIEAOPSYS/ENV/RUNTIME/npm-cache/_cacache/tmp/4cd9f1cc
2026-05-26T00:32:20.0000000000Z	57344	/mnt/h/AETHIEAOPSYS/ENV/RUNTIME/npm-cache/_cacache/tmp/6592a809
2026-05-26T00:32:20.0000000000Z	57344	/mnt/h/AETHIEAOPSYS/ENV/RUNTIME/npm-cache/_cacache/tmp/7c902289
2026-05-26T00:32:20.0000000000Z	57344	/mnt/h/AETHIEAOPSYS/ENV/RUNTIME/npm-cache/_cacache/tmp/812e80c2
2026-05-26T00:32:20.0000000000Z	57344	/mnt/h/AETHIEAOPSYS/ENV/RUNTIME/npm-cache/_cacache/tmp/81878ac4
2026-05-26T00:32:20.0000000000Z	57344	/mnt/h/AETHIEAOPSYS/ENV/RUNTIME/npm-cache/_cacache/tmp/8b3e929a
2026-05-26T00:32:20.0000000000Z	57344	/mnt/h/AETHIEAOPSYS/ENV/RUNTIME/npm-cache/_cacache/tmp/9335daa8
2026-05-26T00:32:20.0000000000Z	57344	/mnt/h/AETHIEAOPSYS/ENV/RUNTIME/npm-cache/_cacache/tmp/9a4df0ed
2026-05-26T00:32:20.0000000000Z	57344	/mnt/h/AETHIEAOPSYS/ENV/RUNTIME/npm-cache/_cacache/tmp/b5da6802
2026-05-26T00:32:20.0000000000Z	57344	/mnt/h/AETHIEAOPSYS/ENV/RUNTIME/npm-cache/_cacache/tmp/b5fd20e7
2026-05-26T00:32:20.0000000000Z	57344	/mnt/h/AETHIEAOPSYS/ENV/RUNTIME/npm-cache/_cacache/tmp/b7cb145c
2026-05-26T00:32:20.0000000000Z	60605	/mnt/h/AETHIEAOPSYS/ENV/RUNTIME/npm-cache/_cacache/tmp/66f2843a
2026-05-26T00:32:20.0000000000Z	60606	/mnt/h/AETHIEAOPSYS/ENV/RUNTIME/npm-cache/_cacache/tmp/d32fba72
2026-05-26T00:32:20.0000000000Z	60608	/mnt/h/AETHIEAOPSYS/ENV/RUNTIME/npm-cache/_cacache/tmp/a5956562
2026-05-26T00:32:20.0000000000Z	60610	/mnt/h/AETHIEAOPSYS/ENV/RUNTIME/npm-cache/_cacache/tmp/4343f1ba
2026-05-26T00:32:20.0000000000Z	60618	/mnt/h/AETHIEAOPSYS/ENV/RUNTIME/npm-cache/_cacache/tmp/2c3281b0
2026-05-26T00:32:20.0000000000Z	60619	/mnt/h/AETHIEAOPSYS/ENV/RUNTIME/npm-cache/_cacache/tmp/e947554d
2026-05-26T00:32:20.0000000000Z	60626	/mnt/h/AETHIEAOPSYS/ENV/RUNTIME/npm-cache/_cacache/tmp/d3fcb3a9
2026-05-26T00:32:20.0000000000Z	60629	/mnt/h/AETHIEAOPSYS/ENV/RUNTIME/npm-cache/_cacache/tmp/cb0ae576
2026-05-26T00:32:20.0000000000Z	60629	/mnt/h/AETHIEAOPSYS/ENV/RUNTIME/npm-cache/_cacache/tmp/fe8d2ded
2026-05-26T00:32:20.0000000000Z	60638	/mnt/h/AETHIEAOPSYS/ENV/RUNTIME/npm-cache/_cacache/tmp/797d8394
2026-05-26T00:32:20.0000000000Z	60638	/mnt/h/AETHIEAOPSYS/ENV/RUNTIME/npm-cache/_cacache/tmp/92513b57
2026-05-26T00:32:20.0000000000Z	60638	/mnt/h/AETHIEAOPSYS/ENV/RUNTIME/npm-cache/_cacache/tmp/9fd42286
2026-05-26T00:32:20.0000000000Z	60639	/mnt/h/AETHIEAOPSYS/ENV/RUNTIME/npm-cache/_cacache/tmp/2865563d
2026-05-26T00:32:20.0000000000Z	60639	/mnt/h/AETHIEAOPSYS/ENV/RUNTIME/npm-cache/_cacache/tmp/57a8b745
2026-05-26T00:32:20.0000000000Z	60639	/mnt/h/AETHIEAOPSYS/ENV/RUNTIME/npm-cache/_cacache/tmp/6d718bb0
2026-05-26T00:32:20.0000000000Z	60639	/mnt/h/AETHIEAOPSYS/ENV/RUNTIME/npm-cache/_cacache/tmp/8a1d7227
2026-05-26T00:32:20.0000000000Z	60640	/mnt/h/AETHIEAOPSYS/ENV/RUNTIME/npm-cache/_cacache/tmp/972b20fa
2026-05-26T00:32:20.0000000000Z	60640	/mnt/h/AETHIEAOPSYS/ENV/RUNTIME/npm-cache/_cacache/tmp/bc136d49
2026-05-26T00:32:20.0000000000Z	60641	/mnt/h/AETHIEAOPSYS/ENV/RUNTIME/npm-cache/_cacache/tmp/2ce8344a
2026-05-26T00:32:20.0000000000Z	60641	/mnt/h/AETHIEAOPSYS/ENV/RUNTIME/npm-cache/_cacache/tmp/410f39a8
2026-05-26T00:32:20.0000000000Z	60641	/mnt/h/AETHIEAOPSYS/ENV/RUNTIME/npm-cache/_cacache/tmp/a3bba12a
2026-05-26T00:32:20.0000000000Z	60642	/mnt/h/AETHIEAOPSYS/ENV/RUNTIME/npm-cache/_cacache/tmp/16c7b209
2026-05-26T00:32:20.0000000000Z	60642	/mnt/h/AETHIEAOPSYS/ENV/RUNTIME/npm-cache/_cacache/tmp/63af1d3b
2026-05-26T00:32:20.0000000000Z	64703	/mnt/h/AETHIEAOPSYS/ENV/RUNTIME/npm-cache/_cacache/tmp/f4e27a2c
2026-05-26T00:32:20.0000000000Z	64723	/mnt/h/AETHIEAOPSYS/ENV/RUNTIME/npm-cache/_cacache/tmp/751e25ec
2026-05-26T00:32:20.0000000000Z	64725	/mnt/h/AETHIEAOPSYS/ENV/RUNTIME/npm-cache/_cacache/tmp/14e2260e
2026-05-26T00:32:20.0000000000Z	64725	/mnt/h/AETHIEAOPSYS/ENV/RUNTIME/npm-cache/_cacache/tmp/5904801f
2026-05-26T00:32:20.0000000000Z	64733	/mnt/h/AETHIEAOPSYS/ENV/RUNTIME/npm-cache/_cacache/tmp/2bc9c89c
2026-05-26T00:32:20.0000000000Z	64734	/mnt/h/AETHIEAOPSYS/ENV/RUNTIME/npm-cache/_cacache/tmp/1c407721
2026-05-26T00:32:20.0000000000Z	64735	/mnt/h/AETHIEAOPSYS/ENV/RUNTIME/npm-cache/_cacache/tmp/06662597
2026-05-26T00:32:20.0000000000Z	64735	/mnt/h/AETHIEAOPSYS/ENV/RUNTIME/npm-cache/_cacache/tmp/44bdb2d3
2026-05-26T00:32:20.0000000000Z	64735	/mnt/h/AETHIEAOPSYS/ENV/RUNTIME/npm-cache/_cacache/tmp/81555581
2026-05-26T00:32:20.0000000000Z	64736	/mnt/h/AETHIEAOPSYS/ENV/RUNTIME/npm-cache/_cacache/tmp/155b9d64
2026-05-26T00:32:20.0000000000Z	64736	/mnt/h/AETHIEAOPSYS/ENV/RUNTIME/npm-cache/_cacache/tmp/6d70fe5a
2026-05-26T00:32:20.0000000000Z	64736	/mnt/h/AETHIEAOPSYS/ENV/RUNTIME/npm-cache/_cacache/tmp/ebc91305
2026-05-26T00:32:20.0000000000Z	64737	/mnt/h/AETHIEAOPSYS/ENV/RUNTIME/npm-cache/_cacache/tmp/5dd22c5e
2026-05-26T00:32:20.0000000000Z	64737	/mnt/h/AETHIEAOPSYS/ENV/RUNTIME/npm-cache/_cacache/tmp/66512f78
2026-05-26T00:32:20.0000000000Z	64737	/mnt/h/AETHIEAOPSYS/ENV/RUNTIME/npm-cache/_cacache/tmp/df599b62
2026-05-26T00:32:20.0000000000Z	64889	/mnt/h/AETHIEAOPSYS/ENV/RUNTIME/npm-cache/_cacache/tmp/b8922f92
2026-05-26T00:32:20.0000000000Z	64889	/mnt/h/AETHIEAOPSYS/ENV/RUNTIME/npm-cache/_cacache/tmp/fb77d915
2026-05-26T00:32:20.0000000000Z	64894	/mnt/h/AETHIEAOPSYS/ENV/RUNTIME/npm-cache/_cacache/tmp/d18ec048
2026-05-26T00:32:20.0000000000Z	64896	/mnt/h/AETHIEAOPSYS/ENV/RUNTIME/npm-cache/_cacache/tmp/ba2f4a4e
2026-05-26T00:32:20.0000000000Z	76969	/mnt/h/AETHIEAOPSYS/ENV/RUNTIME/npm-cache/_cacache/tmp/200e9633
2026-05-26T00:32:22.0000000000Z	10131	/mnt/h/AETHIEAOPSYS/ENV/RUNTIME/npm-cache/_cacache/tmp/dd24ea54
2026-05-26T00:32:22.0000000000Z	10139	/mnt/h/AETHIEAOPSYS/ENV/RUNTIME/npm-cache/_cacache/tmp/2efecb8e
2026-05-26T00:32:22.0000000000Z	10311	/mnt/h/AETHIEAOPSYS/ENV/RUNTIME/npm-cache/_cacache/tmp/98a3aaef
2026-05-26T00:32:22.0000000000Z	10312	/mnt/h/AETHIEAOPSYS/ENV/RUNTIME/npm-cache/_cacache/tmp/3b72bdcc
2026-05-26T00:32:22.0000000000Z	10312	/mnt/h/AETHIEAOPSYS/ENV/RUNTIME/npm-cache/_cacache/tmp/54de46ca
2026-05-26T00:32:22.0000000000Z	10930	/mnt/h/AETHIEAOPSYS/ENV/RUNTIME/npm-cache/_cacache/tmp/8a4d6cc0
2026-05-26T00:32:22.0000000000Z	11499	/mnt/h/AETHIEAOPSYS/ENV/RUNTIME/npm-cache/_cacache/tmp/12285ebb
2026-05-26T00:32:22.0000000000Z	13049	/mnt/h/AETHIEAOPSYS/ENV/RUNTIME/npm-cache/_cacache/tmp/d8e9e12b
2026-05-26T00:32:22.0000000000Z	15583	/mnt/h/AETHIEAOPSYS/ENV/RUNTIME/npm-cache/_cacache/tmp/41e95302
2026-05-26T00:32:22.0000000000Z	15583	/mnt/h/AETHIEAOPSYS/ENV/RUNTIME/npm-cache/_cacache/tmp/529f891e
2026-05-26T00:32:22.0000000000Z	15583	/mnt/h/AETHIEAOPSYS/ENV/RUNTIME/npm-cache/_cacache/tmp/965f2244
2026-05-26T00:32:22.0000000000Z	15706	/mnt/h/AETHIEAOPSYS/ENV/RUNTIME/npm-cache/_cacache/tmp/7ebb5c5b
2026-05-26T00:32:22.0000000000Z	15719	/mnt/h/AETHIEAOPSYS/ENV/RUNTIME/npm-cache/_cacache/tmp/98f78518
2026-05-26T00:32:22.0000000000Z	15850	/mnt/h/AETHIEAOPSYS/ENV/RUNTIME/npm-cache/_cacache/tmp/4a1e56bb
2026-05-26T00:32:22.0000000000Z	15962	/mnt/h/AETHIEAOPSYS/ENV/RUNTIME/npm-cache/_cacache/tmp/c16c174f
2026-05-26T00:32:22.0000000000Z	16275	/mnt/h/AETHIEAOPSYS/ENV/RUNTIME/npm-cache/_cacache/tmp/939075c1
2026-05-26T00:32:22.0000000000Z	16276	/mnt/h/AETHIEAOPSYS/ENV/RUNTIME/npm-cache/_cacache/tmp/0adb8c55
2026-05-26T00:32:22.0000000000Z	16276	/mnt/h/AETHIEAOPSYS/ENV/RUNTIME/npm-cache/_cacache/tmp/479b02f4
2026-05-26T00:32:22.0000000000Z	19780	/mnt/h/AETHIEAOPSYS/ENV/RUNTIME/npm-cache/_cacache/tmp/b3a36696
2026-05-26T00:32:22.0000000000Z	28672	/mnt/h/AETHIEAOPSYS/ENV/RUNTIME/npm-cache/_cacache/tmp/3d81cd53
2026-05-26T00:32:22.0000000000Z	32897	/mnt/h/AETHIEAOPSYS/ENV/RUNTIME/npm-cache/_cacache/tmp/394ac254
2026-05-26T00:32:22.0000000000Z	33034	/mnt/h/AETHIEAOPSYS/ENV/RUNTIME/npm-cache/_cacache/tmp/bdd962d5
2026-05-26T00:32:22.0000000000Z	4834	/mnt/h/AETHIEAOPSYS/ENV/RUNTIME/npm-cache/_cacache/tmp/a4857436
2026-05-26T00:32:22.0000000000Z	4835	/mnt/h/AETHIEAOPSYS/ENV/RUNTIME/npm-cache/_cacache/tmp/233aaa2f
2026-05-26T00:32:22.0000000000Z	4835	/mnt/h/AETHIEAOPSYS/ENV/RUNTIME/npm-cache/_cacache/tmp/245c3534
2026-05-26T00:32:22.0000000000Z	4835	/mnt/h/AETHIEAOPSYS/ENV/RUNTIME/npm-cache/_cacache/tmp/3d2ddda7
2026-05-26T00:32:22.0000000000Z	4835	/mnt/h/AETHIEAOPSYS/ENV/RUNTIME/npm-cache/_cacache/tmp/ffc8d332
2026-05-26T00:32:22.0000000000Z	52437	/mnt/h/AETHIEAOPSYS/ENV/RUNTIME/npm-cache/_cacache/tmp/a2c059bc
2026-05-26T00:32:22.0000000000Z	56543	/mnt/h/AETHIEAOPSYS/ENV/RUNTIME/npm-cache/_cacache/tmp/e8d96a3d
2026-05-26T00:32:22.0000000000Z	57344	/mnt/h/AETHIEAOPSYS/ENV/RUNTIME/npm-cache/_cacache/tmp/00e21306
2026-05-26T00:32:22.0000000000Z	57344	/mnt/h/AETHIEAOPSYS/ENV/RUNTIME/npm-cache/_cacache/tmp/3c4c5456
2026-05-26T00:32:22.0000000000Z	57344	/mnt/h/AETHIEAOPSYS/ENV/RUNTIME/npm-cache/_cacache/tmp/a493dc05
2026-05-26T00:32:22.0000000000Z	57344	/mnt/h/AETHIEAOPSYS/ENV/RUNTIME/npm-cache/_cacache/tmp/cb22f3c6
2026-05-26T00:32:22.0000000000Z	57344	/mnt/h/AETHIEAOPSYS/ENV/RUNTIME/npm-cache/_cacache/tmp/eaa0a432
2026-05-26T00:32:22.0000000000Z	57344	/mnt/h/AETHIEAOPSYS/ENV/RUNTIME/npm-cache/_cacache/tmp/ef6a8b73
2026-05-26T00:32:22.0000000000Z	6005	/mnt/h/AETHIEAOPSYS/ENV/RUNTIME/npm-cache/_cacache/tmp/9a809258
2026-05-26T00:32:22.0000000000Z	60626	/mnt/h/AETHIEAOPSYS/ENV/RUNTIME/npm-cache/_cacache/tmp/22f197fb
2026-05-26T00:32:22.0000000000Z	60626	/mnt/h/AETHIEAOPSYS/ENV/RUNTIME/npm-cache/_cacache/tmp/d6fcd2a3
2026-05-26T00:32:22.0000000000Z	60627	/mnt/h/AETHIEAOPSYS/ENV/RUNTIME/npm-cache/_cacache/tmp/08028150
2026-05-26T00:32:22.0000000000Z	60637	/mnt/h/AETHIEAOPSYS/ENV/RUNTIME/npm-cache/_cacache/tmp/a4f0ac3f
2026-05-26T00:32:22.0000000000Z	60641	/mnt/h/AETHIEAOPSYS/ENV/RUNTIME/npm-cache/_cacache/tmp/8272551a
2026-05-26T00:32:22.0000000000Z	6203	/mnt/h/AETHIEAOPSYS/ENV/RUNTIME/npm-cache/_cacache/tmp/aa0ce2c2
2026-05-26T00:32:22.0000000000Z	6204	/mnt/h/AETHIEAOPSYS/ENV/RUNTIME/npm-cache/_cacache/tmp/164ce723
2026-05-26T00:32:22.0000000000Z	6205	/mnt/h/AETHIEAOPSYS/ENV/RUNTIME/npm-cache/_cacache/tmp/2fcb1442
2026-05-26T00:32:22.0000000000Z	64734	/mnt/h/AETHIEAOPSYS/ENV/RUNTIME/npm-cache/_cacache/tmp/5c2cb3a3
2026-05-26T00:32:22.0000000000Z	64736	/mnt/h/AETHIEAOPSYS/ENV/RUNTIME/npm-cache/_cacache/tmp/7384fc10
2026-05-26T00:32:22.0000000000Z	64895	/mnt/h/AETHIEAOPSYS/ENV/RUNTIME/npm-cache/_cacache/tmp/f78cba89
2026-05-26T00:32:22.0000000000Z	6779	/mnt/h/AETHIEAOPSYS/ENV/RUNTIME/npm-cache/_cacache/tmp/4f2b10db
2026-05-26T00:32:22.0000000000Z	7573	/mnt/h/AETHIEAOPSYS/ENV/RUNTIME/npm-cache/_cacache/tmp/6fd120af
2026-05-26T00:32:22.0000000000Z	7573	/mnt/h/AETHIEAOPSYS/ENV/RUNTIME/npm-cache/_cacache/tmp/c0f01846
2026-05-26T00:32:22.0000000000Z	7574	/mnt/h/AETHIEAOPSYS/ENV/RUNTIME/npm-cache/_cacache/tmp/228b91a1
2026-05-26T00:32:22.0000000000Z	7574	/mnt/h/AETHIEAOPSYS/ENV/RUNTIME/npm-cache/_cacache/tmp/275c67a2
2026-05-26T00:32:22.0000000000Z	7574	/mnt/h/AETHIEAOPSYS/ENV/RUNTIME/npm-cache/_cacache/tmp/3930c7e5
2026-05-26T00:32:22.0000000000Z	7575	/mnt/h/AETHIEAOPSYS/ENV/RUNTIME/npm-cache/_cacache/tmp/dfcbc257
2026-05-26T00:32:22.0000000000Z	8942	/mnt/h/AETHIEAOPSYS/ENV/RUNTIME/npm-cache/_cacache/tmp/f7202f33
2026-05-26T00:35:42.0000000000Z	62552	/mnt/h/AETHIEAOPSYS/CORE/aeth.py.bak.20260526T043541Z
2026-05-26T00:35:44.0000000000Z	62552	/mnt/h/AETHIEAOPSYS/CORE/aeth.py.bak.20260526T043542Z
2026-05-26T00:35:56.0000000000Z	62552	/mnt/h/AETHIEAOPSYS/CORE/aeth.py.bak.20260526T043554Z
2026-05-26T00:38:42.0000000000Z	15968	/mnt/h/AETHIEAOPSYS/TOOLIO/bin/llama-batched-bench
2026-05-26T00:38:42.0000000000Z	17904	/mnt/h/AETHIEAOPSYS/TOOLIO/bin/llama-bench
2026-05-26T00:38:42.0000000000Z	17904	/mnt/h/AETHIEAOPSYS/TOOLIO/bin/llama-cli
2026-05-26T00:38:42.0000000000Z	17904	/mnt/h/AETHIEAOPSYS/TOOLIO/bin/llama-server
2026-05-26T00:39:58.0000000000Z	62758	/mnt/h/AETHIEAOPSYS/CORE/aeth.py.bak.20260526T043957Z
2026-05-26T00:39:58.0000000000Z	62805	/mnt/h/AETHIEAOPSYS/CORE/aeth.py
2026-05-26T00:40:12.0000000000Z	556	/mnt/h/AETHIEAOPSYS/TOOLIO/RECEIPTS/llama_cpp_install_20260526T044010Z.json
2026-05-26T00:41:24.0000000000Z	671	/mnt/h/AETHIEAOPSYS/DATA/MEMORY/ANCHORS/2026-05-26T04-41-22Z_llama_cpp_aeusb_anchor.json
2026-05-26T00:42:30.0000000000Z	885	/mnt/h/AETHIEAOPSYS/TOOLIO/bin/llama-ae
2026-05-26T00:43:32.0000000000Z	579	/mnt/h/AETHIEAOPSYS/TOOLIO/RECEIPTS/llama_ae_wrapper_20260526T044330Z.json
2026-05-26T00:45:20.0000000000Z	40337	/mnt/h/AETHIEAOPSYS/ENV/PYTHON/pycache/home/d_ny5u5/.local/lib/python3.14/site-packages/huggingface_hub/__init__.cpython-314.pyc
2026-05-26T00:45:26.0000000000Z	169260	/mnt/h/AETHIEAOPSYS/ENV/PYTHON/pycache/usr/lib/python3.14/typing.cpython-314.pyc
2026-05-26T00:45:30.0000000000Z	180	/mnt/h/AETHIEAOPSYS/ENV/PYTHON/pycache/home/d_ny5u5/.local/lib/python3.14/site-packages/huggingface_hub/cli/__init__.cpython-314.pyc
2026-05-26T00:45:36.0000000000Z	6152	/mnt/h/AETHIEAOPSYS/ENV/PYTHON/pycache/home/d_ny5u5/.local/lib/python3.14/site-packages/huggingface_hub/cli/hf.cpython-314.pyc
2026-05-26T00:45:38.0000000000Z	1435	/mnt/h/AETHIEAOPSYS/ENV/PYTHON/pycache/home/d_ny5u5/.local/lib/python3.14/site-packages/typer/__init__.cpython-314.pyc
2026-05-26T00:45:38.0000000000Z	159145	/mnt/h/AETHIEAOPSYS/ENV/PYTHON/pycache/home/d_ny5u5/.local/lib/python3.14/site-packages/click/core.cpython-314.pyc
2026-05-26T00:45:38.0000000000Z	20181	/mnt/h/AETHIEAOPSYS/ENV/PYTHON/pycache/home/d_ny5u5/.local/lib/python3.14/site-packages/click/exceptions.cpython-314.pyc
2026-05-26T00:45:38.0000000000Z	23488	/mnt/h/AETHIEAOPSYS/ENV/PYTHON/pycache/usr/lib/python3.14/gettext.cpython-314.pyc
2026-05-26T00:45:38.0000000000Z	31590	/mnt/h/AETHIEAOPSYS/ENV/PYTHON/pycache/home/d_ny5u5/.local/lib/python3.14/site-packages/click/_compat.cpython-314.pyc
2026-05-26T00:45:38.0000000000Z	3782	/mnt/h/AETHIEAOPSYS/ENV/PYTHON/pycache/home/d_ny5u5/.local/lib/python3.14/site-packages/click/globals.cpython-314.pyc
2026-05-26T00:45:38.0000000000Z	40964	/mnt/h/AETHIEAOPSYS/ENV/PYTHON/pycache/usr/lib/python3.14/uuid.cpython-314.pyc
2026-05-26T00:45:38.0000000000Z	4314	/mnt/h/AETHIEAOPSYS/ENV/PYTHON/pycache/home/d_ny5u5/.local/lib/python3.14/site-packages/click/__init__.cpython-314.pyc
2026-05-26T00:45:38.0000000000Z	4778	/mnt/h/AETHIEAOPSYS/ENV/PYTHON/pycache/usr/lib/python3.14/__future__.cpython-314.pyc
2026-05-26T00:45:38.0000000000Z	64760	/mnt/h/AETHIEAOPSYS/ENV/PYTHON/pycache/home/d_ny5u5/.local/lib/python3.14/site-packages/click/types.cpython-314.pyc
2026-05-26T00:45:40.0000000000Z	11577	/mnt/h/AETHIEAOPSYS/ENV/PYTHON/pycache/home/d_ny5u5/.local/lib/python3.14/site-packages/typer/_completion_shared.cpython-314.pyc
2026-05-26T00:45:40.0000000000Z	1216	/mnt/h/AETHIEAOPSYS/ENV/PYTHON/pycache/home/d_ny5u5/.local/lib/python3.14/site-packages/shellingham/__init__.cpython-314.pyc
2026-05-26T00:45:40.0000000000Z	13325	/mnt/h/AETHIEAOPSYS/ENV/PYTHON/pycache/home/d_ny5u5/.local/lib/python3.14/site-packages/typer/_completion_classes.cpython-314.pyc
2026-05-26T00:45:40.0000000000Z	1520	/mnt/h/AETHIEAOPSYS/ENV/PYTHON/pycache/home/d_ny5u5/.local/lib/python3.14/site-packages/typer/_types.cpython-314.pyc
2026-05-26T00:45:40.0000000000Z	1672	/mnt/h/AETHIEAOPSYS/ENV/PYTHON/pycache/home/d_ny5u5/.local/lib/python3.14/site-packages/click/_utils.cpython-314.pyc
2026-05-26T00:45:40.0000000000Z	16738	/mnt/h/AETHIEAOPSYS/ENV/PYTHON/pycache/home/d_ny5u5/.local/lib/python3.14/site-packages/click/formatting.cpython-314.pyc
2026-05-26T00:45:40.0000000000Z	238	/mnt/h/AETHIEAOPSYS/ENV/PYTHON/pycache/home/d_ny5u5/.local/lib/python3.14/site-packages/annotated_doc/__init__.cpython-314.pyc
2026-05-26T00:45:40.0000000000Z	23946	/mnt/h/AETHIEAOPSYS/ENV/PYTHON/pycache/home/d_ny5u5/.local/lib/python3.14/site-packages/click/parser.cpython-314.pyc
2026-05-26T00:45:40.0000000000Z	2539	/mnt/h/AETHIEAOPSYS/ENV/PYTHON/pycache/home/d_ny5u5/.local/lib/python3.14/site-packages/annotated_doc/main.cpython-314.pyc
2026-05-26T00:45:40.0000000000Z	26894	/mnt/h/AETHIEAOPSYS/ENV/PYTHON/pycache/home/d_ny5u5/.local/lib/python3.14/site-packages/click/decorators.cpython-314.pyc
2026-05-26T00:45:40.0000000000Z	26952	/mnt/h/AETHIEAOPSYS/ENV/PYTHON/pycache/home/d_ny5u5/.local/lib/python3.14/site-packages/typer/models.cpython-314.pyc
2026-05-26T00:45:40.0000000000Z	27611	/mnt/h/AETHIEAOPSYS/ENV/PYTHON/pycache/home/d_ny5u5/.local/lib/python3.14/site-packages/click/shell_completion.cpython-314.pyc
2026-05-26T00:45:40.0000000000Z	29495	/mnt/h/AETHIEAOPSYS/ENV/PYTHON/pycache/home/d_ny5u5/.local/lib/python3.14/site-packages/click/utils.cpython-314.pyc
2026-05-26T00:45:40.0000000000Z	3857	/mnt/h/AETHIEAOPSYS/ENV/PYTHON/pycache/home/d_ny5u5/.local/lib/python3.14/site-packages/typer/_typing.cpython-314.pyc
2026-05-26T00:45:40.0000000000Z	39784	/mnt/h/AETHIEAOPSYS/ENV/PYTHON/pycache/home/d_ny5u5/.local/lib/python3.14/site-packages/click/termui.cpython-314.pyc
2026-05-26T00:45:40.0000000000Z	48078	/mnt/h/AETHIEAOPSYS/ENV/PYTHON/pycache/usr/lib/python3.14/platform.cpython-314.pyc
2026-05-26T00:45:40.0000000000Z	6374	/mnt/h/AETHIEAOPSYS/ENV/PYTHON/pycache/home/d_ny5u5/.local/lib/python3.14/site-packages/typer/completion.cpython-314.pyc
2026-05-26T00:45:40.0000000000Z	660	/mnt/h/AETHIEAOPSYS/ENV/PYTHON/pycache/home/d_ny5u5/.local/lib/python3.14/site-packages/typer/colors.cpython-314.pyc
2026-05-26T00:45:40.0000000000Z	686	/mnt/h/AETHIEAOPSYS/ENV/PYTHON/pycache/home/d_ny5u5/.local/lib/python3.14/site-packages/shellingham/_core.cpython-314.pyc
2026-05-26T00:45:40.0000000000Z	74010	/mnt/h/AETHIEAOPSYS/ENV/PYTHON/pycache/home/d_ny5u5/.local/lib/python3.14/site-packages/typer/main.cpython-314.pyc
2026-05-26T00:45:44.0000000000Z	65461	/mnt/h/AETHIEAOPSYS/ENV/PYTHON/pycache/home/d_ny5u5/.local/lib/python3.14/site-packages/typer/params.cpython-314.pyc
2026-05-26T00:45:52.0000000000Z	10562	/mnt/h/AETHIEAOPSYS/ENV/PYTHON/pycache/home/d_ny5u5/.local/lib/python3.14/site-packages/typer/utils.cpython-314.pyc
2026-05-26T00:45:56.0000000000Z	40502	/mnt/h/AETHIEAOPSYS/ENV/PYTHON/pycache/home/d_ny5u5/.local/lib/python3.14/site-packages/typer/core.cpython-314.pyc
2026-05-26T00:46:00.0000000000Z	18597	/mnt/h/AETHIEAOPSYS/ENV/PYTHON/pycache/usr/lib/python3.14/heapq.cpython-314.pyc
2026-05-26T00:46:00.0000000000Z	73929	/mnt/h/AETHIEAOPSYS/ENV/PYTHON/pycache/usr/lib/python3.14/difflib.cpython-314.pyc
2026-05-26T00:46:04.0000000000Z	13278	/mnt/h/AETHIEAOPSYS/ENV/PYTHON/pycache/home/d_ny5u5/.local/lib/python3.14/site-packages/huggingface_hub/constants.cpython-314.pyc
2026-05-26T00:46:08.0000000000Z	10242	/mnt/h/AETHIEAOPSYS/ENV/PYTHON/pycache/usr/lib/python3.14/importlib/abc.cpython-314.pyc
2026-05-26T00:46:08.0000000000Z	110703	/mnt/h/AETHIEAOPSYS/ENV/PYTHON/pycache/usr/lib/python3.14/zipfile/__init__.cpython-314.pyc
2026-05-26T00:46:08.0000000000Z	18045	/mnt/h/AETHIEAOPSYS/ENV/PYTHON/pycache/home/d_ny5u5/.local/lib/python3.14/site-packages/huggingface_hub/_space_api.cpython-314.pyc
2026-05-26T00:46:08.0000000000Z	1869	/mnt/h/AETHIEAOPSYS/ENV/PYTHON/pycache/usr/lib/python3.14/email/__init__.cpython-314.pyc
2026-05-26T00:46:08.0000000000Z	1981	/mnt/h/AETHIEAOPSYS/ENV/PYTHON/pycache/usr/lib/python3.14/importlib/metadata/_collections.cpython-314.pyc
2026-05-26T00:46:08.0000000000Z	20621	/mnt/h/AETHIEAOPSYS/ENV/PYTHON/pycache/usr/lib/python3.14/zipfile/_path/__init__.cpython-314.pyc
2026-05-26T00:46:08.0000000000Z	2292	/mnt/h/AETHIEAOPSYS/ENV/PYTHON/pycache/usr/lib/python3.14/importlib/metadata/_itertools.cpython-314.pyc
2026-05-26T00:46:08.0000000000Z	3252	/mnt/h/AETHIEAOPSYS/ENV/PYTHON/pycache/usr/lib/python3.14/importlib/metadata/_functools.cpython-314.pyc
2026-05-26T00:46:08.0000000000Z	327	/mnt/h/AETHIEAOPSYS/ENV/PYTHON/pycache/usr/lib/python3.14/struct.cpython-314.pyc
2026-05-26T00:46:08.0000000000Z	5569	/mnt/h/AETHIEAOPSYS/ENV/PYTHON/pycache/usr/lib/python3.14/importlib/metadata/_meta.cpython-314.pyc
2026-05-26T00:46:08.0000000000Z	5846	/mnt/h/AETHIEAOPSYS/ENV/PYTHON/pycache/usr/lib/python3.14/zipfile/_path/glob.cpython-314.pyc
2026-05-26T00:46:08.0000000000Z	60059	/mnt/h/AETHIEAOPSYS/ENV/PYTHON/pycache/usr/lib/python3.14/importlib/metadata/__init__.cpython-314.pyc
2026-05-26T00:46:08.0000000000Z	67768	/mnt/h/AETHIEAOPSYS/ENV/PYTHON/pycache/home/d_ny5u5/.local/lib/python3.14/site-packages/huggingface_hub/cli/_cli_utils.cpython-314.pyc
2026-05-26T00:46:10.0000000000Z	11513	/mnt/h/AETHIEAOPSYS/ENV/PYTHON/pycache/home/d_ny5u5/.local/lib/python3.14/site-packages/httpx/_api.cpython-314.pyc
2026-05-26T00:46:10.0000000000Z	24121	/mnt/h/AETHIEAOPSYS/ENV/PYTHON/pycache/home/d_ny5u5/.local/lib/python3.14/site-packages/huggingface_hub/errors.cpython-314.pyc
2026-05-26T00:46:10.0000000000Z	295	/mnt/h/AETHIEAOPSYS/ENV/PYTHON/pycache/home/d_ny5u5/.local/lib/python3.14/site-packages/httpx/__version__.cpython-314.pyc
2026-05-26T00:46:10.0000000000Z	3372	/mnt/h/AETHIEAOPSYS/ENV/PYTHON/pycache/home/d_ny5u5/.local/lib/python3.14/site-packages/httpx/__init__.cpython-314.pyc
2026-05-26T00:46:10.0000000000Z	4553	/mnt/h/AETHIEAOPSYS/ENV/PYTHON/pycache/home/d_ny5u5/.local/lib/python3.14/site-packages/huggingface_hub/utils/__init__.cpython-314.pyc
2026-05-26T00:46:10.0000000000Z	75288	/mnt/h/AETHIEAOPSYS/ENV/PYTHON/pycache/home/d_ny5u5/.local/lib/python3.14/site-packages/httpx/_client.cpython-314.pyc
2026-05-26T00:46:10.0000000000Z	96731	/mnt/h/AETHIEAOPSYS/ENV/PYTHON/pycache/usr/lib/python3.14/logging/__init__.cpython-314.pyc
2026-05-26T00:46:20.0000000000Z	12872	/mnt/h/AETHIEAOPSYS/ENV/PYTHON/pycache/usr/lib/python3.14/string/__init__.cpython-314.pyc
2026-05-26T00:46:24.0000000000Z	18601	/mnt/h/AETHIEAOPSYS/ENV/PYTHON/pycache/home/d_ny5u5/.local/lib/python3.14/site-packages/httpx/_auth.cpython-314.pyc
2026-05-26T00:46:28.0000000000Z	8347	/mnt/h/AETHIEAOPSYS/ENV/PYTHON/pycache/usr/lib/python3.14/hashlib.cpython-314.pyc
2026-05-26T00:46:30.0000000000Z	26610	/mnt/h/AETHIEAOPSYS/ENV/PYTHON/pycache/usr/lib/python3.14/base64.cpython-314.pyc
2026-05-26T00:46:32.0000000000Z	137	/mnt/h/AETHIEAOPSYS/ENV/PYTHON/pycache/usr/lib/python3.14/urllib/__init__.cpython-314.pyc
2026-05-26T00:46:38.0000000000Z	10353	/mnt/h/AETHIEAOPSYS/ENV/PYTHON/pycache/usr/lib/python3.14/email/quoprimime.cpython-314.pyc
2026-05-26T00:46:38.0000000000Z	10375	/mnt/h/AETHIEAOPSYS/ENV/PYTHON/pycache/usr/lib/python3.14/http/__init__.cpython-314.pyc
2026-05-26T00:46:38.0000000000Z	13078	/mnt/h/AETHIEAOPSYS/ENV/PYTHON/pycache/home/d_ny5u5/.local/lib/python3.14/site-packages/httpx/_content.cpython-314.pyc
2026-05-26T00:46:38.0000000000Z	14193	/mnt/h/AETHIEAOPSYS/ENV/PYTHON/pycache/home/d_ny5u5/.local/lib/python3.14/site-packages/httpx/_exceptions.cpython-314.pyc
2026-05-26T00:46:38.0000000000Z	15041	/mnt/h/AETHIEAOPSYS/ENV/PYTHON/pycache/usr/lib/python3.14/email/charset.cpython-314.pyc
2026-05-26T00:46:38.0000000000Z	16941	/mnt/h/AETHIEAOPSYS/ENV/PYTHON/pycache/usr/lib/python3.14/email/utils.cpython-314.pyc
2026-05-26T00:46:38.0000000000Z	17033	/mnt/h/AETHIEAOPSYS/ENV/PYTHON/pycache/home/d_ny5u5/.local/lib/python3.14/site-packages/httpx/_multipart.cpython-314.pyc
2026-05-26T00:46:38.0000000000Z	18628	/mnt/h/AETHIEAOPSYS/ENV/PYTHON/pycache/usr/lib/python3.14/email/_policybase.cpython-314.pyc
2026-05-26T00:46:38.0000000000Z	2089	/mnt/h/AETHIEAOPSYS/ENV/PYTHON/pycache/usr/lib/python3.14/email/encoders.cpython-314.pyc
2026-05-26T00:46:38.0000000000Z	21027	/mnt/h/AETHIEAOPSYS/ENV/PYTHON/pycache/usr/lib/python3.14/email/feedparser.cpython-314.pyc
2026-05-26T00:46:38.0000000000Z	23886	/mnt/h/AETHIEAOPSYS/ENV/PYTHON/pycache/usr/lib/python3.14/email/_parseaddr.cpython-314.pyc
2026-05-26T00:46:38.0000000000Z	25545	/mnt/h/AETHIEAOPSYS/ENV/PYTHON/pycache/usr/lib/python3.14/email/header.cpython-314.pyc
2026-05-26T00:46:38.0000000000Z	28856	/mnt/h/AETHIEAOPSYS/ENV/PYTHON/pycache/usr/lib/python3.14/mimetypes.cpython-314.pyc
2026-05-26T00:46:38.0000000000Z	2896	/mnt/h/AETHIEAOPSYS/ENV/PYTHON/pycache/usr/lib/python3.14/email/iterators.cpython-314.pyc
2026-05-26T00:46:38.0000000000Z	3592	/mnt/h/AETHIEAOPSYS/ENV/PYTHON/pycache/usr/lib/python3.14/bisect.cpython-314.pyc
2026-05-26T00:46:38.0000000000Z	37777	/mnt/h/AETHIEAOPSYS/ENV/PYTHON/pycache/usr/lib/python3.14/random.cpython-314.pyc
2026-05-26T00:46:38.0000000000Z	3852	/mnt/h/AETHIEAOPSYS/ENV/PYTHON/pycache/usr/lib/python3.14/urllib/error.cpython-314.pyc
2026-05-26T00:46:38.0000000000Z	4004	/mnt/h/AETHIEAOPSYS/ENV/PYTHON/pycache/usr/lib/python3.14/email/base64mime.cpython-314.pyc
2026-05-26T00:46:38.0000000000Z	42072	/mnt/h/AETHIEAOPSYS/ENV/PYTHON/pycache/usr/lib/python3.14/tempfile.cpython-314.pyc
2026-05-26T00:46:38.0000000000Z	42963	/mnt/h/AETHIEAOPSYS/ENV/PYTHON/pycache/usr/lib/python3.14/socket.cpython-314.pyc
2026-05-26T00:46:38.0000000000Z	4698	/mnt/h/AETHIEAOPSYS/ENV/PYTHON/pycache/usr/lib/python3.14/urllib/response.cpython-314.pyc
2026-05-26T00:46:38.0000000000Z	47381	/mnt/h/AETHIEAOPSYS/ENV/PYTHON/pycache/usr/lib/python3.14/calendar.cpython-314.pyc
2026-05-26T00:46:38.0000000000Z	52453	/mnt/h/AETHIEAOPSYS/ENV/PYTHON/pycache/usr/lib/python3.14/email/message.cpython-314.pyc
2026-05-26T00:46:38.0000000000Z	53593	/mnt/h/AETHIEAOPSYS/ENV/PYTHON/pycache/usr/lib/python3.14/urllib/parse.cpython-314.pyc
2026-05-26T00:46:38.0000000000Z	59924	/mnt/h/AETHIEAOPSYS/ENV/PYTHON/pycache/usr/lib/python3.14/http/client.cpython-314.pyc
2026-05-26T00:46:38.0000000000Z	65898	/mnt/h/AETHIEAOPSYS/ENV/PYTHON/pycache/usr/lib/python3.14/ssl.cpython-314.pyc
2026-05-26T00:46:38.0000000000Z	6598	/mnt/h/AETHIEAOPSYS/ENV/PYTHON/pycache/usr/lib/python3.14/email/parser.cpython-314.pyc
2026-05-26T00:46:38.0000000000Z	72219	/mnt/h/AETHIEAOPSYS/ENV/PYTHON/pycache/home/d_ny5u5/.local/lib/python3.14/site-packages/httpx/_models.cpython-314.pyc
2026-05-26T00:46:38.0000000000Z	7580	/mnt/h/AETHIEAOPSYS/ENV/PYTHON/pycache/usr/lib/python3.14/email/errors.cpython-314.pyc
2026-05-26T00:46:38.0000000000Z	84606	/mnt/h/AETHIEAOPSYS/ENV/PYTHON/pycache/usr/lib/python3.14/http/cookiejar.cpython-314.pyc
2026-05-26T00:46:38.0000000000Z	8531	/mnt/h/AETHIEAOPSYS/ENV/PYTHON/pycache/usr/lib/python3.14/email/_encoded_words.cpython-314.pyc
2026-05-26T00:46:38.0000000000Z	91259	/mnt/h/AETHIEAOPSYS/ENV/PYTHON/pycache/usr/lib/python3.14/urllib/request.cpython-314.pyc
2026-05-26T00:46:38.0000000000Z	94017	/mnt/h/AETHIEAOPSYS/ENV/PYTHON/pycache/usr/lib/python3.14/ipaddress.cpython-314.pyc
2026-05-26T00:46:38.0000000000Z	9813	/mnt/h/AETHIEAOPSYS/ENV/PYTHON/pycache/usr/lib/python3.14/quopri.cpython-314.pyc
2026-05-26T00:46:40.0000000000Z	11763	/mnt/h/AETHIEAOPSYS/ENV/PYTHON/pycache/home/d_ny5u5/.local/lib/python3.14/site-packages/httpx/_utils.cpython-314.pyc
2026-05-26T00:46:40.0000000000Z	21628	/mnt/h/AETHIEAOPSYS/ENV/PYTHON/pycache/home/d_ny5u5/.local/lib/python3.14/site-packages/httpx/_decoders.cpython-314.pyc
2026-05-26T00:46:40.0000000000Z	5077	/mnt/h/AETHIEAOPSYS/ENV/PYTHON/pycache/home/d_ny5u5/.local/lib/python3.14/site-packages/httpx/_types.cpython-314.pyc
2026-05-26T00:46:40.0000000000Z	8387	/mnt/h/AETHIEAOPSYS/ENV/PYTHON/pycache/home/d_ny5u5/.local/lib/python3.14/site-packages/httpx/_status_codes.cpython-314.pyc
2026-05-26T00:46:42.0000000000Z	33782	/mnt/h/AETHIEAOPSYS/ENV/PYTHON/pycache/home/d_ny5u5/.local/lib/python3.14/site-packages/httpx/_urls.cpython-314.pyc
2026-05-26T00:46:54.0000000000Z	844	/mnt/h/AETHIEAOPSYS/ENV/PYTHON/pycache/usr/lib/python3/dist-packages/idna/__init__.cpython-314.pyc
2026-05-26T00:46:58.0000000000Z	20335	/mnt/h/AETHIEAOPSYS/ENV/PYTHON/pycache/usr/lib/python3/dist-packages/idna/core.cpython-314.pyc
2026-05-26T00:47:04.0000000000Z	100897	/mnt/h/AETHIEAOPSYS/ENV/PYTHON/pycache/usr/lib/python3/dist-packages/idna/idnadata.cpython-314.pyc
2026-05-26T00:47:06.0000000000Z	13122	/mnt/h/AETHIEAOPSYS/ENV/PYTHON/pycache/home/d_ny5u5/.local/lib/python3.14/site-packages/httpx/_config.cpython-314.pyc
2026-05-26T00:47:06.0000000000Z	175	/mnt/h/AETHIEAOPSYS/ENV/PYTHON/pycache/usr/lib/python3/dist-packages/idna/package_data.cpython-314.pyc
2026-05-26T00:47:06.0000000000Z	20391	/mnt/h/AETHIEAOPSYS/ENV/PYTHON/pycache/home/d_ny5u5/.local/lib/python3.14/site-packages/httpx/_urlparse.cpython-314.pyc
2026-05-26T00:47:06.0000000000Z	3371	/mnt/h/AETHIEAOPSYS/ENV/PYTHON/pycache/usr/lib/python3/dist-packages/idna/intranges.cpython-314.pyc
2026-05-26T00:47:08.0000000000Z	10732	/mnt/h/AETHIEAOPSYS/ENV/PYTHON/pycache/usr/lib/python3/dist-packages/rich/default_styles.cpython-314.pyc
2026-05-26T00:47:08.0000000000Z	137361	/mnt/h/AETHIEAOPSYS/ENV/PYTHON/pycache/usr/lib/python3/dist-packages/rich/console.cpython-314.pyc
2026-05-26T00:47:08.0000000000Z	14491	/mnt/h/AETHIEAOPSYS/ENV/PYTHON/pycache/usr/lib/python3/dist-packages/pygments/util.cpython-314.pyc
2026-05-26T00:47:08.0000000000Z	15144	/mnt/h/AETHIEAOPSYS/ENV/PYTHON/pycache/usr/lib/python3/dist-packages/pygments/lexers/__init__.cpython-314.pyc
2026-05-26T00:47:08.0000000000Z	1561	/mnt/h/AETHIEAOPSYS/ENV/PYTHON/pycache/usr/lib/python3/dist-packages/pygments/modeline.cpython-314.pyc
2026-05-26T00:47:08.0000000000Z	1979	/mnt/h/AETHIEAOPSYS/ENV/PYTHON/pycache/usr/lib/python3/dist-packages/rich/errors.cpython-314.pyc
2026-05-26T00:47:08.0000000000Z	19891	/mnt/h/AETHIEAOPSYS/ENV/PYTHON/pycache/home/d_ny5u5/.local/lib/python3.14/site-packages/httpx/_transports/default.cpython-314.pyc
2026-05-26T00:47:08.0000000000Z	22966	/mnt/h/AETHIEAOPSYS/ENV/PYTHON/pycache/home/d_ny5u5/.local/lib/python3.14/site-packages/httpx/_main.cpython-314.pyc
2026-05-26T00:47:08.0000000000Z	2335	/mnt/h/AETHIEAOPSYS/ENV/PYTHON/pycache/usr/lib/python3/dist-packages/rich/color_triplet.cpython-314.pyc
2026-05-26T00:47:08.0000000000Z	2433	/mnt/h/AETHIEAOPSYS/ENV/PYTHON/pycache/home/d_ny5u5/.local/lib/python3.14/site-packages/httpx/_transports/mock.cpython-314.pyc
2026-05-26T00:47:08.0000000000Z	2516	/mnt/h/AETHIEAOPSYS/ENV/PYTHON/pycache/usr/lib/python3/dist-packages/pygments/plugin.cpython-314.pyc
2026-05-26T00:47:08.0000000000Z	273	/mnt/h/AETHIEAOPSYS/ENV/PYTHON/pycache/usr/lib/python3/dist-packages/rich/themes.cpython-314.pyc
2026-05-26T00:47:08.0000000000Z	28635	/mnt/h/AETHIEAOPSYS/ENV/PYTHON/pycache/usr/lib/python3/dist-packages/rich/color.cpython-314.pyc
2026-05-26T00:47:08.0000000000Z	3392	/mnt/h/AETHIEAOPSYS/ENV/PYTHON/pycache/usr/lib/python3/dist-packages/pygments/__init__.cpython-314.pyc
2026-05-26T00:47:08.0000000000Z	42017	/mnt/h/AETHIEAOPSYS/ENV/PYTHON/pycache/usr/lib/python3/dist-packages/rich/style.cpython-314.pyc
2026-05-26T00:47:08.0000000000Z	424	/mnt/h/AETHIEAOPSYS/ENV/PYTHON/pycache/home/d_ny5u5/.local/lib/python3.14/site-packages/httpx/_transports/__init__.cpython-314.pyc
2026-05-26T00:47:08.0000000000Z	4802	/mnt/h/AETHIEAOPSYS/ENV/PYTHON/pycache/home/d_ny5u5/.local/lib/python3.14/site-packages/httpx/_transports/base.cpython-314.pyc
2026-05-26T00:47:08.0000000000Z	5269	/mnt/h/AETHIEAOPSYS/ENV/PYTHON/pycache/usr/lib/python3.14/colorsys.cpython-314.pyc
2026-05-26T00:47:08.0000000000Z	5785	/mnt/h/AETHIEAOPSYS/ENV/PYTHON/pycache/usr/lib/python3.14/html/__init__.cpython-314.pyc
2026-05-26T00:47:08.0000000000Z	615	/mnt/h/AETHIEAOPSYS/ENV/PYTHON/pycache/usr/lib/python3/dist-packages/rich/_extension.cpython-314.pyc
2026-05-26T00:47:08.0000000000Z	6478	/mnt/h/AETHIEAOPSYS/ENV/PYTHON/pycache/usr/lib/python3/dist-packages/rich/palette.cpython-314.pyc
2026-05-26T00:47:08.0000000000Z	6577	/mnt/h/AETHIEAOPSYS/ENV/PYTHON/pycache/usr/lib/python3/dist-packages/rich/_null_file.cpython-314.pyc
2026-05-26T00:47:08.0000000000Z	66927	/mnt/h/AETHIEAOPSYS/ENV/PYTHON/pycache/usr/lib/python3/dist-packages/pygments/lexers/_mapping.cpython-314.pyc
2026-05-26T00:47:08.0000000000Z	7374	/mnt/h/AETHIEAOPSYS/ENV/PYTHON/pycache/usr/lib/python3.14/_compat_pickle.cpython-314.pyc
2026-05-26T00:47:08.0000000000Z	7992	/mnt/h/AETHIEAOPSYS/ENV/PYTHON/pycache/home/d_ny5u5/.local/lib/python3.14/site-packages/httpx/_transports/wsgi.cpython-314.pyc
2026-05-26T00:47:08.0000000000Z	8327	/mnt/h/AETHIEAOPSYS/ENV/PYTHON/pycache/usr/lib/python3/dist-packages/rich/__init__.cpython-314.pyc
2026-05-26T00:47:08.0000000000Z	85247	/mnt/h/AETHIEAOPSYS/ENV/PYTHON/pycache/usr/lib/python3.14/pickle.cpython-314.pyc
2026-05-26T00:47:08.0000000000Z	8815	/mnt/h/AETHIEAOPSYS/ENV/PYTHON/pycache/usr/lib/python3/dist-packages/rich/repr.cpython-314.pyc
2026-05-26T00:47:08.0000000000Z	9118	/mnt/h/AETHIEAOPSYS/ENV/PYTHON/pycache/home/d_ny5u5/.local/lib/python3.14/site-packages/httpx/_transports/asgi.cpython-314.pyc
2026-05-26T00:47:08.0000000000Z	9351	/mnt/h/AETHIEAOPSYS/ENV/PYTHON/pycache/usr/lib/python3/dist-packages/rich/_palettes.cpython-314.pyc
2026-05-26T00:47:08.0000000000Z	97014	/mnt/h/AETHIEAOPSYS/ENV/PYTHON/pycache/usr/lib/python3.14/html/entities.cpython-314.pyc
2026-05-26T00:47:08.0000000000Z	9770	/mnt/h/AETHIEAOPSYS/ENV/PYTHON/pycache/usr/lib/python3.14/getpass.cpython-314.pyc
2026-05-26T00:47:10.0000000000Z	3634	/mnt/h/AETHIEAOPSYS/ENV/PYTHON/pycache/usr/lib/python3/dist-packages/rich/terminal_theme.cpython-314.pyc
2026-05-26T00:47:22.0000000000Z	7750	/mnt/h/AETHIEAOPSYS/ENV/PYTHON/pycache/usr/lib/python3/dist-packages/rich/theme.cpython-314.pyc
2026-05-26T00:47:26.0000000000Z	72898	/mnt/h/AETHIEAOPSYS/ENV/PYTHON/pycache/usr/lib/python3.14/configparser.cpython-314.pyc
2026-05-26T00:47:28.0000000000Z	2089	/mnt/h/AETHIEAOPSYS/ENV/PYTHON/pycache/usr/lib/python3/dist-packages/rich/_emoji_replace.cpython-314.pyc
2026-05-26T00:47:40.0000000000Z	205953	/mnt/h/AETHIEAOPSYS/ENV/PYTHON/pycache/usr/lib/python3/dist-packages/rich/_emoji_codes.cpython-314.pyc
2026-05-26T00:47:42.0000000000Z	11150	/mnt/h/AETHIEAOPSYS/ENV/PYTHON/pycache/usr/lib/python3/dist-packages/rich/highlighter.cpython-314.pyc
2026-05-26T00:47:42.0000000000Z	11251	/mnt/h/AETHIEAOPSYS/ENV/PYTHON/pycache/usr/lib/python3/dist-packages/rich/markup.cpython-314.pyc
2026-05-26T00:47:42.0000000000Z	12140	/mnt/h/AETHIEAOPSYS/ENV/PYTHON/pycache/usr/lib/python3/dist-packages/rich/containers.cpython-314.pyc
2026-05-26T00:47:42.0000000000Z	13640	/mnt/h/AETHIEAOPSYS/ENV/PYTHON/pycache/usr/lib/python3/dist-packages/rich/control.cpython-314.pyc
2026-05-26T00:47:42.0000000000Z	15001	/mnt/h/AETHIEAOPSYS/ENV/PYTHON/pycache/usr/lib/python3/dist-packages/rich/align.cpython-314.pyc
2026-05-26T00:47:42.0000000000Z	15806	/mnt/h/AETHIEAOPSYS/ENV/PYTHON/pycache/usr/lib/python3/dist-packages/rich/_cell_widths.cpython-314.pyc
2026-05-26T00:47:42.0000000000Z	2017	/mnt/h/AETHIEAOPSYS/ENV/PYTHON/pycache/usr/lib/python3/dist-packages/rich/protocol.cpython-314.pyc
2026-05-26T00:47:42.0000000000Z	2308	/mnt/h/AETHIEAOPSYS/ENV/PYTHON/pycache/usr/lib/python3/dist-packages/rich/_export_format.cpython-314.pyc
2026-05-26T00:47:42.0000000000Z	2396	/mnt/h/AETHIEAOPSYS/ENV/PYTHON/pycache/usr/lib/python3/dist-packages/rich/pager.cpython-314.pyc
2026-05-26T00:47:42.0000000000Z	2482	/mnt/h/AETHIEAOPSYS/ENV/PYTHON/pycache/usr/lib/python3/dist-packages/rich/_loop.cpython-314.pyc
2026-05-26T00:47:42.0000000000Z	2773	/mnt/h/AETHIEAOPSYS/ENV/PYTHON/pycache/usr/lib/python3/dist-packages/rich/constrain.cpython-314.pyc
2026-05-26T00:47:42.0000000000Z	33609	/mnt/h/AETHIEAOPSYS/ENV/PYTHON/pycache/usr/lib/python3/dist-packages/rich/segment.cpython-314.pyc
2026-05-26T00:47:42.0000000000Z	3619	/mnt/h/AETHIEAOPSYS/ENV/PYTHON/pycache/usr/lib/python3/dist-packages/rich/_wrap.cpython-314.pyc
2026-05-26T00:47:42.0000000000Z	4832	/mnt/h/AETHIEAOPSYS/ENV/PYTHON/pycache/usr/lib/python3/dist-packages/rich/_log_render.cpython-314.pyc
2026-05-26T00:47:42.0000000000Z	49477	/mnt/h/AETHIEAOPSYS/ENV/PYTHON/pycache/usr/lib/python3/dist-packages/rich/pretty.cpython-314.pyc
2026-05-26T00:47:42.0000000000Z	5023	/mnt/h/AETHIEAOPSYS/ENV/PYTHON/pycache/usr/lib/python3/dist-packages/rich/emoji.cpython-314.pyc
2026-05-26T00:47:42.0000000000Z	6402	/mnt/h/AETHIEAOPSYS/ENV/PYTHON/pycache/usr/lib/python3/dist-packages/rich/cells.cpython-314.pyc
2026-05-26T00:47:42.0000000000Z	6584	/mnt/h/AETHIEAOPSYS/ENV/PYTHON/pycache/usr/lib/python3/dist-packages/rich/jupyter.cpython-314.pyc
2026-05-26T00:47:42.0000000000Z	73009	/mnt/h/AETHIEAOPSYS/ENV/PYTHON/pycache/usr/lib/python3/dist-packages/rich/text.cpython-314.pyc
2026-05-26T00:47:42.0000000000Z	7410	/mnt/h/AETHIEAOPSYS/ENV/PYTHON/pycache/usr/lib/python3/dist-packages/rich/measure.cpython-314.pyc
2026-05-26T00:47:42.0000000000Z	846	/mnt/h/AETHIEAOPSYS/ENV/PYTHON/pycache/usr/lib/python3/dist-packages/rich/_pick.cpython-314.pyc
2026-05-26T00:47:42.0000000000Z	958	/mnt/h/AETHIEAOPSYS/ENV/PYTHON/pycache/usr/lib/python3/dist-packages/rich/_fileno.cpython-314.pyc
2026-05-26T00:47:44.0000000000Z	10182	/mnt/h/AETHIEAOPSYS/ENV/PYTHON/pycache/usr/lib/python3/dist-packages/rich/ansi.cpython-314.pyc
2026-05-26T00:47:44.0000000000Z	1056	/mnt/h/AETHIEAOPSYS/ENV/PYTHON/pycache/usr/lib/python3/dist-packages/attr/_config.cpython-314.pyc
2026-05-26T00:47:44.0000000000Z	113052	/mnt/h/AETHIEAOPSYS/ENV/PYTHON/pycache/usr/lib/python3/dist-packages/attr/_make.cpython-314.pyc
2026-05-26T00:47:44.0000000000Z	12145	/mnt/h/AETHIEAOPSYS/ENV/PYTHON/pycache/usr/lib/python3/dist-packages/rich/progress_bar.cpython-314.pyc
2026-05-26T00:47:44.0000000000Z	13862	/mnt/h/AETHIEAOPSYS/ENV/PYTHON/pycache/usr/lib/python3/dist-packages/attr/_funcs.cpython-314.pyc
2026-05-26T00:47:44.0000000000Z	14189	/mnt/h/AETHIEAOPSYS/ENV/PYTHON/pycache/usr/lib/python3.14/numbers.cpython-314.pyc
2026-05-26T00:47:44.0000000000Z	14425	/mnt/h/AETHIEAOPSYS/ENV/PYTHON/pycache/usr/lib/python3/dist-packages/rich/box.cpython-314.pyc
2026-05-26T00:47:44.0000000000Z	14501	/mnt/h/AETHIEAOPSYS/ENV/PYTHON/pycache/usr/lib/python3/dist-packages/rich/panel.cpython-314.pyc
2026-05-26T00:47:44.0000000000Z	15674	/mnt/h/AETHIEAOPSYS/ENV/PYTHON/pycache/usr/lib/python3/dist-packages/rich/_spinners.cpython-314.pyc
2026-05-26T00:47:44.0000000000Z	1850	/mnt/h/AETHIEAOPSYS/ENV/PYTHON/pycache/usr/lib/python3/dist-packages/attr/setters.cpython-314.pyc
2026-05-26T00:47:44.0000000000Z	1855	/mnt/h/AETHIEAOPSYS/ENV/PYTHON/pycache/usr/lib/python3/dist-packages/rich/abc.cpython-314.pyc
2026-05-26T00:47:44.0000000000Z	23073	/mnt/h/AETHIEAOPSYS/ENV/PYTHON/pycache/usr/lib/python3/dist-packages/rich/live.cpython-314.pyc
2026-05-26T00:47:44.0000000000Z	25219	/mnt/h/AETHIEAOPSYS/ENV/PYTHON/pycache/usr/lib/python3/dist-packages/attr/_next_gen.cpython-314.pyc
2026-05-26T00:47:44.0000000000Z	2639	/mnt/h/AETHIEAOPSYS/ENV/PYTHON/pycache/usr/lib/python3/dist-packages/rich/styled.cpython-314.pyc
2026-05-26T00:47:44.0000000000Z	27731	/mnt/h/AETHIEAOPSYS/ENV/PYTHON/pycache/usr/lib/python3/dist-packages/attr/validators.cpython-314.pyc
2026-05-26T00:47:44.0000000000Z	2975	/mnt/h/AETHIEAOPSYS/ENV/PYTHON/pycache/usr/lib/python3/dist-packages/attr/filters.cpython-314.pyc
2026-05-26T00:47:44.0000000000Z	3055	/mnt/h/AETHIEAOPSYS/ENV/PYTHON/pycache/usr/lib/python3/dist-packages/rich/screen.cpython-314.pyc
2026-05-26T00:47:44.0000000000Z	3404	/mnt/h/AETHIEAOPSYS/ENV/PYTHON/pycache/usr/lib/python3/dist-packages/attr/_version_info.cpython-314.pyc
2026-05-26T00:47:44.0000000000Z	3427	/mnt/h/AETHIEAOPSYS/ENV/PYTHON/pycache/usr/lib/python3/dist-packages/attr/__init__.cpython-314.pyc
2026-05-26T00:47:44.0000000000Z	3615	/mnt/h/AETHIEAOPSYS/ENV/PYTHON/pycache/usr/lib/python3/dist-packages/attr/exceptions.cpython-314.pyc
2026-05-26T00:47:44.0000000000Z	3671	/mnt/h/AETHIEAOPSYS/ENV/PYTHON/pycache/usr/lib/python3/dist-packages/rich/filesize.cpython-314.pyc
2026-05-26T00:47:44.0000000000Z	3774	/mnt/h/AETHIEAOPSYS/ENV/PYTHON/pycache/usr/lib/python3/dist-packages/attr/_compat.cpython-314.pyc
2026-05-26T00:47:44.0000000000Z	41869	/mnt/h/AETHIEAOPSYS/ENV/PYTHON/pycache/usr/lib/python3.14/fractions.cpython-314.pyc
2026-05-26T00:47:44.0000000000Z	4368	/mnt/h/AETHIEAOPSYS/ENV/PYTHON/pycache/usr/lib/python3/dist-packages/rich/scope.cpython-314.pyc
2026-05-26T00:47:44.0000000000Z	4498	/mnt/h/AETHIEAOPSYS/ENV/PYTHON/pycache/usr/lib/python3/dist-packages/attr/converters.cpython-314.pyc
2026-05-26T00:47:44.0000000000Z	4638	/mnt/h/AETHIEAOPSYS/ENV/PYTHON/pycache/usr/lib/python3/dist-packages/rich/file_proxy.cpython-314.pyc
2026-05-26T00:47:44.0000000000Z	46683	/mnt/h/AETHIEAOPSYS/ENV/PYTHON/pycache/usr/lib/python3/dist-packages/rich/syntax.cpython-314.pyc
2026-05-26T00:47:44.0000000000Z	5123	/mnt/h/AETHIEAOPSYS/ENV/PYTHON/pycache/usr/lib/python3/dist-packages/attr/_cmp.cpython-314.pyc
2026-05-26T00:47:44.0000000000Z	51528	/mnt/h/AETHIEAOPSYS/ENV/PYTHON/pycache/usr/lib/python3/dist-packages/rich/table.cpython-314.pyc
2026-05-26T00:47:44.0000000000Z	5643	/mnt/h/AETHIEAOPSYS/ENV/PYTHON/pycache/usr/lib/python3/dist-packages/rich/live_render.cpython-314.pyc
2026-05-26T00:47:44.0000000000Z	7165	/mnt/h/AETHIEAOPSYS/ENV/PYTHON/pycache/usr/lib/python3/dist-packages/rich/spinner.cpython-314.pyc
2026-05-26T00:47:44.0000000000Z	7740	/mnt/h/AETHIEAOPSYS/ENV/PYTHON/pycache/usr/lib/python3/dist-packages/rich/_ratio.cpython-314.pyc
2026-05-26T00:47:44.0000000000Z	8096	/mnt/h/AETHIEAOPSYS/ENV/PYTHON/pycache/usr/lib/python3/dist-packages/rich/padding.cpython-314.pyc
2026-05-26T00:47:44.0000000000Z	823	/mnt/h/AETHIEAOPSYS/ENV/PYTHON/pycache/usr/lib/python3/dist-packages/rich/region.cpython-314.pyc
2026-05-26T00:47:44.0000000000Z	95071	/mnt/h/AETHIEAOPSYS/ENV/PYTHON/pycache/usr/lib/python3/dist-packages/rich/progress.cpython-314.pyc
2026-05-26T00:47:52.0000000000Z	39955	/mnt/h/AETHIEAOPSYS/ENV/PYTHON/pycache/usr/lib/python3/dist-packages/pygments/lexer.cpython-314.pyc
2026-05-26T00:47:56.0000000000Z	3266	/mnt/h/AETHIEAOPSYS/ENV/PYTHON/pycache/usr/lib/python3/dist-packages/pygments/filter.cpython-314.pyc
2026-05-26T00:48:04.0000000000Z	38389	/mnt/h/AETHIEAOPSYS/ENV/PYTHON/pycache/usr/lib/python3/dist-packages/pygments/filters/__init__.cpython-314.pyc
2026-05-26T00:48:08.0000000000Z	8298	/mnt/h/AETHIEAOPSYS/ENV/PYTHON/pycache/usr/lib/python3/dist-packages/pygments/token.cpython-314.pyc
2026-05-26T00:48:10.0000000000Z	16991	/mnt/h/AETHIEAOPSYS/ENV/PYTHON/pycache/home/d_ny5u5/.local/lib/python3.14/site-packages/huggingface_hub/utils/tqdm.cpython-314.pyc
2026-05-26T00:48:10.0000000000Z	2673	/mnt/h/AETHIEAOPSYS/ENV/PYTHON/pycache/usr/lib/python3/dist-packages/pygments/styles/__init__.cpython-314.pyc
2026-05-26T00:48:10.0000000000Z	3678	/mnt/h/AETHIEAOPSYS/ENV/PYTHON/pycache/usr/lib/python3/dist-packages/pygments/styles/_mapping.cpython-314.pyc
2026-05-26T00:48:10.0000000000Z	4327	/mnt/h/AETHIEAOPSYS/ENV/PYTHON/pycache/usr/lib/python3/dist-packages/pygments/regexopt.cpython-314.pyc
2026-05-26T00:48:10.0000000000Z	7236	/mnt/h/AETHIEAOPSYS/ENV/PYTHON/pycache/usr/lib/python3/dist-packages/pygments/style.cpython-314.pyc
2026-05-26T00:48:12.0000000000Z	1165	/mnt/h/AETHIEAOPSYS/ENV/PYTHON/pycache/usr/lib/python3.14/asyncio/mixins.cpython-314.pyc
2026-05-26T00:48:12.0000000000Z	1246	/mnt/h/AETHIEAOPSYS/ENV/PYTHON/pycache/home/d_ny5u5/.local/lib/python3.14/site-packages/tqdm/autonotebook.cpython-314.pyc
2026-05-26T00:48:12.0000000000Z	13992	/mnt/h/AETHIEAOPSYS/ENV/PYTHON/pycache/usr/lib/python3.14/asyncio/transports.cpython-314.pyc
2026-05-26T00:48:12.0000000000Z	1400	/mnt/h/AETHIEAOPSYS/ENV/PYTHON/pycache/home/d_ny5u5/.local/lib/python3.14/site-packages/tqdm/auto.cpython-314.pyc
2026-05-26T00:48:12.0000000000Z	141	/mnt/h/AETHIEAOPSYS/ENV/PYTHON/pycache/usr/lib/python3.14/concurrent/__init__.cpython-314.pyc
2026-05-26T00:48:12.0000000000Z	1417	/mnt/h/AETHIEAOPSYS/ENV/PYTHON/pycache/home/d_ny5u5/.local/lib/python3.14/site-packages/tqdm/_tqdm_pandas.cpython-314.pyc
2026-05-26T00:48:12.0000000000Z	1598	/mnt/h/AETHIEAOPSYS/ENV/PYTHON/pycache/usr/lib/python3.14/concurrent/futures/__init__.cpython-314.pyc
2026-05-26T00:48:12.0000000000Z	1635	/mnt/h/AETHIEAOPSYS/ENV/PYTHON/pycache/home/d_ny5u5/.local/lib/python3.14/site-packages/tqdm/__init__.cpython-314.pyc
2026-05-26T00:48:12.0000000000Z	16350	/mnt/h/AETHIEAOPSYS/ENV/PYTHON/pycache/home/d_ny5u5/.local/lib/python3.14/site-packages/tqdm/cli.cpython-314.pyc
2026-05-26T00:48:12.0000000000Z	19208	/mnt/h/AETHIEAOPSYS/ENV/PYTHON/pycache/usr/lib/python3.14/asyncio/futures.cpython-314.pyc
2026-05-26T00:48:12.0000000000Z	19382	/mnt/h/AETHIEAOPSYS/ENV/PYTHON/pycache/home/d_ny5u5/.local/lib/python3.14/site-packages/tqdm/utils.cpython-314.pyc
2026-05-26T00:48:12.0000000000Z	276	/mnt/h/AETHIEAOPSYS/ENV/PYTHON/pycache/usr/lib/python3.14/asyncio/log.cpython-314.pyc
2026-05-26T00:48:12.0000000000Z	28770	/mnt/h/AETHIEAOPSYS/ENV/PYTHON/pycache/usr/lib/python3.14/asyncio/locks.cpython-314.pyc
2026-05-26T00:48:12.0000000000Z	3127	/mnt/h/AETHIEAOPSYS/ENV/PYTHON/pycache/usr/lib/python3.14/asyncio/__init__.cpython-314.pyc
2026-05-26T00:48:12.0000000000Z	3236	/mnt/h/AETHIEAOPSYS/ENV/PYTHON/pycache/usr/lib/python3.14/asyncio/base_futures.cpython-314.pyc
2026-05-26T00:48:12.0000000000Z	3265	/mnt/h/AETHIEAOPSYS/ENV/PYTHON/pycache/usr/lib/python3.14/asyncio/exceptions.cpython-314.pyc
2026-05-26T00:48:12.0000000000Z	34541	/mnt/h/AETHIEAOPSYS/ENV/PYTHON/pycache/usr/lib/python3.14/concurrent/futures/_base.cpython-314.pyc
2026-05-26T00:48:12.0000000000Z	37757	/mnt/h/AETHIEAOPSYS/ENV/PYTHON/pycache/usr/lib/python3.14/asyncio/events.cpython-314.pyc
2026-05-26T00:48:12.0000000000Z	3796	/mnt/h/AETHIEAOPSYS/ENV/PYTHON/pycache/usr/lib/python3.14/importlib/metadata/_text.cpython-314.pyc
2026-05-26T00:48:12.0000000000Z	387	/mnt/h/AETHIEAOPSYS/ENV/PYTHON/pycache/usr/lib/python3.14/contextvars.cpython-314.pyc
2026-05-26T00:48:12.0000000000Z	4132	/mnt/h/AETHIEAOPSYS/ENV/PYTHON/pycache/usr/lib/python3.14/importlib/metadata/_adapters.cpython-314.pyc
2026-05-26T00:48:12.0000000000Z	4206	/mnt/h/AETHIEAOPSYS/ENV/PYTHON/pycache/usr/lib/python3.14/asyncio/base_tasks.cpython-314.pyc
2026-05-26T00:48:12.0000000000Z	42581	/mnt/h/AETHIEAOPSYS/ENV/PYTHON/pycache/usr/lib/python3.14/asyncio/sslproto.cpython-314.pyc
2026-05-26T00:48:12.0000000000Z	4332	/mnt/h/AETHIEAOPSYS/ENV/PYTHON/pycache/usr/lib/python3.14/asyncio/format_helpers.cpython-314.pyc
2026-05-26T00:48:12.0000000000Z	4363	/mnt/h/AETHIEAOPSYS/ENV/PYTHON/pycache/home/d_ny5u5/.local/lib/python3.14/site-packages/tqdm/_monitor.cpython-314.pyc
2026-05-26T00:48:12.0000000000Z	4471	/mnt/h/AETHIEAOPSYS/ENV/PYTHON/pycache/usr/lib/python3.14/asyncio/coroutines.cpython-314.pyc
2026-05-26T00:48:12.0000000000Z	4657	/mnt/h/AETHIEAOPSYS/ENV/PYTHON/pycache/home/d_ny5u5/.local/lib/python3.14/site-packages/tqdm/asyncio.cpython-314.pyc
2026-05-26T00:48:12.0000000000Z	574	/mnt/h/AETHIEAOPSYS/ENV/PYTHON/pycache/home/d_ny5u5/.local/lib/python3.14/site-packages/tqdm/version.cpython-314.pyc
2026-05-26T00:48:12.0000000000Z	66207	/mnt/h/AETHIEAOPSYS/ENV/PYTHON/pycache/home/d_ny5u5/.local/lib/python3.14/site-packages/tqdm/std.cpython-314.pyc
2026-05-26T00:48:12.0000000000Z	7186	/mnt/h/AETHIEAOPSYS/ENV/PYTHON/pycache/usr/lib/python3.14/asyncio/staggered.cpython-314.pyc
2026-05-26T00:48:12.0000000000Z	8202	/mnt/h/AETHIEAOPSYS/ENV/PYTHON/pycache/home/d_ny5u5/.local/lib/python3.14/site-packages/tqdm/gui.cpython-314.pyc
2026-05-26T00:48:12.0000000000Z	8557	/mnt/h/AETHIEAOPSYS/ENV/PYTHON/pycache/usr/lib/python3.14/asyncio/protocols.cpython-314.pyc
2026-05-26T00:48:12.0000000000Z	92609	/mnt/h/AETHIEAOPSYS/ENV/PYTHON/pycache/usr/lib/python3.14/asyncio/base_events.cpython-314.pyc
2026-05-26T00:48:12.0000000000Z	991	/mnt/h/AETHIEAOPSYS/ENV/PYTHON/pycache/usr/lib/python3.14/asyncio/constants.cpython-314.pyc
2026-05-26T00:48:14.0000000000Z	10364	/mnt/h/AETHIEAOPSYS/ENV/PYTHON/pycache/usr/lib/python3.14/asyncio/timeouts.cpython-314.pyc
2026-05-26T00:48:14.0000000000Z	14743	/mnt/h/AETHIEAOPSYS/ENV/PYTHON/pycache/usr/lib/python3.14/asyncio/queues.cpython-314.pyc
2026-05-26T00:48:14.0000000000Z	45720	/mnt/h/AETHIEAOPSYS/ENV/PYTHON/pycache/usr/lib/python3.14/asyncio/tasks.cpython-314.pyc
2026-05-26T00:48:16.0000000000Z	5411	/mnt/h/AETHIEAOPSYS/ENV/PYTHON/pycache/usr/lib/python3.14/asyncio/trsock.cpython-314.pyc
2026-05-26T00:48:24.0000000000Z	11313	/mnt/h/AETHIEAOPSYS/ENV/PYTHON/pycache/usr/lib/python3.14/asyncio/graph.cpython-314.pyc
2026-05-26T00:48:28.0000000000Z	10663	/mnt/h/AETHIEAOPSYS/ENV/PYTHON/pycache/usr/lib/python3.14/asyncio/runners.cpython-314.pyc
2026-05-26T00:48:32.0000000000Z	34817	/mnt/h/AETHIEAOPSYS/ENV/PYTHON/pycache/usr/lib/python3.14/asyncio/streams.cpython-314.pyc
2026-05-26T00:48:36.0000000000Z	12567	/mnt/h/AETHIEAOPSYS/ENV/PYTHON/pycache/usr/lib/python3.14/asyncio/subprocess.cpython-314.pyc
2026-05-26T00:48:40.0000000000Z	11694	/mnt/h/AETHIEAOPSYS/ENV/PYTHON/pycache/home/d_ny5u5/.local/lib/python3.14/site-packages/huggingface_hub/utils/_auth.cpython-314.pyc
2026-05-26T00:48:40.0000000000Z	1231	/mnt/h/AETHIEAOPSYS/ENV/PYTHON/pycache/usr/lib/python3.14/asyncio/threads.cpython-314.pyc
2026-05-26T00:48:40.0000000000Z	18115	/mnt/h/AETHIEAOPSYS/ENV/PYTHON/pycache/usr/lib/python3.14/asyncio/base_subprocess.cpython-314.pyc
2026-05-26T00:48:40.0000000000Z	21957	/mnt/h/AETHIEAOPSYS/ENV/PYTHON/pycache/home/d_ny5u5/.local/lib/python3.14/site-packages/huggingface_hub/utils/_runtime.cpython-314.pyc
2026-05-26T00:48:40.0000000000Z	48059	/mnt/h/AETHIEAOPSYS/ENV/PYTHON/pycache/usr/lib/python3.14/asyncio/unix_events.cpython-314.pyc
2026-05-26T00:48:40.0000000000Z	66565	/mnt/h/AETHIEAOPSYS/ENV/PYTHON/pycache/usr/lib/python3.14/asyncio/selector_events.cpython-314.pyc
2026-05-26T00:48:40.0000000000Z	9706	/mnt/h/AETHIEAOPSYS/ENV/PYTHON/pycache/usr/lib/python3.14/asyncio/taskgroups.cpython-314.pyc
2026-05-26T00:48:42.0000000000Z	13032	/mnt/h/AETHIEAOPSYS/ENV/PYTHON/pycache/usr/lib/python3.14/concurrent/futures/thread.cpython-314.pyc
2026-05-26T00:48:42.0000000000Z	13263	/mnt/h/AETHIEAOPSYS/ENV/PYTHON/pycache/home/d_ny5u5/.local/lib/python3.14/site-packages/filelock/_async_read_write.cpython-314.pyc
2026-05-26T00:48:42.0000000000Z	15243	/mnt/h/AETHIEAOPSYS/ENV/PYTHON/pycache/usr/lib/python3/dist-packages/yaml/__init__.cpython-314.pyc
2026-05-26T00:48:42.0000000000Z	17507	/mnt/h/AETHIEAOPSYS/ENV/PYTHON/pycache/usr/lib/python3.14/queue.cpython-314.pyc
2026-05-26T00:48:42.0000000000Z	17682	/mnt/h/AETHIEAOPSYS/ENV/PYTHON/pycache/usr/lib/python3/dist-packages/yaml/representer.cpython-314.pyc
2026-05-26T00:48:42.0000000000Z	20727	/mnt/h/AETHIEAOPSYS/ENV/PYTHON/pycache/home/d_ny5u5/.local/lib/python3.14/site-packages/filelock/_read_write.cpython-314.pyc
2026-05-26T00:48:42.0000000000Z	2104	/mnt/h/AETHIEAOPSYS/ENV/PYTHON/pycache/home/d_ny5u5/.local/lib/python3.14/site-packages/filelock/__init__.cpython-314.pyc
2026-05-26T00:48:42.0000000000Z	2228	/mnt/h/AETHIEAOPSYS/ENV/PYTHON/pycache/home/d_ny5u5/.local/lib/python3.14/site-packages/huggingface_hub/utils/_chunk_utils.cpython-314.pyc
2026-05-26T00:48:42.0000000000Z	2301	/mnt/h/AETHIEAOPSYS/ENV/PYTHON/pycache/home/d_ny5u5/.local/lib/python3.14/site-packages/huggingface_hub/utils/_datetime.cpython-314.pyc
2026-05-26T00:48:42.0000000000Z	2430	/mnt/h/AETHIEAOPSYS/ENV/PYTHON/pycache/usr/lib/python3/dist-packages/yaml/nodes.cpython-314.pyc
2026-05-26T00:48:42.0000000000Z	2448	/mnt/h/AETHIEAOPSYS/ENV/PYTHON/pycache/home/d_ny5u5/.local/lib/python3.14/site-packages/huggingface_hub/utils/_experimental.cpython-314.pyc
2026-05-26T00:48:42.0000000000Z	2466	/mnt/h/AETHIEAOPSYS/ENV/PYTHON/pycache/usr/lib/python3/dist-packages/yaml/dumper.cpython-314.pyc
2026-05-26T00:48:42.0000000000Z	2496	/mnt/h/AETHIEAOPSYS/ENV/PYTHON/pycache/home/d_ny5u5/.local/lib/python3.14/site-packages/filelock/_error.cpython-314.pyc
2026-05-26T00:48:42.0000000000Z	25662	/mnt/h/AETHIEAOPSYS/ENV/PYTHON/pycache/usr/lib/python3/dist-packages/yaml/parser.cpython-314.pyc
2026-05-26T00:48:42.0000000000Z	28642	/mnt/h/AETHIEAOPSYS/ENV/PYTHON/pycache/home/d_ny5u5/.local/lib/python3.14/site-packages/filelock/_api.cpython-314.pyc
2026-05-26T00:48:42.0000000000Z	36504	/mnt/h/AETHIEAOPSYS/ENV/PYTHON/pycache/usr/lib/python3/dist-packages/yaml/constructor.cpython-314.pyc
2026-05-26T00:48:42.0000000000Z	3697	/mnt/h/AETHIEAOPSYS/ENV/PYTHON/pycache/usr/lib/python3/dist-packages/yaml/loader.cpython-314.pyc
2026-05-26T00:48:42.0000000000Z	3731	/mnt/h/AETHIEAOPSYS/ENV/PYTHON/pycache/home/d_ny5u5/.local/lib/python3.14/site-packages/huggingface_hub/utils/_detect_agent.cpython-314.pyc
2026-05-26T00:48:42.0000000000Z	38742	/mnt/h/AETHIEAOPSYS/ENV/PYTHON/pycache/home/d_ny5u5/.local/lib/python3.14/site-packages/huggingface_hub/utils/_cache_manager.cpython-314.pyc
2026-05-26T00:48:42.0000000000Z	4491	/mnt/h/AETHIEAOPSYS/ENV/PYTHON/pycache/usr/lib/python3/dist-packages/yaml/error.cpython-314.pyc
2026-05-26T00:48:42.0000000000Z	4789	/mnt/h/AETHIEAOPSYS/ENV/PYTHON/pycache/usr/lib/python3/dist-packages/yaml/cyaml.cpython-314.pyc
2026-05-26T00:48:42.0000000000Z	49938	/mnt/h/AETHIEAOPSYS/ENV/PYTHON/pycache/usr/lib/python3/dist-packages/yaml/scanner.cpython-314.pyc
2026-05-26T00:48:42.0000000000Z	5038	/mnt/h/AETHIEAOPSYS/ENV/PYTHON/pycache/home/d_ny5u5/.local/lib/python3.14/site-packages/huggingface_hub/utils/_parsing.cpython-314.pyc
2026-05-26T00:48:42.0000000000Z	5150	/mnt/h/AETHIEAOPSYS/ENV/PYTHON/pycache/usr/lib/python3/dist-packages/yaml/events.cpython-314.pyc
2026-05-26T00:48:42.0000000000Z	54270	/mnt/h/AETHIEAOPSYS/ENV/PYTHON/pycache/usr/lib/python3/dist-packages/yaml/emitter.cpython-314.pyc
2026-05-26T00:48:42.0000000000Z	5455	/mnt/h/AETHIEAOPSYS/ENV/PYTHON/pycache/home/d_ny5u5/.local/lib/python3.14/site-packages/huggingface_hub/utils/_cache_assets.cpython-314.pyc
2026-05-26T00:48:42.0000000000Z	6292	/mnt/h/AETHIEAOPSYS/ENV/PYTHON/pycache/home/d_ny5u5/.local/lib/python3.14/site-packages/huggingface_hub/utils/_fixes.cpython-314.pyc
2026-05-26T00:48:42.0000000000Z	6326	/mnt/h/AETHIEAOPSYS/ENV/PYTHON/pycache/usr/lib/python3/dist-packages/yaml/tokens.cpython-314.pyc
2026-05-26T00:48:42.0000000000Z	6446	/mnt/h/AETHIEAOPSYS/ENV/PYTHON/pycache/usr/lib/python3/dist-packages/yaml/serializer.cpython-314.pyc
2026-05-26T00:48:42.0000000000Z	6696	/mnt/h/AETHIEAOPSYS/ENV/PYTHON/pycache/usr/lib/python3/dist-packages/yaml/composer.cpython-314.pyc
2026-05-26T00:48:42.0000000000Z	7127	/mnt/h/AETHIEAOPSYS/ENV/PYTHON/pycache/home/d_ny5u5/.local/lib/python3.14/site-packages/huggingface_hub/utils/logging.cpython-314.pyc
2026-05-26T00:48:42.0000000000Z	8778	/mnt/h/AETHIEAOPSYS/ENV/PYTHON/pycache/home/d_ny5u5/.local/lib/python3.14/site-packages/huggingface_hub/utils/_terminal.cpython-314.pyc
2026-05-26T00:48:42.0000000000Z	9275	/mnt/h/AETHIEAOPSYS/ENV/PYTHON/pycache/usr/lib/python3/dist-packages/yaml/reader.cpython-314.pyc
2026-05-26T00:48:42.0000000000Z	9630	/mnt/h/AETHIEAOPSYS/ENV/PYTHON/pycache/usr/lib/python3/dist-packages/yaml/resolver.cpython-314.pyc
2026-05-26T00:48:44.0000000000Z	1183	/mnt/h/AETHIEAOPSYS/ENV/PYTHON/pycache/usr/lib/python3.14/sqlite3/__init__.cpython-314.pyc
2026-05-26T00:48:44.0000000000Z	13107	/mnt/h/AETHIEAOPSYS/ENV/PYTHON/pycache/home/d_ny5u5/.local/lib/python3.14/site-packages/filelock/_soft.cpython-314.pyc
2026-05-26T00:48:44.0000000000Z	13849	/mnt/h/AETHIEAOPSYS/ENV/PYTHON/pycache/home/d_ny5u5/.local/lib/python3.14/site-packages/filelock/_soft_rw/_async.cpython-314.pyc
2026-05-26T00:48:44.0000000000Z	2309	/mnt/h/AETHIEAOPSYS/ENV/PYTHON/pycache/home/d_ny5u5/.local/lib/python3.14/site-packages/filelock/_util.cpython-314.pyc
2026-05-26T00:48:44.0000000000Z	4316	/mnt/h/AETHIEAOPSYS/ENV/PYTHON/pycache/usr/lib/python3.14/sqlite3/dbapi2.cpython-314.pyc
2026-05-26T00:48:44.0000000000Z	47291	/mnt/h/AETHIEAOPSYS/ENV/PYTHON/pycache/home/d_ny5u5/.local/lib/python3.14/site-packages/filelock/_soft_rw/_sync.cpython-314.pyc
2026-05-26T00:48:44.0000000000Z	524	/mnt/h/AETHIEAOPSYS/ENV/PYTHON/pycache/home/d_ny5u5/.local/lib/python3.14/site-packages/filelock/_soft_rw/__init__.cpython-314.pyc
2026-05-26T00:48:46.0000000000Z	12199	/mnt/h/AETHIEAOPSYS/ENV/PYTHON/pycache/usr/lib/python3.14/hmac.cpython-314.pyc
2026-05-26T00:48:46.0000000000Z	2495	/mnt/h/AETHIEAOPSYS/ENV/PYTHON/pycache/usr/lib/python3.14/secrets.cpython-314.pyc
2026-05-26T00:48:54.0000000000Z	6948	/mnt/h/AETHIEAOPSYS/ENV/PYTHON/pycache/home/d_ny5u5/.local/lib/python3.14/site-packages/filelock/_unix.cpython-314.pyc
2026-05-26T00:48:58.0000000000Z	5659	/mnt/h/AETHIEAOPSYS/ENV/PYTHON/pycache/home/d_ny5u5/.local/lib/python3.14/site-packages/filelock/_windows.cpython-314.pyc
2026-05-26T00:49:02.0000000000Z	19823	/mnt/h/AETHIEAOPSYS/ENV/PYTHON/pycache/home/d_ny5u5/.local/lib/python3.14/site-packages/filelock/asyncio.cpython-314.pyc
2026-05-26T00:49:06.0000000000Z	668	/mnt/h/AETHIEAOPSYS/ENV/PYTHON/pycache/home/d_ny5u5/.local/lib/python3.14/site-packages/filelock/version.cpython-314.pyc
2026-05-26T00:49:12.0000000000Z	12692	/mnt/h/AETHIEAOPSYS/ENV/PYTHON/pycache/home/d_ny5u5/.local/lib/python3.14/site-packages/httpcore/_sync/connection.cpython-314.pyc
2026-05-26T00:49:12.0000000000Z	13743	/mnt/h/AETHIEAOPSYS/ENV/PYTHON/pycache/home/d_ny5u5/.local/lib/python3.14/site-packages/httpcore/_backends/sync.cpython-314.pyc
2026-05-26T00:49:12.0000000000Z	1428	/mnt/h/AETHIEAOPSYS/ENV/PYTHON/pycache/home/d_ny5u5/.local/lib/python3.14/site-packages/httpcore/_utils.cpython-314.pyc
2026-05-26T00:49:12.0000000000Z	14408	/mnt/h/AETHIEAOPSYS/ENV/PYTHON/pycache/home/d_ny5u5/.local/lib/python3.14/site-packages/huggingface_hub/utils/_xet.cpython-314.pyc
2026-05-26T00:49:12.0000000000Z	15474	/mnt/h/AETHIEAOPSYS/ENV/PYTHON/pycache/usr/lib/python3.14/shlex.cpython-314.pyc
2026-05-26T00:49:12.0000000000Z	179	/mnt/h/AETHIEAOPSYS/ENV/PYTHON/pycache/home/d_ny5u5/.local/lib/python3.14/site-packages/httpcore/_backends/__init__.cpython-314.pyc
2026-05-26T00:49:12.0000000000Z	2014	/mnt/h/AETHIEAOPSYS/ENV/PYTHON/pycache/home/d_ny5u5/.local/lib/python3.14/site-packages/httpcore/_sync/__init__.cpython-314.pyc
2026-05-26T00:49:12.0000000000Z	20844	/mnt/h/AETHIEAOPSYS/ENV/PYTHON/pycache/home/d_ny5u5/.local/lib/python3.14/site-packages/huggingface_hub/cli/_output.cpython-314.pyc
2026-05-26T00:49:12.0000000000Z	21042	/mnt/h/AETHIEAOPSYS/ENV/PYTHON/pycache/home/d_ny5u5/.local/lib/python3.14/site-packages/huggingface_hub/utils/_hf_uris.cpython-314.pyc
2026-05-26T00:49:12.0000000000Z	2328	/mnt/h/AETHIEAOPSYS/ENV/PYTHON/pycache/home/d_ny5u5/.local/lib/python3.14/site-packages/huggingface_hub/cli/_help_formatter.cpython-314.pyc
2026-05-26T00:49:12.0000000000Z	2328	/mnt/h/AETHIEAOPSYS/ENV/PYTHON/pycache/home/d_ny5u5/.local/lib/python3.14/site-packages/huggingface_hub/utils/_pagination.cpython-314.pyc
2026-05-26T00:49:12.0000000000Z	27652	/mnt/h/AETHIEAOPSYS/ENV/PYTHON/pycache/home/d_ny5u5/.local/lib/python3.14/site-packages/httpcore/_models.cpython-314.pyc
2026-05-26T00:49:12.0000000000Z	2806	/mnt/h/AETHIEAOPSYS/ENV/PYTHON/pycache/home/d_ny5u5/.local/lib/python3.14/site-packages/huggingface_hub/utils/_dotenv.cpython-314.pyc
2026-05-26T00:49:12.0000000000Z	3634	/mnt/h/AETHIEAOPSYS/ENV/PYTHON/pycache/home/d_ny5u5/.local/lib/python3.14/site-packages/httpcore/_exceptions.cpython-314.pyc
2026-05-26T00:49:12.0000000000Z	3986	/mnt/h/AETHIEAOPSYS/ENV/PYTHON/pycache/home/d_ny5u5/.local/lib/python3.14/site-packages/httpcore/_api.cpython-314.pyc
2026-05-26T00:49:12.0000000000Z	4036	/mnt/h/AETHIEAOPSYS/ENV/PYTHON/pycache/home/d_ny5u5/.local/lib/python3.14/site-packages/httpcore/__init__.cpython-314.pyc
2026-05-26T00:49:12.0000000000Z	48335	/mnt/h/AETHIEAOPSYS/ENV/PYTHON/pycache/home/d_ny5u5/.local/lib/python3.14/site-packages/huggingface_hub/utils/_http.cpython-314.pyc
2026-05-26T00:49:12.0000000000Z	5247	/mnt/h/AETHIEAOPSYS/ENV/PYTHON/pycache/home/d_ny5u5/.local/lib/python3.14/site-packages/huggingface_hub/utils/_typing.cpython-314.pyc
2026-05-26T00:49:12.0000000000Z	5539	/mnt/h/AETHIEAOPSYS/ENV/PYTHON/pycache/home/d_ny5u5/.local/lib/python3.14/site-packages/huggingface_hub/utils/_git_credential.cpython-314.pyc
2026-05-26T00:49:12.0000000000Z	5764	/mnt/h/AETHIEAOPSYS/ENV/PYTHON/pycache/home/d_ny5u5/.local/lib/python3.14/site-packages/huggingface_hub/utils/_subprocess.cpython-314.pyc
2026-05-26T00:49:12.0000000000Z	5961	/mnt/h/AETHIEAOPSYS/ENV/PYTHON/pycache/home/d_ny5u5/.local/lib/python3.14/site-packages/huggingface_hub/utils/_lfs.cpython-314.pyc
2026-05-26T00:49:12.0000000000Z	6180	/mnt/h/AETHIEAOPSYS/ENV/PYTHON/pycache/home/d_ny5u5/.local/lib/python3.14/site-packages/huggingface_hub/utils/_paths.cpython-314.pyc
2026-05-26T00:49:12.0000000000Z	621957	/mnt/h/AETHIEAOPSYS/ENV/PYTHON/pycache/home/d_ny5u5/.local/lib/python3.14/site-packages/huggingface_hub/hf_api.cpython-314.pyc
2026-05-26T00:49:12.0000000000Z	6319	/mnt/h/AETHIEAOPSYS/ENV/PYTHON/pycache/home/d_ny5u5/.local/lib/python3.14/site-packages/huggingface_hub/utils/_telemetry.cpython-314.pyc
2026-05-26T00:49:12.0000000000Z	6977	/mnt/h/AETHIEAOPSYS/ENV/PYTHON/pycache/home/d_ny5u5/.local/lib/python3.14/site-packages/huggingface_hub/utils/_safetensors.cpython-314.pyc
2026-05-26T00:49:12.0000000000Z	7171	/mnt/h/AETHIEAOPSYS/ENV/PYTHON/pycache/home/d_ny5u5/.local/lib/python3.14/site-packages/httpcore/_backends/base.cpython-314.pyc
2026-05-26T00:49:12.0000000000Z	736	/mnt/h/AETHIEAOPSYS/ENV/PYTHON/pycache/home/d_ny5u5/.local/lib/python3.14/site-packages/httpcore/_ssl.cpython-314.pyc
2026-05-26T00:49:12.0000000000Z	7837	/mnt/h/AETHIEAOPSYS/ENV/PYTHON/pycache/home/d_ny5u5/.local/lib/python3.14/site-packages/huggingface_hub/cli/_errors.cpython-314.pyc
2026-05-26T00:49:12.0000000000Z	7898	/mnt/h/AETHIEAOPSYS/ENV/PYTHON/pycache/home/d_ny5u5/.local/lib/python3.14/site-packages/huggingface_hub/cli/auth.cpython-314.pyc
2026-05-26T00:49:12.0000000000Z	8775	/mnt/h/AETHIEAOPSYS/ENV/PYTHON/pycache/home/d_ny5u5/.local/lib/python3.14/site-packages/huggingface_hub/utils/_headers.cpython-314.pyc
2026-05-26T00:49:12.0000000000Z	8786	/mnt/h/AETHIEAOPSYS/ENV/PYTHON/pycache/home/d_ny5u5/.local/lib/python3.14/site-packages/huggingface_hub/utils/_validators.cpython-314.pyc
2026-05-26T00:49:14.0000000000Z	1118	/mnt/h/AETHIEAOPSYS/ENV/PYTHON/pycache/usr/lib/python3/dist-packages/certifi/core.cpython-314.pyc
2026-05-26T00:49:14.0000000000Z	18972	/mnt/h/AETHIEAOPSYS/ENV/PYTHON/pycache/home/d_ny5u5/.local/lib/python3.14/site-packages/httpcore/_synchronization.cpython-314.pyc
2026-05-26T00:49:14.0000000000Z	276	/mnt/h/AETHIEAOPSYS/ENV/PYTHON/pycache/usr/lib/python3/dist-packages/certifi/__init__.cpython-314.pyc
2026-05-26T00:49:24.0000000000Z	4781	/mnt/h/AETHIEAOPSYS/ENV/PYTHON/pycache/home/d_ny5u5/.local/lib/python3.14/site-packages/anyio/__init__.cpython-314.pyc
2026-05-26T00:49:32.0000000000Z	172	/mnt/h/AETHIEAOPSYS/ENV/PYTHON/pycache/home/d_ny5u5/.local/lib/python3.14/site-packages/anyio/_core/__init__.cpython-314.pyc
2026-05-26T00:49:38.0000000000Z	10239	/mnt/h/AETHIEAOPSYS/ENV/PYTHON/pycache/home/d_ny5u5/.local/lib/python3.14/site-packages/anyio/_core/_contextmanagers.cpython-314.pyc
2026-05-26T00:49:40.0000000000Z	2358	/mnt/h/AETHIEAOPSYS/ENV/PYTHON/pycache/home/d_ny5u5/.local/lib/python3.14/site-packages/anyio/abc/__init__.cpython-314.pyc
2026-05-26T00:49:40.0000000000Z	3367	/mnt/h/AETHIEAOPSYS/ENV/PYTHON/pycache/home/d_ny5u5/.local/lib/python3.14/site-packages/anyio/to_thread.cpython-314.pyc
2026-05-26T00:49:40.0000000000Z	58699	/mnt/h/AETHIEAOPSYS/ENV/PYTHON/pycache/home/d_ny5u5/.local/lib/python3.14/site-packages/anyio/_core/_fileio.cpython-314.pyc
2026-05-26T00:49:40.0000000000Z	8646	/mnt/h/AETHIEAOPSYS/ENV/PYTHON/pycache/home/d_ny5u5/.local/lib/python3.14/site-packages/anyio/_core/_exceptions.cpython-314.pyc
2026-05-26T00:49:40.0000000000Z	9917	/mnt/h/AETHIEAOPSYS/ENV/PYTHON/pycache/home/d_ny5u5/.local/lib/python3.14/site-packages/anyio/_core/_eventloop.cpython-314.pyc
2026-05-26T00:49:42.0000000000Z	10048	/mnt/h/AETHIEAOPSYS/ENV/PYTHON/pycache/home/d_ny5u5/.local/lib/python3.14/site-packages/anyio/lowlevel.cpython-314.pyc
2026-05-26T00:49:42.0000000000Z	10207	/mnt/h/AETHIEAOPSYS/ENV/PYTHON/pycache/home/d_ny5u5/.local/lib/python3.14/site-packages/anyio/_core/_subprocesses.cpython-314.pyc
2026-05-26T00:49:42.0000000000Z	10463	/mnt/h/AETHIEAOPSYS/ENV/PYTHON/pycache/home/d_ny5u5/.local/lib/python3.14/site-packages/h11/_headers.cpython-314.pyc
2026-05-26T00:49:42.0000000000Z	1063	/mnt/h/AETHIEAOPSYS/ENV/PYTHON/pycache/home/d_ny5u5/.local/lib/python3.14/site-packages/h11/__init__.cpython-314.pyc
2026-05-26T00:49:42.0000000000Z	10767	/mnt/h/AETHIEAOPSYS/ENV/PYTHON/pycache/home/d_ny5u5/.local/lib/python3.14/site-packages/h11/_state.cpython-314.pyc
2026-05-26T00:49:42.0000000000Z	1078	/mnt/h/AETHIEAOPSYS/ENV/PYTHON/pycache/home/d_ny5u5/.local/lib/python3.14/site-packages/anyio/_core/_resources.cpython-314.pyc
2026-05-26T00:49:42.0000000000Z	11685	/mnt/h/AETHIEAOPSYS/ENV/PYTHON/pycache/home/d_ny5u5/.local/lib/python3.14/site-packages/anyio/abc/_streams.cpython-314.pyc
2026-05-26T00:49:42.0000000000Z	12478	/mnt/h/AETHIEAOPSYS/ENV/PYTHON/pycache/home/d_ny5u5/.local/lib/python3.14/site-packages/h11/_readers.cpython-314.pyc
2026-05-26T00:49:42.0000000000Z	1448	/mnt/h/AETHIEAOPSYS/ENV/PYTHON/pycache/home/d_ny5u5/.local/lib/python3.14/site-packages/anyio/_core/_signals.cpython-314.pyc
2026-05-26T00:49:42.0000000000Z	15427	/mnt/h/AETHIEAOPSYS/ENV/PYTHON/pycache/home/d_ny5u5/.local/lib/python3.14/site-packages/h11/_events.cpython-314.pyc
2026-05-26T00:49:42.0000000000Z	174	/mnt/h/AETHIEAOPSYS/ENV/PYTHON/pycache/home/d_ny5u5/.local/lib/python3.14/site-packages/anyio/streams/__init__.cpython-314.pyc
2026-05-26T00:49:42.0000000000Z	1747	/mnt/h/AETHIEAOPSYS/ENV/PYTHON/pycache/home/d_ny5u5/.local/lib/python3.14/site-packages/h11/_abnf.cpython-314.pyc
2026-05-26T00:49:42.0000000000Z	17975	/mnt/h/AETHIEAOPSYS/ENV/PYTHON/pycache/home/d_ny5u5/.local/lib/python3.14/site-packages/anyio/streams/memory.cpython-314.pyc
2026-05-26T00:49:42.0000000000Z	20463	/mnt/h/AETHIEAOPSYS/ENV/PYTHON/pycache/home/d_ny5u5/.local/lib/python3.14/site-packages/anyio/abc/_sockets.cpython-314.pyc
2026-05-26T00:49:42.0000000000Z	2067	/mnt/h/AETHIEAOPSYS/ENV/PYTHON/pycache/home/d_ny5u5/.local/lib/python3.14/site-packages/anyio/abc/_resources.cpython-314.pyc
2026-05-26T00:49:42.0000000000Z	22301	/mnt/h/AETHIEAOPSYS/ENV/PYTHON/pycache/home/d_ny5u5/.local/lib/python3.14/site-packages/httpcore/_sync/http11.cpython-314.pyc
2026-05-26T00:49:42.0000000000Z	22372	/mnt/h/AETHIEAOPSYS/ENV/PYTHON/pycache/home/d_ny5u5/.local/lib/python3.14/site-packages/anyio/streams/tls.cpython-314.pyc
2026-05-26T00:49:42.0000000000Z	22486	/mnt/h/AETHIEAOPSYS/ENV/PYTHON/pycache/home/d_ny5u5/.local/lib/python3.14/site-packages/anyio/abc/_eventloop.cpython-314.pyc
2026-05-26T00:49:42.0000000000Z	2548	/mnt/h/AETHIEAOPSYS/ENV/PYTHON/pycache/home/d_ny5u5/.local/lib/python3.14/site-packages/anyio/_core/_streams.cpython-314.pyc
2026-05-26T00:49:42.0000000000Z	27129	/mnt/h/AETHIEAOPSYS/ENV/PYTHON/pycache/home/d_ny5u5/.local/lib/python3.14/site-packages/h11/_connection.cpython-314.pyc
2026-05-26T00:49:42.0000000000Z	30145	/mnt/h/AETHIEAOPSYS/ENV/PYTHON/pycache/home/d_ny5u5/.local/lib/python3.14/site-packages/anyio/from_thread.cpython-314.pyc
2026-05-26T00:49:42.0000000000Z	32964	/mnt/h/AETHIEAOPSYS/ENV/PYTHON/pycache/home/d_ny5u5/.local/lib/python3.14/site-packages/anyio/_core/_tempfile.cpython-314.pyc
2026-05-26T00:49:42.0000000000Z	3391	/mnt/h/AETHIEAOPSYS/ENV/PYTHON/pycache/home/d_ny5u5/.local/lib/python3.14/site-packages/anyio/abc/_testing.cpython-314.pyc
2026-05-26T00:49:42.0000000000Z	4347	/mnt/h/AETHIEAOPSYS/ENV/PYTHON/pycache/home/d_ny5u5/.local/lib/python3.14/site-packages/anyio/abc/_subprocesses.cpython-314.pyc
2026-05-26T00:49:42.0000000000Z	44647	/mnt/h/AETHIEAOPSYS/ENV/PYTHON/pycache/home/d_ny5u5/.local/lib/python3.14/site-packages/anyio/_core/_sockets.cpython-314.pyc
2026-05-26T00:49:42.0000000000Z	45295	/mnt/h/AETHIEAOPSYS/ENV/PYTHON/pycache/home/d_ny5u5/.local/lib/python3.14/site-packages/anyio/_core/_synchronization.cpython-314.pyc
2026-05-26T00:49:42.0000000000Z	4636	/mnt/h/AETHIEAOPSYS/ENV/PYTHON/pycache/home/d_ny5u5/.local/lib/python3.14/site-packages/anyio/_core/_typedattr.cpython-314.pyc
2026-05-26T00:49:42.0000000000Z	4844	/mnt/h/AETHIEAOPSYS/ENV/PYTHON/pycache/home/d_ny5u5/.local/lib/python3.14/site-packages/anyio/_core/_testing.cpython-314.pyc
2026-05-26T00:49:42.0000000000Z	5927	/mnt/h/AETHIEAOPSYS/ENV/PYTHON/pycache/home/d_ny5u5/.local/lib/python3.14/site-packages/anyio/abc/_tasks.cpython-314.pyc
2026-05-26T00:49:42.0000000000Z	5998	/mnt/h/AETHIEAOPSYS/ENV/PYTHON/pycache/home/d_ny5u5/.local/lib/python3.14/site-packages/h11/_util.cpython-314.pyc
2026-05-26T00:49:42.0000000000Z	6410	/mnt/h/AETHIEAOPSYS/ENV/PYTHON/pycache/home/d_ny5u5/.local/lib/python3.14/site-packages/h11/_receivebuffer.cpython-314.pyc
2026-05-26T00:49:42.0000000000Z	6854	/mnt/h/AETHIEAOPSYS/ENV/PYTHON/pycache/home/d_ny5u5/.local/lib/python3.14/site-packages/httpcore/_trace.cpython-314.pyc
2026-05-26T00:49:42.0000000000Z	9480	/mnt/h/AETHIEAOPSYS/ENV/PYTHON/pycache/home/d_ny5u5/.local/lib/python3.14/site-packages/anyio/streams/stapled.cpython-314.pyc
2026-05-26T00:49:42.0000000000Z	9589	/mnt/h/AETHIEAOPSYS/ENV/PYTHON/pycache/home/d_ny5u5/.local/lib/python3.14/site-packages/anyio/_core/_tasks.cpython-314.pyc
2026-05-26T00:49:44.0000000000Z	17661	/mnt/h/AETHIEAOPSYS/ENV/PYTHON/pycache/home/d_ny5u5/.local/lib/python3.14/site-packages/httpcore/_sync/socks_proxy.cpython-314.pyc
2026-05-26T00:49:44.0000000000Z	193	/mnt/h/AETHIEAOPSYS/ENV/PYTHON/pycache/home/d_ny5u5/.local/lib/python3.14/site-packages/h11/_version.cpython-314.pyc
2026-05-26T00:49:44.0000000000Z	20047	/mnt/h/AETHIEAOPSYS/ENV/PYTHON/pycache/home/d_ny5u5/.local/lib/python3.14/site-packages/httpcore/_sync/http_proxy.cpython-314.pyc
2026-05-26T00:49:44.0000000000Z	21364	/mnt/h/AETHIEAOPSYS/ENV/PYTHON/pycache/home/d_ny5u5/.local/lib/python3.14/site-packages/httpcore/_sync/connection_pool.cpython-314.pyc
2026-05-26T00:49:44.0000000000Z	32444	/mnt/h/AETHIEAOPSYS/ENV/PYTHON/pycache/home/d_ny5u5/.local/lib/python3.14/site-packages/httpcore/_sync/http2.cpython-314.pyc
2026-05-26T00:49:44.0000000000Z	6627	/mnt/h/AETHIEAOPSYS/ENV/PYTHON/pycache/home/d_ny5u5/.local/lib/python3.14/site-packages/httpcore/_sync/interfaces.cpython-314.pyc
2026-05-26T00:49:44.0000000000Z	8871	/mnt/h/AETHIEAOPSYS/ENV/PYTHON/pycache/home/d_ny5u5/.local/lib/python3.14/site-packages/h11/_writers.cpython-314.pyc
2026-05-26T00:49:54.0000000000Z	2070	/mnt/h/AETHIEAOPSYS/ENV/PYTHON/pycache/home/d_ny5u5/.local/lib/python3.14/site-packages/httpcore/_async/__init__.cpython-314.pyc
2026-05-26T00:50:00.0000000000Z	14074	/mnt/h/AETHIEAOPSYS/ENV/PYTHON/pycache/home/d_ny5u5/.local/lib/python3.14/site-packages/httpcore/_async/connection.cpython-314.pyc
2026-05-26T00:50:02.0000000000Z	3249	/mnt/h/AETHIEAOPSYS/ENV/PYTHON/pycache/home/d_ny5u5/.local/lib/python3.14/site-packages/httpcore/_backends/auto.cpython-314.pyc
2026-05-26T00:50:06.0000000000Z	24770	/mnt/h/AETHIEAOPSYS/ENV/PYTHON/pycache/home/d_ny5u5/.local/lib/python3.14/site-packages/httpcore/_async/http11.cpython-314.pyc
2026-05-26T00:50:10.0000000000Z	20874	/mnt/h/AETHIEAOPSYS/ENV/PYTHON/pycache/home/d_ny5u5/.local/lib/python3.14/site-packages/httpcore/_async/http_proxy.cpython-314.pyc
2026-05-26T00:50:10.0000000000Z	22299	/mnt/h/AETHIEAOPSYS/ENV/PYTHON/pycache/home/d_ny5u5/.local/lib/python3.14/site-packages/httpcore/_async/connection_pool.cpython-314.pyc
2026-05-26T00:50:10.0000000000Z	7060	/mnt/h/AETHIEAOPSYS/ENV/PYTHON/pycache/home/d_ny5u5/.local/lib/python3.14/site-packages/httpcore/_async/interfaces.cpython-314.pyc
2026-05-26T00:50:12.0000000000Z	10178	/mnt/h/AETHIEAOPSYS/ENV/PYTHON/pycache/home/d_ny5u5/.local/lib/python3.14/site-packages/httpcore/_backends/anyio.cpython-314.pyc
2026-05-26T00:50:12.0000000000Z	10433	/mnt/h/AETHIEAOPSYS/ENV/PYTHON/pycache/home/d_ny5u5/.local/lib/python3.14/site-packages/huggingface_hub/_dataset_viewer.cpython-314.pyc
2026-05-26T00:50:12.0000000000Z	10559	/mnt/h/AETHIEAOPSYS/ENV/PYTHON/pycache/home/d_ny5u5/.local/lib/python3.14/site-packages/httpcore/_backends/mock.cpython-314.pyc
2026-05-26T00:50:12.0000000000Z	10594	/mnt/h/AETHIEAOPSYS/ENV/PYTHON/pycache/home/d_ny5u5/.local/lib/python3.14/site-packages/httpcore/_backends/trio.cpython-314.pyc
2026-05-26T00:50:12.0000000000Z	10756	/mnt/h/AETHIEAOPSYS/ENV/PYTHON/pycache/home/d_ny5u5/.local/lib/python3.14/site-packages/huggingface_hub/cli/_file_listing.cpython-314.pyc
2026-05-26T00:50:12.0000000000Z	14475	/mnt/h/AETHIEAOPSYS/ENV/PYTHON/pycache/home/d_ny5u5/.local/lib/python3.14/site-packages/huggingface_hub/cli/collections.cpython-314.pyc
2026-05-26T00:50:12.0000000000Z	14537	/mnt/h/AETHIEAOPSYS/ENV/PYTHON/pycache/home/d_ny5u5/.local/lib/python3.14/site-packages/huggingface_hub/cli/datasets.cpython-314.pyc
2026-05-26T00:50:12.0000000000Z	16754	/mnt/h/AETHIEAOPSYS/ENV/PYTHON/pycache/home/d_ny5u5/.local/lib/python3.14/site-packages/huggingface_hub/cli/discussions.cpython-314.pyc
2026-05-26T00:50:12.0000000000Z	17734	/mnt/h/AETHIEAOPSYS/ENV/PYTHON/pycache/home/d_ny5u5/.local/lib/python3.14/site-packages/huggingface_hub/community.cpython-314.pyc
2026-05-26T00:50:12.0000000000Z	18898	/mnt/h/AETHIEAOPSYS/ENV/PYTHON/pycache/home/d_ny5u5/.local/lib/python3.14/site-packages/httpcore/_async/socks_proxy.cpython-314.pyc
2026-05-26T00:50:12.0000000000Z	19853	/mnt/h/AETHIEAOPSYS/ENV/PYTHON/pycache/home/d_ny5u5/.local/lib/python3.14/site-packages/huggingface_hub/lfs.cpython-314.pyc
2026-05-26T00:50:12.0000000000Z	22248	/mnt/h/AETHIEAOPSYS/ENV/PYTHON/pycache/home/d_ny5u5/.local/lib/python3.14/site-packages/huggingface_hub/_inference_endpoints.cpython-314.pyc
2026-05-26T00:50:12.0000000000Z	22427	/mnt/h/AETHIEAOPSYS/ENV/PYTHON/pycache/home/d_ny5u5/.local/lib/python3.14/site-packages/huggingface_hub/_login.cpython-314.pyc
2026-05-26T00:50:12.0000000000Z	2331	/mnt/h/AETHIEAOPSYS/ENV/PYTHON/pycache/home/d_ny5u5/.local/lib/python3.14/site-packages/huggingface_hub/utils/endpoint_helpers.cpython-314.pyc
2026-05-26T00:50:12.0000000000Z	24278	/mnt/h/AETHIEAOPSYS/ENV/PYTHON/pycache/home/d_ny5u5/.local/lib/python3.14/site-packages/huggingface_hub/_local_folder.cpython-314.pyc
2026-05-26T00:50:12.0000000000Z	27630	/mnt/h/AETHIEAOPSYS/ENV/PYTHON/pycache/home/d_ny5u5/.local/lib/python3.14/site-packages/huggingface_hub/_jobs_api.cpython-314.pyc
2026-05-26T00:50:12.0000000000Z	2853	/mnt/h/AETHIEAOPSYS/ENV/PYTHON/pycache/home/d_ny5u5/.local/lib/python3.14/site-packages/huggingface_hub/utils/sha.cpython-314.pyc
2026-05-26T00:50:12.0000000000Z	32050	/mnt/h/AETHIEAOPSYS/ENV/PYTHON/pycache/home/d_ny5u5/.local/lib/python3.14/site-packages/huggingface_hub/cli/buckets.cpython-314.pyc
2026-05-26T00:50:12.0000000000Z	36306	/mnt/h/AETHIEAOPSYS/ENV/PYTHON/pycache/home/d_ny5u5/.local/lib/python3.14/site-packages/httpcore/_async/http2.cpython-314.pyc
2026-05-26T00:50:12.0000000000Z	36971	/mnt/h/AETHIEAOPSYS/ENV/PYTHON/pycache/home/d_ny5u5/.local/lib/python3.14/site-packages/huggingface_hub/repocard.cpython-314.pyc
2026-05-26T00:50:12.0000000000Z	38774	/mnt/h/AETHIEAOPSYS/ENV/PYTHON/pycache/home/d_ny5u5/.local/lib/python3.14/site-packages/huggingface_hub/cli/cache.cpython-314.pyc
2026-05-26T00:50:12.0000000000Z	39856	/mnt/h/AETHIEAOPSYS/ENV/PYTHON/pycache/home/d_ny5u5/.local/lib/python3.14/site-packages/huggingface_hub/repocard_data.cpython-314.pyc
2026-05-26T00:50:12.0000000000Z	4318	/mnt/h/AETHIEAOPSYS/ENV/PYTHON/pycache/home/d_ny5u5/.local/lib/python3.14/site-packages/tqdm/contrib/__init__.cpython-314.pyc
2026-05-26T00:50:12.0000000000Z	43293	/mnt/h/AETHIEAOPSYS/ENV/PYTHON/pycache/home/d_ny5u5/.local/lib/python3.14/site-packages/huggingface_hub/_upload_large_folder.cpython-314.pyc
2026-05-26T00:50:12.0000000000Z	4601	/mnt/h/AETHIEAOPSYS/ENV/PYTHON/pycache/home/d_ny5u5/.local/lib/python3.14/site-packages/tqdm/contrib/concurrent.cpython-314.pyc
2026-05-26T00:50:12.0000000000Z	47478	/mnt/h/AETHIEAOPSYS/ENV/PYTHON/pycache/home/d_ny5u5/.local/lib/python3.14/site-packages/huggingface_hub/_commit_api.cpython-314.pyc
2026-05-26T00:50:12.0000000000Z	532	/mnt/h/AETHIEAOPSYS/ENV/PYTHON/pycache/home/d_ny5u5/.local/lib/python3.14/site-packages/huggingface_hub/utils/insecure_hashlib.cpython-314.pyc
2026-05-26T00:50:12.0000000000Z	56142	/mnt/h/AETHIEAOPSYS/ENV/PYTHON/pycache/home/d_ny5u5/.local/lib/python3.14/site-packages/huggingface_hub/_buckets.cpython-314.pyc
2026-05-26T00:50:12.0000000000Z	7178	/mnt/h/AETHIEAOPSYS/ENV/PYTHON/pycache/home/d_ny5u5/.local/lib/python3.14/site-packages/huggingface_hub/utils/_deprecation.cpython-314.pyc
2026-05-26T00:50:12.0000000000Z	82783	/mnt/h/AETHIEAOPSYS/ENV/PYTHON/pycache/home/d_ny5u5/.local/lib/python3.14/site-packages/huggingface_hub/file_download.cpython-314.pyc
2026-05-26T00:50:12.0000000000Z	9235	/mnt/h/AETHIEAOPSYS/ENV/PYTHON/pycache/home/d_ny5u5/.local/lib/python3.14/site-packages/huggingface_hub/cli/download.cpython-314.pyc
2026-05-26T00:50:12.0000000000Z	9321	/mnt/h/AETHIEAOPSYS/ENV/PYTHON/pycache/home/d_ny5u5/.local/lib/python3.14/site-packages/huggingface_hub/utils/_verification.cpython-314.pyc
2026-05-26T00:50:12.0000000000Z	9834	/mnt/h/AETHIEAOPSYS/ENV/PYTHON/pycache/home/d_ny5u5/.local/lib/python3.14/site-packages/huggingface_hub/_eval_results.cpython-314.pyc
2026-05-26T00:50:14.0000000000Z	19756	/mnt/h/AETHIEAOPSYS/ENV/PYTHON/pycache/home/d_ny5u5/.local/lib/python3.14/site-packages/huggingface_hub/cli/inference_endpoints.cpython-314.pyc
2026-05-26T00:50:14.0000000000Z	23815	/mnt/h/AETHIEAOPSYS/ENV/PYTHON/pycache/home/d_ny5u5/.local/lib/python3.14/site-packages/huggingface_hub/_snapshot_download.cpython-314.pyc
2026-05-26T00:50:14.0000000000Z	29833	/mnt/h/AETHIEAOPSYS/ENV/PYTHON/pycache/usr/lib/python3.14/sysconfig/__init__.cpython-314.pyc
2026-05-26T00:50:14.0000000000Z	33033	/mnt/h/AETHIEAOPSYS/ENV/PYTHON/pycache/home/d_ny5u5/.local/lib/python3.14/site-packages/huggingface_hub/cli/extensions.cpython-314.pyc
2026-05-26T00:50:14.0000000000Z	37196	/mnt/h/AETHIEAOPSYS/ENV/PYTHON/pycache/usr/lib/python3.14/venv/__init__.cpython-314.pyc
2026-05-26T00:50:16.0000000000Z	52142	/mnt/h/AETHIEAOPSYS/ENV/PYTHON/pycache/home/d_ny5u5/.local/lib/python3.14/site-packages/huggingface_hub/cli/jobs.cpython-314.pyc
2026-05-26T00:50:28.0000000000Z	981	/mnt/h/AETHIEAOPSYS/ENV/PYTHON/pycache/usr/lib/python3.14/multiprocessing/__init__.cpython-314.pyc
2026-05-26T00:50:34.0000000000Z	17749	/mnt/h/AETHIEAOPSYS/ENV/PYTHON/pycache/usr/lib/python3.14/multiprocessing/context.cpython-314.pyc
2026-05-26T00:50:40.0000000000Z	18408	/mnt/h/AETHIEAOPSYS/ENV/PYTHON/pycache/usr/lib/python3.14/multiprocessing/process.cpython-314.pyc
2026-05-26T00:50:46.0000000000Z	14319	/mnt/h/AETHIEAOPSYS/ENV/PYTHON/pycache/usr/lib/python3.14/multiprocessing/reduction.cpython-314.pyc
2026-05-26T00:50:46.0000000000Z	16598	/mnt/h/AETHIEAOPSYS/ENV/PYTHON/pycache/home/d_ny5u5/.local/lib/python3.14/site-packages/huggingface_hub/cli/_skills.cpython-314.pyc
2026-05-26T00:50:46.0000000000Z	20704	/mnt/h/AETHIEAOPSYS/ENV/PYTHON/pycache/usr/lib/python3.14/multiprocessing/util.cpython-314.pyc
2026-05-26T00:50:46.0000000000Z	22960	/mnt/h/AETHIEAOPSYS/ENV/PYTHON/pycache/home/d_ny5u5/.local/lib/python3.14/site-packages/huggingface_hub/cli/repos.cpython-314.pyc
2026-05-26T00:50:46.0000000000Z	27319	/mnt/h/AETHIEAOPSYS/ENV/PYTHON/pycache/home/d_ny5u5/.local/lib/python3.14/site-packages/huggingface_hub/cli/skills.cpython-314.pyc
2026-05-26T00:50:46.0000000000Z	2756	/mnt/h/AETHIEAOPSYS/ENV/PYTHON/pycache/home/d_ny5u5/.local/lib/python3.14/site-packages/huggingface_hub/cli/repo_files.cpython-314.pyc
2026-05-26T00:50:46.0000000000Z	45154	/mnt/h/AETHIEAOPSYS/ENV/PYTHON/pycache/usr/lib/python3.14/multiprocessing/pool.cpython-314.pyc
2026-05-26T00:50:46.0000000000Z	52231	/mnt/h/AETHIEAOPSYS/ENV/PYTHON/pycache/usr/lib/python3.14/multiprocessing/connection.cpython-314.pyc
2026-05-26T00:50:46.0000000000Z	54060	/mnt/h/AETHIEAOPSYS/ENV/PYTHON/pycache/home/d_ny5u5/.local/lib/python3.14/site-packages/huggingface_hub/cli/spaces.cpython-314.pyc
2026-05-26T00:50:46.0000000000Z	6899	/mnt/h/AETHIEAOPSYS/ENV/PYTHON/pycache/home/d_ny5u5/.local/lib/python3.14/site-packages/huggingface_hub/cli/lfs.cpython-314.pyc
2026-05-26T00:50:46.0000000000Z	8069	/mnt/h/AETHIEAOPSYS/ENV/PYTHON/pycache/home/d_ny5u5/.local/lib/python3.14/site-packages/huggingface_hub/cli/papers.cpython-314.pyc
2026-05-26T00:50:46.0000000000Z	9757	/mnt/h/AETHIEAOPSYS/ENV/PYTHON/pycache/home/d_ny5u5/.local/lib/python3.14/site-packages/huggingface_hub/cli/models.cpython-314.pyc
2026-05-26T00:50:48.0000000000Z	11601	/mnt/h/AETHIEAOPSYS/ENV/PYTHON/pycache/home/d_ny5u5/.local/lib/python3.14/site-packages/huggingface_hub/cli/upload.cpython-314.pyc
2026-05-26T00:50:48.0000000000Z	13236	/mnt/h/AETHIEAOPSYS/ENV/PYTHON/pycache/home/d_ny5u5/.local/lib/python3.14/site-packages/huggingface_hub/cli/webhooks.cpython-314.pyc
2026-05-26T00:50:48.0000000000Z	14992	/mnt/h/AETHIEAOPSYS/ENV/PYTHON/pycache/usr/lib/python3.14/encodings/idna.cpython-314.pyc
2026-05-26T00:50:48.0000000000Z	175490	/mnt/h/AETHIEAOPSYS/ENV/PYTHON/pycache/usr/lib/python3/dist-packages/typing_extensions.cpython-314.pyc
2026-05-26T00:50:48.0000000000Z	188	/mnt/h/AETHIEAOPSYS/ENV/PYTHON/pycache/home/d_ny5u5/.local/lib/python3.14/site-packages/huggingface_hub/_hot_reload/__init__.cpython-314.pyc
2026-05-26T00:50:48.0000000000Z	21376	/mnt/h/AETHIEAOPSYS/ENV/PYTHON/pycache/home/d_ny5u5/.local/lib/python3.14/site-packages/huggingface_hub/_commit_scheduler.cpython-314.pyc
2026-05-26T00:50:48.0000000000Z	2186	/mnt/h/AETHIEAOPSYS/ENV/PYTHON/pycache/home/d_ny5u5/.local/lib/python3.14/site-packages/huggingface_hub/cli/system.cpython-314.pyc
2026-05-26T00:50:48.0000000000Z	25376	/mnt/h/AETHIEAOPSYS/ENV/PYTHON/pycache/usr/lib/python3.14/stringprep.cpython-314.pyc
2026-05-26T00:50:48.0000000000Z	34190	/mnt/h/AETHIEAOPSYS/ENV/PYTHON/pycache/usr/lib/python3/dist-packages/packaging/version.cpython-314.pyc
2026-05-26T00:50:48.0000000000Z	4922	/mnt/h/AETHIEAOPSYS/ENV/PYTHON/pycache/home/d_ny5u5/.local/lib/python3.14/site-packages/huggingface_hub/cli/upload_large_folder.cpython-314.pyc
2026-05-26T00:50:48.0000000000Z	516	/mnt/h/AETHIEAOPSYS/ENV/PYTHON/pycache/usr/lib/python3/dist-packages/packaging/__init__.cpython-314.pyc
2026-05-26T00:50:48.0000000000Z	5549	/mnt/h/AETHIEAOPSYS/ENV/PYTHON/pycache/usr/lib/python3/dist-packages/packaging/_structures.cpython-314.pyc
2026-05-26T00:50:48.0000000000Z	6102	/mnt/h/AETHIEAOPSYS/ENV/PYTHON/pycache/home/d_ny5u5/.local/lib/python3.14/site-packages/huggingface_hub/_hot_reload/sse_client.cpython-314.pyc
2026-05-26T00:50:48.0000000000Z	7182	/mnt/h/AETHIEAOPSYS/ENV/PYTHON/pycache/home/d_ny5u5/.local/lib/python3.14/site-packages/huggingface_hub/_hot_reload/client.cpython-314.pyc
2026-05-26T00:50:48.0000000000Z	8735	/mnt/h/AETHIEAOPSYS/ENV/PYTHON/pycache/home/d_ny5u5/.local/lib/python3.14/site-packages/huggingface_hub/_hot_reload/types.cpython-314.pyc
2026-05-26T00:50:50.0000000000Z	8423	/mnt/h/AETHIEAOPSYS/ENV/PYTHON/pycache/home/d_ny5u5/.local/lib/python3.14/site-packages/click/_textwrap.cpython-314.pyc
2026-05-26T02:11:30.0000000000Z	1518	/mnt/h/AETHIEAOPSYS/TOOLIO/bin/gguf-ae.bak.20260526T061129Z
2026-05-26T02:12:58.0000000000Z	1	/mnt/h/AETHIEAOPSYS/MODELS/llama.cpp/.cache/huggingface/.gitignore
2026-05-26T02:12:58.0000000000Z	191	/mnt/h/AETHIEAOPSYS/MODELS/llama.cpp/.cache/huggingface/CACHEDIR.TAG
2026-05-26T09:54:50.0000000000Z	119564	/mnt/h/AETHIEAOPSYS/MODELS/huggingface/cache/xet/logs/xet_20260526T095011174-0400_38187.log
2026-05-26T09:54:50.0000000000Z	125	/mnt/h/AETHIEAOPSYS/MODELS/llama.cpp/.cache/huggingface/download/tinyllama-1.1b-chat-v1.0.Q4_K_M.gguf.metadata
2026-05-26T09:54:50.0000000000Z	668788096	/mnt/h/AETHIEAOPSYS/MODELS/llama.cpp/tinyllama-1.1b-chat-v1.0.Q4_K_M.gguf
2026-05-26T11:41:32.0000000000Z	15960	/mnt/h/AETHIEAOPSYS/TOOLIO/bin/llama-completion
2026-05-26T11:44:02.0000000000Z	1416	/mnt/h/AETHIEAOPSYS/TOOLIO/bin/gguf-ae
2026-05-26T11:44:02.0000000000Z	1444	/mnt/h/AETHIEAOPSYS/TOOLIO/bin/gguf-ae.bak.20260526T154400Z
2026-05-26T11:44:28.0000000000Z	542	/mnt/h/AETHIEAOPSYS/DATA/MEMORY/ANCHORS/2026-05-26T15-44-26Z_aeusb_llm_completion_route_confirmed.json
2026-05-26T11:44:28.0000000000Z	542	/mnt/h/AETHIEAOPSYS/TOOLIO/RECEIPTS/2026-05-26T15-44-26Z_aeusb_llm_completion_route_confirmed.json
2026-05-26T11:58:48.0000000000Z	225815	/mnt/h/AETHIEAOPSYS/MODELS/huggingface/cache/xet/logs/xet_20260526T115458619-0400_38886.log
2026-05-26T12:09:16.0000000000Z	298	/mnt/h/AETHIEAOPSYS/LOGS/BOOT/portable_wake_20260526.log
2026-05-26T12:10:20.0000000000Z	141028	/mnt/h/AETHIEAOPSYS/MODELS/huggingface/cache/xet/logs/xet_20260526T115914901-0400_39019.log
2026-05-26T12:10:24.0000000000Z	31969856	/mnt/h/AETHIEAOPSYS/MODELS/llama.cpp/.cache/huggingface/download/yBWWb8mKKnhnwBju1JIkvlMVdAQ=.7485fe6f11af29433bc51cab58009521f205840f5b4ae3a32fa7f92e8534fdf5.incomplete
2026-05-26T12:10:24.0000000000Z	64321	/mnt/h/AETHIEAOPSYS/LOGS/cloudflared/AETHERNet.log
2026-05-26T12:10:24.0000000000Z	87194	/mnt/h/AETHIEAOPSYS/LOGS/cloudflared/AETHERNet.cloudflared.log
2026-05-28T19:56:12.0000000000Z	430	/mnt/h/AETHIEAOPSYS/GITLAB/receipts/GITLAB_AETHIEA128G_RECEIPT_20260528_195609.txt
2026-05-28T19:57:44.0000000000Z	79315	/mnt/h/AETHIEAOPSYS/APT/manifests/apt_installed_olivia_20260528_195737.txt
2026-05-28T19:57:46.0000000000Z	106	/mnt/h/AETHIEAOPSYS/APT/sources/sources.list.d.olivia.20260528_195743/cloudflared.list
2026-05-28T19:57:46.0000000000Z	107	/mnt/h/AETHIEAOPSYS/APT/sources/sources.list.d.olivia.20260528_195743/metasploit.list
2026-05-28T19:57:46.0000000000Z	112	/mnt/h/AETHIEAOPSYS/APT/sources/sources.list.d.olivia.20260528_195743/hashicorp.list
2026-05-28T19:57:46.0000000000Z	1696	/mnt/h/AETHIEAOPSYS/APT/manifests/apt_upgradable_olivia_20260528_195742.txt
2026-05-28T19:57:46.0000000000Z	2552	/mnt/h/AETHIEAOPSYS/APT/sources/sources.list.d.olivia.20260528_195743/ubuntu.sources
2026-05-28T19:57:46.0000000000Z	270	/mnt/h/AETHIEAOPSYS/APT/sources/sources.list.olivia.20260528_195743
2026-05-28T19:57:46.0000000000Z	31069	/mnt/h/AETHIEAOPSYS/APT/manifests/dpkg_selections_olivia_20260528_195743.txt
2026-05-28T19:57:54.0000000000Z	411	/mnt/h/AETHIEAOPSYS/APT/receipts/APT_AETHIEA128G_RECEIPT_20260528_195752.txt
2026-05-28T19:59:28.0000000000Z	539	/mnt/h/AETHIEAOPSYS/APT/receipts/APT_AETHIEA128G_RECEIPT_20260528_195926.txt
2026-05-28T20:06:42.0000000000Z	431	/mnt/h/AETHIEAOPSYS/GITLAB/receipts/GITLAB_CLI_OLIVIA_RECEIPT_20260528_200632.txt
2026-05-28T20:23:48.0000000000Z	440	/mnt/h/AETHIEAOPSYS/GITLAB/receipts/glab_auth_status_olivia_20260528_202345.txt
2026-06-02T00:58:26.0000000000Z	644	/mnt/h/AETHIEAOPSYS/LAYERS/AENET/CLOUDFLARE/WORKERS/aethernet/aethernet-fetch-test.mjs
2026-06-02T02:28:34.0000000000Z	2659	/mnt/h/AETHIEAOPSYS/LAYERS/AENET/CLOUDFLARE/WORKERS/aethernet/src/index.before_aenet_context_20260602T062832Z.js
2026-06-02T03:04:32.0000000000Z	897	/mnt/h/AETHIEAOPSYS/DATA/CORP-O/AENET/aenet_edge_free_route_verified_20260602.md
2026-06-02T03:05:22.0000000000Z	280	/mnt/h/AETHIEAOPSYS/TOOLIO/bin/aenet-check
2026-06-02T03:11:08.0000000000Z	0	/mnt/h/AETHIEAOPSYS/ENV/RUNTIME/npm-cache/_update-notifier-last-checked
2026-06-02T03:11:08.0000000000Z	6236	/mnt/h/AETHIEAOPSYS/ENV/RUNTIME/npm-cache/_logs/2026-06-02T07_11_06_835Z-debug-0.log
2026-06-02T07:38:36.0000000000Z	1507	/mnt/h/AETHIEAOPSYS/LAYERS/AENET/POLICY/provider_policy.json
2026-06-02T07:38:58.0000000000Z	841	/mnt/h/AETHIEAOPSYS/TOOLIO/bin/aenet-policy
2026-06-02T07:44:34.0000000000Z	4023	/mnt/h/AETHIEAOPSYS/LAYERS/AENET/CLOUDFLARE/WORKERS/aethernet/src/index.js
2026-06-02T07:44:50.0000000000Z	112	/mnt/h/AETHIEAOPSYS/LAYERS/AENET/CLOUDFLARE/WORKERS/aethernet/.wrangler/cache/wrangler-account.json
2026-06-02T08:09:12.0000000000Z	1070	/mnt/h/AETHIEAOPSYS/DATA/MEMORY/REGISTRY/account_surface_registry.md
2026-06-02T08:12:44.0000000000Z	953	/mnt/h/AETHIEAOPSYS/DATA/MEMORY/HOSTS/host_surface_policy.md
2026-06-02T08:42:04.0000000000Z	214	/mnt/h/AETHIEAOPSYS/APT/rebuild/install_hcloud_cli.sh
2026-06-02T08:42:04.0000000000Z	336	/mnt/h/AETHIEAOPSYS/APT/receipts/hcloud_cli_install_20260602T124203Z.md
2026-06-02T08:42:24.0000000000Z	981	/mnt/h/AETHIEAOPSYS/DATA/MEMORY/CUSTODY/aethieaos_hetzner_cli.md
2026-06-02T08:48:56.0000000000Z	1584	/mnt/h/AETHIEAOPSYS/DATA/MEMORY/CUSTODY/generalissima_gcr_routing_policy.md
2026-06-02T08:49:12.0000000000Z	995	/mnt/h/AETHIEAOPSYS/TOOLIO/bin/gcr-route
2026-06-02T08:50:42.0000000000Z	794	/mnt/h/AETHIEAOPSYS/CORE/DOCTRINE/GENERALISSIMA_SCHEMA.md
2026-06-02T08:50:44.0000000000Z	416	/mnt/h/AETHIEAOPSYS/DATA/MEMORY/ANCHORS/2026-06-02_generalissima_patch.json
2026-06-02T10:39:38.0000000000Z	417	/mnt/h/AETHIEAOPSYS/LOGS/route_metabolism/20260602T143937Z_usb_native_routed_metabolized.log
2026-06-02T10:39:42.0000000000Z	750	/mnt/h/AETHIEAOPSYS/USB_NATIVE_ROUTED/PLUGPLAY/start-aethiea.ps1
2026-06-02T10:39:48.0000000000Z	103	/mnt/h/AETHIEAOPSYS/USB_NATIVE_ROUTED/PLUGPLAY/INSTALL_HOST_BRIDGE.cmd
2026-06-02T10:39:48.0000000000Z	1207	/mnt/h/AETHIEAOPSYS/USB_NATIVE_ROUTED/PLUGPLAY/install-host-bridge.ps1
2026-06-02T10:39:48.0000000000Z	91	/mnt/h/AETHIEAOPSYS/USB_NATIVE_ROUTED/PLUGPLAY/START_AETHIEA.cmd
2026-06-02T10:39:50.0000000000Z	506	/mnt/h/AETHIEAOPSYS/LOGS/mounts/20260602T143949Z_h_i_ae320_lock.log
2026-06-02T10:48:30.0000000000Z	491	/mnt/h/AETHIEAOPSYS/LOGS/wake/20260602T144828Z_start_aethiea_cmd_success.log
2026-06-02T10:54:12.0000000000Z	602	/mnt/h/AETHIEAOPSYS/USB_NATIVE_ROUTED/PLUGPLAY/aethiea-usb-watch.ps1
2026-06-02T10:57:18.0000000000Z	658	/mnt/h/AETHIEAOPSYS/LOGS/wake/20260602T145717Z_plugplay_visible_cockpit_success.log
2026-06-02T11:03:34.0000000000Z	288	/mnt/h/AETHIEAOPSYS/LAYERS/AECLOUD/RUNPOD/README.md
2026-06-02T11:03:34.0000000000Z	651	/mnt/h/AETHIEAOPSYS/ROUTES/RUNPOD.route
2026-06-02T11:03:36.0000000000Z	310	/mnt/h/AETHIEAOPSYS/LOGS/runpod/20260602T150333Z_runpod_route_initialized.log
2026-06-02T13:12:42.0000000000Z	31203	/mnt/h/AETHIEAOPSYS/APT/manifests/apt_installed_20260602T171240Z.tsv
2026-06-02T13:12:44.0000000000Z	291	/mnt/h/AETHIEAOPSYS/APT/manifests/apt_manual_20260602T171242Z.txt
2026-06-02T13:13:08.0000000000Z	624	/mnt/h/AETHIEAOPSYS/DATA/MEMORY/CUSTODY/aeusb_apt_check_20260602T171306Z.md
2026-06-02T13:15:56.0000000000Z	110	/mnt/h/AETHIEAOPSYS/APT/LOGS/apt_upgradable_rubiii_20260602T171552Z.txt
2026-06-02T13:16:02.0000000000Z	31203	/mnt/h/AETHIEAOPSYS/APT/manifests/rubiii_apt_installed_20260602T171601Z.tsv
2026-06-02T13:16:04.0000000000Z	291	/mnt/h/AETHIEAOPSYS/APT/manifests/rubiii_apt_manual_20260602T171601Z.txt
2026-06-02T13:16:14.0000000000Z	724	/mnt/h/AETHIEAOPSYS/DATA/MEMORY/CUSTODY/rubiii_aeusb_apt_state_lock_20260602T171610Z.md
2026-06-02T13:21:52.0000000000Z	110	/mnt/h/AETHIEAOPSYS/APT/LOGS/apt_upgradable_rubiii_20260602T172148Z.txt
2026-06-02T13:22:00.0000000000Z	31203	/mnt/h/AETHIEAOPSYS/APT/manifests/rubiii_apt_installed_20260602T172159Z.tsv
2026-06-02T13:22:02.0000000000Z	291	/mnt/h/AETHIEAOPSYS/APT/manifests/rubiii_apt_manual_20260602T172159Z.txt
2026-06-02T13:22:12.0000000000Z	720	/mnt/h/AETHIEAOPSYS/DATA/MEMORY/CUSTODY/rubiii_aeusb_apt_check_20260602T172208Z.md
2026-06-02T13:25:00.0000000000Z	11	/mnt/h/AETHIEAOPSYS/APT/LOGS/apt_upgradable_after_linux_libc_dev_20260602T172457Z.txt
2026-06-02T13:25:00.0000000000Z	31203	/mnt/h/AETHIEAOPSYS/APT/manifests/rubiii_apt_installed_after_linux_libc_dev_20260602T172457Z.tsv
2026-06-02T13:25:02.0000000000Z	291	/mnt/h/AETHIEAOPSYS/APT/manifests/rubiii_apt_manual_after_linux_libc_dev_20260602T172457Z.txt
2026-06-02T13:25:08.0000000000Z	502	/mnt/h/AETHIEAOPSYS/DATA/MEMORY/CUSTODY/rubiii_linux_libc_dev_upgrade_after_20260602T172504Z.md
2026-06-02T13:31:34.0000000000Z	1492	/mnt/h/AETHIEAOPSYS/TEMP/REPAIRS/broken_git_init_20260602T173317Z/hooks/prepare-commit-msg.sample
2026-06-02T13:31:34.0000000000Z	189	/mnt/h/AETHIEAOPSYS/TEMP/REPAIRS/broken_git_init_20260602T173317Z/hooks/post-update.sample
2026-06-02T13:31:34.0000000000Z	2308	/mnt/h/AETHIEAOPSYS/TEMP/REPAIRS/broken_git_init_20260602T173317Z/hooks/sendemail-validate.sample
2026-06-02T13:31:34.0000000000Z	240	/mnt/h/AETHIEAOPSYS/TEMP/REPAIRS/broken_git_init_20260602T173317Z/info/exclude
2026-06-02T13:31:34.0000000000Z	2783	/mnt/h/AETHIEAOPSYS/TEMP/REPAIRS/broken_git_init_20260602T173317Z/hooks/push-to-checkout.sample
2026-06-02T13:31:34.0000000000Z	424	/mnt/h/AETHIEAOPSYS/TEMP/REPAIRS/broken_git_init_20260602T173317Z/hooks/pre-applypatch.sample
2026-06-02T13:31:34.0000000000Z	4726	/mnt/h/AETHIEAOPSYS/TEMP/REPAIRS/broken_git_init_20260602T173317Z/hooks/fsmonitor-watchman.sample
2026-06-02T13:31:34.0000000000Z	544	/mnt/h/AETHIEAOPSYS/TEMP/REPAIRS/broken_git_init_20260602T173317Z/hooks/pre-receive.sample
2026-06-02T13:31:36.0000000000Z	1374	/mnt/h/AETHIEAOPSYS/TEMP/REPAIRS/broken_git_init_20260602T173317Z/hooks/pre-push.sample
2026-06-02T13:31:36.0000000000Z	1649	/mnt/h/AETHIEAOPSYS/TEMP/REPAIRS/broken_git_init_20260602T173317Z/hooks/pre-commit.sample
2026-06-02T13:31:36.0000000000Z	36	/mnt/h/AETHIEAOPSYS/TEMP/REPAIRS/broken_git_init_20260602T173317Z/config
2026-06-02T13:31:36.0000000000Z	3650	/mnt/h/AETHIEAOPSYS/TEMP/REPAIRS/broken_git_init_20260602T173317Z/hooks/update.sample
2026-06-02T13:31:36.0000000000Z	416	/mnt/h/AETHIEAOPSYS/TEMP/REPAIRS/broken_git_init_20260602T173317Z/hooks/pre-merge-commit.sample
2026-06-02T13:31:36.0000000000Z	478	/mnt/h/AETHIEAOPSYS/TEMP/REPAIRS/broken_git_init_20260602T173317Z/hooks/applypatch-msg.sample
2026-06-02T13:31:36.0000000000Z	4898	/mnt/h/AETHIEAOPSYS/TEMP/REPAIRS/broken_git_init_20260602T173317Z/hooks/pre-rebase.sample
2026-06-02T13:31:36.0000000000Z	73	/mnt/h/AETHIEAOPSYS/TEMP/REPAIRS/broken_git_init_20260602T173317Z/description
2026-06-02T13:31:36.0000000000Z	896	/mnt/h/AETHIEAOPSYS/TEMP/REPAIRS/broken_git_init_20260602T173317Z/hooks/commit-msg.sample
2026-06-02T13:33:36.0000000000Z	1937	/mnt/h/AETHIEAOPSYS/LOGS/BOOT/portable_wake_20260602.log
2026-06-02T14:22:40.0000000000Z	599	/mnt/h/AETHIEAOPSYS/DATA/MEMORY/ROUTES/github_aethieaopsys_push_20260602.md
2026-06-02T14:24:32.0000000000Z	0	/mnt/h/AETHIEAOPSYS/TOOLIO/bin/aegit-autosync
2026-06-02T17:57:02.0000000000Z	635	/mnt/h/AETHIEAOPSYS/DATA/CORP-O/HABITAT/ae320_heavy_lift_mount_20260602.md
2026-06-02T19:26:16.0000000000Z	174	/mnt/h/AETHIEAOPSYS/TOOLIO/HID/AEDUCK/receipts/aeduck_registered_20260602T232610Z.json
2026-06-02T19:26:16.0000000000Z	176	/mnt/h/AETHIEAOPSYS/TOOLIO/HID/AEBUNNY/receipts/aebunny_registered_20260602T232610Z.json
2026-06-02T19:26:16.0000000000Z	191	/mnt/h/AETHIEAOPSYS/TOOLIO/HID/README.md
2026-06-02T19:26:16.0000000000Z	220	/mnt/h/AETHIEAOPSYS/ROUTES/AE320GB.route
2026-06-02T19:26:16.0000000000Z	278	/mnt/h/AETHIEAOPSYS/TOOLIO/RECEIPTS/component_registry_20260602T232610Z.json
2026-06-02T19:26:16.0000000000Z	281	/mnt/h/AETHIEAOPSYS/TOOLIO/bin/aeth-heavy-route
2026-06-02T19:26:16.0000000000Z	292	/mnt/h/AETHIEAOPSYS/TOOLIO/HID/AEDUCK/routes/aeduck.route.json
2026-06-02T19:26:16.0000000000Z	302	/mnt/h/AETHIEAOPSYS/TOOLIO/HID/AEBUNNY/routes/aebunny.route.json
2026-06-02T19:26:16.0000000000Z	340	/mnt/h/AETHIEAOPSYS/TOOLIO/COMPONENTS/README.md
2026-06-02T19:26:16.0000000000Z	364	/mnt/h/AETHIEAOPSYS/DATA/MEMORY/ROUTES/ae320_heavy_lift_route.json
2026-06-02T19:26:16.0000000000Z	3726	/mnt/h/AETHIEAOPSYS/.gitignore
2026-06-02T19:26:16.0000000000Z	378	/mnt/h/AETHIEAOPSYS/TOOLIO/bin/aeth-components
2026-06-02T19:26:16.0000000000Z	460	/mnt/h/AETHIEAOPSYS/TOOLIO/COMPONENTS/registry.json
2026-06-02T19:26:16.0000000000Z	598	/mnt/h/AETHIEAOPSYS/TOOLIO/bin/aeth-bodies
2026-06-02T19:26:16.0000000000Z	836	/mnt/h/AETHIEAOPSYS/TOOLIO/HID/AEDUCK/manifest.json
2026-06-02T19:26:16.0000000000Z	927	/mnt/h/AETHIEAOPSYS/TOOLIO/HID/AEBUNNY/manifest.json
2026-06-02T19:33:06.0000000000Z	230	/mnt/h/AETHIEAOPSYS/TOOLIO/HID/AEDUCK/payloads/hello_aethiea/README.md
2026-06-02T19:33:06.0000000000Z	236	/mnt/h/AETHIEAOPSYS/TOOLIO/HID/AEBUNNY/payloads/bootstrap/README.md
2026-06-02T19:33:06.0000000000Z	361	/mnt/h/AETHIEAOPSYS/TOOLIO/HID/AEDUCK/docs/BUILD.md
2026-06-02T19:33:06.0000000000Z	392	/mnt/h/AETHIEAOPSYS/TOOLIO/HID/AEBUNNY/docs/BUILD.md
2026-06-02T19:33:06.0000000000Z	494	/mnt/h/AETHIEAOPSYS/TOOLIO/HID/AEDUCK/scripts/aeduck-route-check
2026-06-02T19:33:06.0000000000Z	570	/mnt/h/AETHIEAOPSYS/TOOLIO/HID/AEBUNNY/scripts/aebunny-route-check
2026-06-02T19:35:14.0000000000Z	211	/mnt/h/AETHIEAOPSYS/TOOLIO/HID/AEDUCK/templates/circuitpython/README.md
2026-06-02T19:35:14.0000000000Z	290	/mnt/h/AETHIEAOPSYS/TOOLIO/HID/AEDUCK/templates/circuitpython/code.py
2026-06-02T19:35:14.0000000000Z	320	/mnt/h/AETHIEAOPSYS/TOOLIO/HID/AEDUCK/receipts/aeduck_build_template_20260602T233512Z.json
2026-06-02T19:35:14.0000000000Z	604	/mnt/h/AETHIEAOPSYS/TOOLIO/HID/AEDUCK/scripts/aeduck-build-template
2026-06-02T19:39:28.0000000000Z	117	/mnt/h/AETHIEAOPSYS/TOOLIO/HID/AEBUNNY/templates/gadget/cmdline.txt.note
2026-06-02T19:39:28.0000000000Z	159	/mnt/h/AETHIEAOPSYS/TOOLIO/HID/AEBUNNY/templates/gadget/aebunny-bootstrap.sh
2026-06-02T19:39:28.0000000000Z	234	/mnt/h/AETHIEAOPSYS/TOOLIO/HID/AEBUNNY/templates/gadget/README.md
2026-06-02T19:39:28.0000000000Z	40	/mnt/h/AETHIEAOPSYS/TOOLIO/HID/AEBUNNY/templates/gadget/config.txt.append
2026-06-02T19:39:28.0000000000Z	602	/mnt/h/AETHIEAOPSYS/TOOLIO/HID/AEBUNNY/scripts/aebunny-build-template
2026-06-02T19:39:30.0000000000Z	315	/mnt/h/AETHIEAOPSYS/TOOLIO/HID/AEBUNNY/receipts/aebunny_build_template_20260602T233928Z.json
2026-06-02T19:41:08.0000000000Z	2765	/mnt/h/AETHIEAOPSYS/TOOLIO/bin/aeth-hid
2026-06-02T19:48:50.0000000000Z	543	/mnt/h/AETHIEAOPSYS/TOOLIO/bin/aeth-ssh-agent
2026-06-02T19:59:24.0000000000Z	1156	/mnt/h/AETHIEAOPSYS/TOOLIO/bin/aeth-save
2026-06-02T19:59:24.0000000000Z	264	/mnt/h/AETHIEAOPSYS/TOOLIO/bin/aeth-wake
2026-06-02T20:09:10.0000000000Z	164	/mnt/h/AETHIEAOPSYS/TOOLIO/WIFI/routes/wifi.route.json
2026-06-02T20:09:10.0000000000Z	300	/mnt/h/AETHIEAOPSYS/TOOLIO/WIFI/manifests/wifi.manifest.json
2026-06-02T20:09:10.0000000000Z	411	/mnt/h/AETHIEAOPSYS/TOOLIO/WIFI/README.md
2026-06-02T20:09:10.0000000000Z	453	/mnt/h/AETHIEAOPSYS/TOOLIO/WIFI/scripts/wifi-route-check
2026-06-02T20:29:46.0000000000Z	596	/mnt/h/AETHIEAOPSYS/LOGS/BOOT/portable_wake_20260603.log
2026-06-03T18:14:22.0000000000Z	82	/mnt/h/AETHIEAOPSYS/LOGS/sync-20260603-181420.log
2026-06-03T18:16:51.7500000000Z	0	/mnt/h/AETHIEAOPSYS/AEUSB
2026-06-03T18:16:51.8400000000Z	0	/mnt/h/AETHIEAOPSYS/AE320GB
2026-06-03T18:19:24.0000000000Z	0	/mnt/h/AETHIEAOPSYS/MODELS/huggingface/cache/.check_for_update_done
2026-06-03T18:19:42.0000000000Z	178449	/mnt/h/AETHIEAOPSYS/LOGS/tool_audit_20260603-181820.log
2026-06-04T06:16:16.0000000000Z	75170	/mnt/h/AETHIEAOPSYS/APT/receipts/rubiii_apt_installed_20260604_101615.txt
2026-06-04T06:20:54.0000000000Z	293	/mnt/h/AETHIEAOPSYS/APT/ONE_ACCORD/20260604T102050Z/_unified/README.txt
2026-06-04T06:20:54.0000000000Z	319	/mnt/h/AETHIEAOPSYS/APT/ONE_ACCORD/20260604T102050Z/rubiii/mounts.txt
2026-06-04T06:20:54.0000000000Z	35	/mnt/h/AETHIEAOPSYS/APT/ONE_ACCORD/20260604T102050Z/rubiii/host.txt
2026-06-04T06:20:54.0000000000Z	75170	/mnt/h/AETHIEAOPSYS/APT/ONE_ACCORD/20260604T102050Z/rubiii/apt_installed_20260604T102050Z.txt
2026-06-04T06:20:56.0000000000Z	104	/mnt/h/AETHIEAOPSYS/APT/ONE_ACCORD/20260604T102050Z/lolita/lolita_manifest_sources_20260604T102050Z.txt
2026-06-04T06:20:56.0000000000Z	142	/mnt/h/AETHIEAOPSYS/APT/ONE_ACCORD/20260604T102050Z/github/git_branch_20260604T102050Z.txt
2026-06-04T06:20:56.0000000000Z	142	/mnt/h/AETHIEAOPSYS/APT/ONE_ACCORD/20260604T102050Z/github/git_recent_commits_20260604T102050Z.txt
2026-06-04T06:20:56.0000000000Z	142	/mnt/h/AETHIEAOPSYS/APT/ONE_ACCORD/20260604T102050Z/github/git_remotes_20260604T102050Z.txt
2026-06-04T06:20:56.0000000000Z	142	/mnt/h/AETHIEAOPSYS/APT/ONE_ACCORD/20260604T102050Z/github/git_root_20260604T102050Z.txt
2026-06-04T06:20:56.0000000000Z	142	/mnt/h/AETHIEAOPSYS/APT/ONE_ACCORD/20260604T102050Z/github/git_status_short_20260604T102050Z.txt
2026-06-04T06:20:56.0000000000Z	1696	/mnt/h/AETHIEAOPSYS/APT/ONE_ACCORD/20260604T102050Z/olivia/apt_upgradable_olivia_20260528_195742.txt
2026-06-04T06:20:56.0000000000Z	218	/mnt/h/AETHIEAOPSYS/APT/ONE_ACCORD/20260604T102050Z/aexhd/aexhd_apt_tree_20260604T102050Z.txt
2026-06-04T06:20:56.0000000000Z	270	/mnt/h/AETHIEAOPSYS/APT/ONE_ACCORD/20260604T102050Z/olivia/sources.list.olivia.20260528_195743
2026-06-04T06:20:56.0000000000Z	291	/mnt/h/AETHIEAOPSYS/APT/ONE_ACCORD/20260604T102050Z/rubiii/apt_manual_20260604T102050Z.txt
2026-06-04T06:20:56.0000000000Z	31069	/mnt/h/AETHIEAOPSYS/APT/ONE_ACCORD/20260604T102050Z/olivia/dpkg_selections_olivia_20260528_195743.txt
2026-06-04T06:20:56.0000000000Z	3159	/mnt/h/AETHIEAOPSYS/APT/ONE_ACCORD/20260604T102050Z/aeusb/aeusb_apt_manifest_index_20260604T102050Z.txt
2026-06-04T06:20:56.0000000000Z	400	/mnt/h/AETHIEAOPSYS/APT/ONE_ACCORD/20260604T102050Z/olivia/olivia_manifest_sources_20260604T102050Z.txt
2026-06-04T06:20:56.0000000000Z	42679	/mnt/h/AETHIEAOPSYS/APT/ONE_ACCORD/20260604T102050Z/rubiii/dpkg_query_20260604T102050Z.tsv
2026-06-04T06:20:56.0000000000Z	4932	/mnt/h/AETHIEAOPSYS/APT/ONE_ACCORD/20260604T102050Z/aeusb/aeusb_apt_tree_20260604T102050Z.txt
2026-06-04T06:20:56.0000000000Z	74	/mnt/h/AETHIEAOPSYS/APT/ONE_ACCORD/20260604T102050Z/aexhd/aexhd_apt_file_index_20260604T102050Z.txt
2026-06-04T06:20:56.0000000000Z	79315	/mnt/h/AETHIEAOPSYS/APT/ONE_ACCORD/20260604T102050Z/olivia/apt_installed_olivia_20260528_195737.txt
2026-06-04T06:20:58.0000000000Z	1373	/mnt/h/AETHIEAOPSYS/APT/ONE_ACCORD/20260604T102050Z/rubiii/key_tool_presence_20260604T102050Z.txt
2026-06-04T06:20:58.0000000000Z	549	/mnt/h/AETHIEAOPSYS/APT/ONE_ACCORD/20260604T102050Z/_unified/ONE_ACCORD_SUMMARY_20260604T102050Z.txt
2026-06-04T06:34:32.3400000000Z	0	/mnt/h/AETHIEAOPSYS/GITLAB/repos/AETHIEAOPSYS/.aeth_root
2026-06-04T06:34:32.3700000000Z	0	/mnt/h/AETHIEAOPSYS/GITLAB/repos/AETHIEAOPSYS/AE320GB
2026-06-04T06:34:32.3800000000Z	0	/mnt/h/AETHIEAOPSYS/GITLAB/repos/AETHIEAOPSYS/AEUSB
2026-06-04T06:34:34.0000000000Z	1696	/mnt/h/AETHIEAOPSYS/GITLAB/repos/AETHIEAOPSYS/APT/manifests/apt_upgradable_olivia_20260528_195742.txt
2026-06-04T06:34:34.0000000000Z	291	/mnt/h/AETHIEAOPSYS/GITLAB/repos/AETHIEAOPSYS/APT/manifests/apt_manual_20260602T171242Z.txt
2026-06-04T06:34:34.0000000000Z	31069	/mnt/h/AETHIEAOPSYS/GITLAB/repos/AETHIEAOPSYS/APT/manifests/dpkg_selections_olivia_20260528_195743.txt
2026-06-04T06:34:34.0000000000Z	312	/mnt/h/AETHIEAOPSYS/GITLAB/repos/AETHIEAOPSYS/APT/SCRIPTS/umount-aeapt.sh
2026-06-04T06:34:34.0000000000Z	31203	/mnt/h/AETHIEAOPSYS/GITLAB/repos/AETHIEAOPSYS/APT/manifests/apt_installed_20260602T171240Z.tsv
2026-06-04T06:34:34.0000000000Z	31203	/mnt/h/AETHIEAOPSYS/GITLAB/repos/AETHIEAOPSYS/APT/manifests/rubiii_apt_installed_20260602T171601Z.tsv
2026-06-04T06:34:34.0000000000Z	36945	/mnt/h/AETHIEAOPSYS/GITLAB/repos/AETHIEAOPSYS/APT/manifests/rubiii_apt_installed_20260522T064635Z.txt
2026-06-04T06:34:34.0000000000Z	3726	/mnt/h/AETHIEAOPSYS/GITLAB/repos/AETHIEAOPSYS/.gitignore
2026-06-04T06:34:34.0000000000Z	510	/mnt/h/AETHIEAOPSYS/GITLAB/repos/AETHIEAOPSYS/APT/SCRIPTS/mount-aeapt.sh
2026-06-04T06:34:34.0000000000Z	79315	/mnt/h/AETHIEAOPSYS/GITLAB/repos/AETHIEAOPSYS/APT/manifests/apt_installed_olivia_20260528_195737.txt
2026-06-04T06:34:38.0000000000Z	31203	/mnt/h/AETHIEAOPSYS/GITLAB/repos/AETHIEAOPSYS/APT/manifests/rubiii_apt_installed_20260602T172159Z.tsv
2026-06-04T06:34:46.0000000000Z	31203	/mnt/h/AETHIEAOPSYS/GITLAB/repos/AETHIEAOPSYS/APT/manifests/rubiii_apt_installed_after_linux_libc_dev_20260602T172457Z.tsv
2026-06-04T06:34:50.0000000000Z	37061	/mnt/h/AETHIEAOPSYS/GITLAB/repos/AETHIEAOPSYS/APT/manifests/rubiii_apt_installed_after_upgrade_20260522T101157Z.txt
2026-06-04T06:34:54.0000000000Z	36971	/mnt/h/AETHIEAOPSYS/GITLAB/repos/AETHIEAOPSYS/APT/manifests/rubiii_apt_installed_postupdate_20260522T083057Z.txt
2026-06-04T06:34:56.0000000000Z	291	/mnt/h/AETHIEAOPSYS/GITLAB/repos/AETHIEAOPSYS/APT/manifests/rubiii_apt_manual_20260602T171601Z.txt
2026-06-04T06:34:58.0000000000Z	291	/mnt/h/AETHIEAOPSYS/GITLAB/repos/AETHIEAOPSYS/APT/manifests/rubiii_apt_manual_20260602T172159Z.txt
2026-06-04T06:35:00.0000000000Z	1022	/mnt/h/AETHIEAOPSYS/GITLAB/repos/AETHIEAOPSYS/APT/rebuild/rubiii_rebuild_baseline.sh
2026-06-04T06:35:00.0000000000Z	106	/mnt/h/AETHIEAOPSYS/GITLAB/repos/AETHIEAOPSYS/APT/sources/sources.list.d.olivia.20260528_195743/cloudflared.list
2026-06-04T06:35:00.0000000000Z	107	/mnt/h/AETHIEAOPSYS/GITLAB/repos/AETHIEAOPSYS/APT/sources/sources.list.d.olivia.20260528_195743/metasploit.list
2026-06-04T06:35:00.0000000000Z	11	/mnt/h/AETHIEAOPSYS/GITLAB/repos/AETHIEAOPSYS/APT/manifests/rubiii_upgradable_after_upgrade_20260522T101154Z.txt
2026-06-04T06:35:00.0000000000Z	112	/mnt/h/AETHIEAOPSYS/GITLAB/repos/AETHIEAOPSYS/APT/sources/sources.list.d.olivia.20260528_195743/hashicorp.list
2026-06-04T06:35:00.0000000000Z	14951	/mnt/h/AETHIEAOPSYS/GITLAB/repos/AETHIEAOPSYS/APT/manifests/rubiii_dpkg_manifest_20260522T064633Z.txt
2026-06-04T06:35:00.0000000000Z	14951	/mnt/h/AETHIEAOPSYS/GITLAB/repos/AETHIEAOPSYS/APT/manifests/rubiii_dpkg_manifest_20260522T075508Z.txt
2026-06-04T06:35:00.0000000000Z	14951	/mnt/h/AETHIEAOPSYS/GITLAB/repos/AETHIEAOPSYS/APT/manifests/rubiii_dpkg_manifest_after_upgrade_20260522T101155Z.txt
2026-06-04T06:35:00.0000000000Z	14951	/mnt/h/AETHIEAOPSYS/GITLAB/repos/AETHIEAOPSYS/APT/manifests/rubiii_dpkg_manifest_postupdate_20260522T083054Z.txt
2026-06-04T06:35:00.0000000000Z	195	/mnt/h/AETHIEAOPSYS/GITLAB/repos/AETHIEAOPSYS/APT/manifests/rubiii_manual_packages_20260522T064633Z.txt
2026-06-04T06:35:00.0000000000Z	195	/mnt/h/AETHIEAOPSYS/GITLAB/repos/AETHIEAOPSYS/APT/manifests/rubiii_manual_packages_20260522T075505Z.txt
2026-06-04T06:35:00.0000000000Z	195	/mnt/h/AETHIEAOPSYS/GITLAB/repos/AETHIEAOPSYS/APT/manifests/rubiii_manual_packages_after_upgrade_20260522T101155Z.txt
2026-06-04T06:35:00.0000000000Z	195	/mnt/h/AETHIEAOPSYS/GITLAB/repos/AETHIEAOPSYS/APT/manifests/rubiii_manual_packages_postupdate_20260522T083054Z.txt
2026-06-04T06:35:00.0000000000Z	214	/mnt/h/AETHIEAOPSYS/GITLAB/repos/AETHIEAOPSYS/APT/rebuild/install_hcloud_cli.sh
2026-06-04T06:35:00.0000000000Z	2552	/mnt/h/AETHIEAOPSYS/GITLAB/repos/AETHIEAOPSYS/APT/sources/sources.list.d.olivia.20260528_195743/ubuntu.sources
2026-06-04T06:35:00.0000000000Z	270	/mnt/h/AETHIEAOPSYS/GITLAB/repos/AETHIEAOPSYS/APT/sources/sources.list.olivia.20260528_195743
2026-06-04T06:35:00.0000000000Z	291	/mnt/h/AETHIEAOPSYS/GITLAB/repos/AETHIEAOPSYS/APT/manifests/rubiii_apt_manual_after_linux_libc_dev_20260602T172457Z.txt
2026-06-04T06:35:00.0000000000Z	336	/mnt/h/AETHIEAOPSYS/GITLAB/repos/AETHIEAOPSYS/APT/receipts/hcloud_cli_install_20260602T124203Z.md
2026-06-04T06:35:00.0000000000Z	381	/mnt/h/AETHIEAOPSYS/GITLAB/repos/AETHIEAOPSYS/APT/receipts/rubiii_apt_update_receipt_20260522T083112Z.json
2026-06-04T06:35:00.0000000000Z	411	/mnt/h/AETHIEAOPSYS/GITLAB/repos/AETHIEAOPSYS/APT/receipts/APT_AETHIEA128G_RECEIPT_20260528_195752.txt
2026-06-04T06:35:00.0000000000Z	448	/mnt/h/AETHIEAOPSYS/GITLAB/repos/AETHIEAOPSYS/APT/receipts/rubiii_rebuild_script_receipt_20260522T115508Z.json
2026-06-04T06:35:00.0000000000Z	539	/mnt/h/AETHIEAOPSYS/GITLAB/repos/AETHIEAOPSYS/APT/receipts/APT_AETHIEA128G_RECEIPT_20260528_195926.txt
2026-06-04T06:35:00.0000000000Z	721	/mnt/h/AETHIEAOPSYS/GITLAB/repos/AETHIEAOPSYS/APT/receipts/rubiii_apt_manifest_receipt_20260522T0646Z.json
2026-06-04T06:35:18.0000000000Z	424	/mnt/h/AETHIEAOPSYS/GITLAB/repos/AETHIEAOPSYS/CLOUD_CLONE/DATA/MEMORY/HOSTS/lolita.json
2026-06-04T06:35:20.0000000000Z	646	/mnt/h/AETHIEAOPSYS/GITLAB/repos/AETHIEAOPSYS/CLOUD_CLONE/DATA/MEMORY/HOSTS/olivia.json
2026-06-04T06:35:26.0000000000Z	1140	/mnt/h/AETHIEAOPSYS/GITLAB/repos/AETHIEAOPSYS/CLOUD_CLONE/DATA/MEMORY/ROUTES/dny5u5_routes.json
2026-06-04T06:35:26.0000000000Z	12426	/mnt/h/AETHIEAOPSYS/GITLAB/repos/AETHIEAOPSYS/CLOUD_CLONE/DATA/MEMORY/ROUTES/capability_registry.json
2026-06-04T06:35:26.0000000000Z	170	/mnt/h/AETHIEAOPSYS/GITLAB/repos/AETHIEAOPSYS/CLOUD_CLONE/DATA/MEMORY/SYSTEM/aethiea.json
2026-06-04T06:35:26.0000000000Z	1715	/mnt/h/AETHIEAOPSYS/GITLAB/repos/AETHIEAOPSYS/CLOUD_CLONE/DATA/MEMORY/ROUTES/usb_native_route.json
2026-06-04T06:35:26.0000000000Z	18	/mnt/h/AETHIEAOPSYS/GITLAB/repos/AETHIEAOPSYS/CLOUD_CLONE/DATA/MEMORY/NODES/nodes.json
2026-06-04T06:35:26.0000000000Z	381	/mnt/h/AETHIEAOPSYS/GITLAB/repos/AETHIEAOPSYS/CLOUD_CLONE/DATA/MEMORY/NODES/dny5u5.json
2026-06-04T06:35:26.0000000000Z	386	/mnt/h/AETHIEAOPSYS/GITLAB/repos/AETHIEAOPSYS/CLOUD_CLONE/DATA/MEMORY/ROUTES/plane_routes.json
2026-06-04T06:35:26.0000000000Z	396	/mnt/h/AETHIEAOPSYS/GITLAB/repos/AETHIEAOPSYS/CLOUD_CLONE/DATA/MEMORY/ROUTES/source_translation_map.json
2026-06-04T06:35:26.0000000000Z	443	/mnt/h/AETHIEAOPSYS/GITLAB/repos/AETHIEAOPSYS/CLOUD_CLONE/DATA/MEMORY/SYSTEM/dny5u5_systemwide_route.md
2026-06-04T06:35:26.0000000000Z	459	/mnt/h/AETHIEAOPSYS/GITLAB/repos/AETHIEAOPSYS/CLOUD_CLONE/DATA/MEMORY/ROUTES/aethernet_worker_route.json
2026-06-04T06:35:26.0000000000Z	487	/mnt/h/AETHIEAOPSYS/GITLAB/repos/AETHIEAOPSYS/CLOUD_CLONE/DATA/MEMORY/ROUTES/domain_gcr_execution_map.json
2026-06-04T06:35:26.0000000000Z	523	/mnt/h/AETHIEAOPSYS/GITLAB/repos/AETHIEAOPSYS/CLOUD_CLONE/DATA/MEMORY/SYSTEM/surface_topology.md
2026-06-04T06:35:26.0000000000Z	533	/mnt/h/AETHIEAOPSYS/GITLAB/repos/AETHIEAOPSYS/CLOUD_CLONE/DATA/MEMORY/ROUTES/layer_map.json
2026-06-04T06:35:26.0000000000Z	62	/mnt/h/AETHIEAOPSYS/GITLAB/repos/AETHIEAOPSYS/CLOUD_CLONE/DATA/MEMORY/ROUTES/routes.json
2026-06-04T06:35:26.0000000000Z	706	/mnt/h/AETHIEAOPSYS/GITLAB/repos/AETHIEAOPSYS/CLOUD_CLONE/DATA/MEMORY/SYSTEM/aethiea_lifecycle_0_16.json
2026-06-04T06:35:26.0000000000Z	713	/mnt/h/AETHIEAOPSYS/GITLAB/repos/AETHIEAOPSYS/CLOUD_CLONE/DATA/MEMORY/ROUTES/cloudflare_inventory.json
2026-06-04T06:35:26.0000000000Z	974	/mnt/h/AETHIEAOPSYS/GITLAB/repos/AETHIEAOPSYS/CLOUD_CLONE/DATA/MEMORY/ROUTES/universal_adapter_doctrine.json
2026-06-04T06:35:36.0000000000Z	231	/mnt/h/AETHIEAOPSYS/GITLAB/repos/AETHIEAOPSYS/CLOUD_CLONE/DOMAINS/FOR PROFIT/Any & Every Global LLC/BINDING.json
2026-06-04T06:35:40.0000000000Z	272	/mnt/h/AETHIEAOPSYS/GITLAB/repos/AETHIEAOPSYS/CLOUD_CLONE/DOMAINS/FOR PROFIT/Any & Every Global LLC/MAPPING.json
2026-06-04T06:35:46.0000000000Z	239	/mnt/h/AETHIEAOPSYS/GITLAB/repos/AETHIEAOPSYS/CLOUD_CLONE/DOMAINS/FOR PROFIT/Everyday Empress Worldwide LLC/BINDING.json
2026-06-04T06:35:48.0000000000Z	280	/mnt/h/AETHIEAOPSYS/GITLAB/repos/AETHIEAOPSYS/CLOUD_CLONE/DOMAINS/FOR PROFIT/Everyday Empress Worldwide LLC/MAPPING.json
2026-06-04T06:35:52.0000000000Z	1042	/mnt/h/AETHIEAOPSYS/GITLAB/repos/AETHIEAOPSYS/CLOUD_CLONE/DOMAINS/FOR PROFIT/MULTIMEDIA S-CORP/PIPELINE.sh
2026-06-04T06:35:52.0000000000Z	172	/mnt/h/AETHIEAOPSYS/GITLAB/repos/AETHIEAOPSYS/CLOUD_CLONE/DOMAINS/FOR PROFIT/MULTIMEDIA S-CORP/config.json
2026-06-04T06:35:52.0000000000Z	238	/mnt/h/AETHIEAOPSYS/GITLAB/repos/AETHIEAOPSYS/CLOUD_CLONE/DOMAINS/FOR PROFIT/Jutsu Boyzz LLC/MAPPING.json
2026-06-04T06:35:52.0000000000Z	273	/mnt/h/AETHIEAOPSYS/GITLAB/repos/AETHIEAOPSYS/CLOUD_CLONE/DOMAINS/FOR PROFIT/MULTIMEDIA S-CORP/MAPPING.json
2026-06-04T06:35:52.0000000000Z	413	/mnt/h/AETHIEAOPSYS/GITLAB/repos/AETHIEAOPSYS/CLOUD_CLONE/DOMAINS/FOR PROFIT/Jutsu Boyzz LLC/README.md
2026-06-04T06:35:52.0000000000Z	415	/mnt/h/AETHIEAOPSYS/GITLAB/repos/AETHIEAOPSYS/CLOUD_CLONE/DOMAINS/FOR PROFIT/MULTIMEDIA S-CORP/README.md
2026-06-04T06:35:52.0000000000Z	632	/mnt/h/AETHIEAOPSYS/GITLAB/repos/AETHIEAOPSYS/CLOUD_CLONE/DOMAINS/FOR PROFIT/MULTIMEDIA S-CORP/BINDING.json
2026-06-04T06:35:52.0000000000Z	642	/mnt/h/AETHIEAOPSYS/GITLAB/repos/AETHIEAOPSYS/CLOUD_CLONE/DOMAINS/FOR PROFIT/Jutsu Boyzz LLC/BINDING.json
2026-06-04T06:35:52.0000000000Z	700	/mnt/h/AETHIEAOPSYS/GITLAB/repos/AETHIEAOPSYS/CLOUD_CLONE/DOMAINS/FOR PROFIT/Jutsu Boyzz LLC/routes.json
2026-06-04T06:35:54.0000000000Z	210	/mnt/h/AETHIEAOPSYS/GITLAB/repos/AETHIEAOPSYS/CLOUD_CLONE/DOMAINS/FOR PROFIT/SLove 1of1 Solutions & Consultation LLC/MAPPING.json
2026-06-04T06:35:54.0000000000Z	225	/mnt/h/AETHIEAOPSYS/GITLAB/repos/AETHIEAOPSYS/CLOUD_CLONE/DOMAINS/FOR PROFIT/Moor Melanin LLC/BINDING.json
2026-06-04T06:35:54.0000000000Z	225	/mnt/h/AETHIEAOPSYS/GITLAB/repos/AETHIEAOPSYS/CLOUD_CLONE/DOMAINS/FOR PROFIT/Omega Omerta LLC/BINDING.json
2026-06-04T06:35:54.0000000000Z	233	/mnt/h/AETHIEAOPSYS/GITLAB/repos/AETHIEAOPSYS/CLOUD_CLONE/DOMAINS/FOR PROFIT/Start Small Move Big LLC/BINDING.json
2026-06-04T06:35:54.0000000000Z	266	/mnt/h/AETHIEAOPSYS/GITLAB/repos/AETHIEAOPSYS/CLOUD_CLONE/DOMAINS/FOR PROFIT/Moor Melanin LLC/MAPPING.json
2026-06-04T06:35:54.0000000000Z	266	/mnt/h/AETHIEAOPSYS/GITLAB/repos/AETHIEAOPSYS/CLOUD_CLONE/DOMAINS/FOR PROFIT/Omega Omerta LLC/MAPPING.json
2026-06-04T06:35:54.0000000000Z	274	/mnt/h/AETHIEAOPSYS/GITLAB/repos/AETHIEAOPSYS/CLOUD_CLONE/DOMAINS/FOR PROFIT/Start Small Move Big LLC/MAPPING.json
2026-06-04T06:35:54.0000000000Z	436	/mnt/h/AETHIEAOPSYS/GITLAB/repos/AETHIEAOPSYS/CLOUD_CLONE/DOMAINS/FOR PROFIT/SLove 1of1 Solutions & Consultation LLC/README.md
2026-06-04T06:35:54.0000000000Z	607	/mnt/h/AETHIEAOPSYS/GITLAB/repos/AETHIEAOPSYS/CLOUD_CLONE/DOMAINS/FOR PROFIT/MULTIMEDIA S-CORP/routes.json
2026-06-04T06:35:54.0000000000Z	697	/mnt/h/AETHIEAOPSYS/GITLAB/repos/AETHIEAOPSYS/CLOUD_CLONE/DOMAINS/FOR PROFIT/SLove 1of1 Solutions & Consultation LLC/BINDING.json
2026-06-04T06:35:54.0000000000Z	720	/mnt/h/AETHIEAOPSYS/GITLAB/repos/AETHIEAOPSYS/CLOUD_CLONE/DOMAINS/FOR PROFIT/SLove 1of1 Solutions & Consultation LLC/routes.json
2026-06-04T06:36:04.0000000000Z	649	/mnt/h/AETHIEAOPSYS/GITLAB/repos/AETHIEAOPSYS/CLOUD_CLONE/DOMAINS/FOR PROFIT/The Chrysalis State LLC/BINDING.json
2026-06-04T06:36:08.0000000000Z	282	/mnt/h/AETHIEAOPSYS/GITLAB/repos/AETHIEAOPSYS/CLOUD_CLONE/DOMAINS/FOR PROFIT/The Chrysalis State LLC/MAPPING.json
2026-06-04T06:36:10.0000000000Z	420	/mnt/h/AETHIEAOPSYS/GITLAB/repos/AETHIEAOPSYS/CLOUD_CLONE/DOMAINS/FOR PROFIT/The Chrysalis State LLC/README.md
2026-06-04T06:36:12.0000000000Z	704	/mnt/h/AETHIEAOPSYS/GITLAB/repos/AETHIEAOPSYS/CLOUD_CLONE/DOMAINS/FOR PROFIT/The Chrysalis State LLC/routes.json
2026-06-04T06:36:18.0000000000Z	119	/mnt/h/AETHIEAOPSYS/GITLAB/repos/AETHIEAOPSYS/CLOUD_CLONE/DOMAINS/FOR PROFIT/huggingface/BINDING.json
2026-06-04T06:36:20.0000000000Z	161	/mnt/h/AETHIEAOPSYS/GITLAB/repos/AETHIEAOPSYS/CLOUD_CLONE/DOMAINS/FOR PROFIT/huggingface/MAPPING.json
2026-06-04T06:36:20.0000000000Z	224	/mnt/h/AETHIEAOPSYS/GITLAB/repos/AETHIEAOPSYS/CLOUD_CLONE/DOMAINS/thematriculation.cc/aether/BINDING.json
2026-06-04T06:36:20.0000000000Z	236	/mnt/h/AETHIEAOPSYS/GITLAB/repos/AETHIEAOPSYS/CLOUD_CLONE/DOMAINS/PRIVATE/Private Express Ministry Trust/BINDING.json
2026-06-04T06:36:20.0000000000Z	244	/mnt/h/AETHIEAOPSYS/GITLAB/repos/AETHIEAOPSYS/CLOUD_CLONE/DOMAINS/NONPROFIT/The Church of Power & Poise/MAPPING.json
2026-06-04T06:36:20.0000000000Z	265	/mnt/h/AETHIEAOPSYS/GITLAB/repos/AETHIEAOPSYS/CLOUD_CLONE/DOMAINS/thematriculation.cc/aether/MAPPING.json
2026-06-04T06:36:20.0000000000Z	281	/mnt/h/AETHIEAOPSYS/GITLAB/repos/AETHIEAOPSYS/CLOUD_CLONE/DOMAINS/PRIVATE/Private Express Ministry Trust/MAPPING.json
2026-06-04T06:36:20.0000000000Z	305	/mnt/h/AETHIEAOPSYS/GITLAB/repos/AETHIEAOPSYS/CLOUD_CLONE/DOMAINS/thematriculation.cc/aether/PORTAL/index.html
2026-06-04T06:36:20.0000000000Z	413	/mnt/h/AETHIEAOPSYS/GITLAB/repos/AETHIEAOPSYS/CLOUD_CLONE/DOMAINS/thematriculation.cc/aether/PORTAL/README.md
2026-06-04T06:36:20.0000000000Z	420	/mnt/h/AETHIEAOPSYS/GITLAB/repos/AETHIEAOPSYS/CLOUD_CLONE/DOMAINS/NONPROFIT/The Church of Power & Poise/README.md
2026-06-04T06:36:20.0000000000Z	425	/mnt/h/AETHIEAOPSYS/GITLAB/repos/AETHIEAOPSYS/CLOUD_CLONE/DOMAINS/PRIVATE/Private Express Ministry Trust/README.md
2026-06-04T06:36:20.0000000000Z	639	/mnt/h/AETHIEAOPSYS/GITLAB/repos/AETHIEAOPSYS/CLOUD_CLONE/DOMAINS/thematriculation.cc/aether/PORTAL/routes.json
2026-06-04T06:36:20.0000000000Z	651	/mnt/h/AETHIEAOPSYS/GITLAB/repos/AETHIEAOPSYS/CLOUD_CLONE/DOMAINS/PRIVATE/Private Express Ministry Trust/routes.json
2026-06-04T06:36:20.0000000000Z	695	/mnt/h/AETHIEAOPSYS/GITLAB/repos/AETHIEAOPSYS/CLOUD_CLONE/DOMAINS/NONPROFIT/The Church of Power & Poise/BINDING.json
2026-06-04T06:36:20.0000000000Z	695	/mnt/h/AETHIEAOPSYS/GITLAB/repos/AETHIEAOPSYS/CLOUD_CLONE/DOMAINS/NONPROFIT/The Church of Power & Poise/routes.json
2026-06-04T06:36:44.0000000000Z	467	/mnt/h/AETHIEAOPSYS/GITLAB/repos/AETHIEAOPSYS/CLOUD_CLONE/EXECUTION/PIPELINES/CHRYSALIS/CONFIG/pipeline.json
2026-06-04T06:36:46.0000000000Z	2692	/mnt/h/AETHIEAOPSYS/GITLAB/repos/AETHIEAOPSYS/CLOUD_CLONE/EXECUTION/PIPELINES/CHURCH/run.sh
2026-06-04T06:36:46.0000000000Z	2719	/mnt/h/AETHIEAOPSYS/GITLAB/repos/AETHIEAOPSYS/CLOUD_CLONE/EXECUTION/PIPELINES/CHRYSALIS/run.sh
2026-06-04T06:36:46.0000000000Z	2728	/mnt/h/AETHIEAOPSYS/GITLAB/repos/AETHIEAOPSYS/CLOUD_CLONE/EXECUTION/PIPELINES/JUTSUBOYZZ/run.sh
2026-06-04T06:36:46.0000000000Z	451	/mnt/h/AETHIEAOPSYS/GITLAB/repos/AETHIEAOPSYS/CLOUD_CLONE/EXECUTION/PIPELINES/JUTSUBOYZZ/CONFIG/pipeline.json
2026-06-04T06:36:46.0000000000Z	481	/mnt/h/AETHIEAOPSYS/GITLAB/repos/AETHIEAOPSYS/CLOUD_CLONE/EXECUTION/PIPELINES/CHURCH/CONFIG/pipeline.json
2026-06-04T06:36:56.0000000000Z	446	/mnt/h/AETHIEAOPSYS/GITLAB/repos/AETHIEAOPSYS/CLOUD_CLONE/EXECUTION/PIPELINES/MULTIMEDIA/CONFIG/pipeline.json
2026-06-04T06:36:58.0000000000Z	1575	/mnt/h/AETHIEAOPSYS/GITLAB/repos/AETHIEAOPSYS/CLOUD_CLONE/EXECUTION/PIPELINES/MULTIMEDIA/binding.json
2026-06-04T06:37:02.0000000000Z	2960	/mnt/h/AETHIEAOPSYS/GITLAB/repos/AETHIEAOPSYS/CLOUD_CLONE/EXECUTION/PIPELINES/MULTIMEDIA/run.sh
2026-06-04T06:37:04.0000000000Z	194	/mnt/h/AETHIEAOPSYS/GITLAB/repos/AETHIEAOPSYS/CLOUD_CLONE/EXECUTION/PIPELINES/README.md
2026-06-04T06:37:12.0000000000Z	1086	/mnt/h/AETHIEAOPSYS/GITLAB/repos/AETHIEAOPSYS/CLOUD_CLONE/EXECUTION/REPORTS/latest_report.txt
2026-06-04T06:37:12.0000000000Z	180	/mnt/h/AETHIEAOPSYS/GITLAB/repos/AETHIEAOPSYS/CLOUD_CLONE/EXECUTION/PIPELINES/_HF/CONFIG/pipeline.json
2026-06-04T06:37:12.0000000000Z	2719	/mnt/h/AETHIEAOPSYS/GITLAB/repos/AETHIEAOPSYS/CLOUD_CLONE/EXECUTION/PIPELINES/SOLUTIONS/run.sh
2026-06-04T06:37:12.0000000000Z	3319	/mnt/h/AETHIEAOPSYS/GITLAB/repos/AETHIEAOPSYS/CLOUD_CLONE/EXECUTION/REPORTS/latest_report.json
2026-06-04T06:37:12.0000000000Z	390	/mnt/h/AETHIEAOPSYS/GITLAB/repos/AETHIEAOPSYS/CLOUD_CLONE/EXECUTION/PIPELINES/_HF/pull_model.sh
2026-06-04T06:37:12.0000000000Z	476	/mnt/h/AETHIEAOPSYS/GITLAB/repos/AETHIEAOPSYS/CLOUD_CLONE/EXECUTION/PIPELINES/SOLUTIONS/CONFIG/pipeline.json
2026-06-04T06:37:12.0000000000Z	565	/mnt/h/AETHIEAOPSYS/GITLAB/repos/AETHIEAOPSYS/CLOUD_CLONE/GCR/README.md
2026-06-04T06:37:12.0000000000Z	621	/mnt/h/AETHIEAOPSYS/GITLAB/repos/AETHIEAOPSYS/CLOUD_CLONE/EXECUTION/REPORTS/GUARD/2026-05-07T00-35-22Z_python3__m_json_tool_DATA_MEMORY_SYSTEM_aethiea_lifecycle_0.json
2026-06-04T06:37:12.0000000000Z	903	/mnt/h/AETHIEAOPSYS/GITLAB/repos/AETHIEAOPSYS/CLOUD_CLONE/EXECUTION/REPORTS/GUARD/2026-05-07T00-40-38Z_python3__m_json_tool_DATA_MEMORY_SYSTEM_aethiea_lifecycle_0.json
2026-06-04T06:37:12.0000000000Z	938	/mnt/h/AETHIEAOPSYS/GITLAB/repos/AETHIEAOPSYS/CLOUD_CLONE/EXECUTION/REPORTS/GUARD/2026-05-07T00-43-00Z_echo_SNAPSHOT_TEST.json
2026-06-04T06:37:12.0000000000Z	983	/mnt/h/AETHIEAOPSYS/GITLAB/repos/AETHIEAOPSYS/CLOUD_CLONE/EXECUTION/REPORTS/GUARD/2026-05-07T00-49-06Z_false.json
2026-06-04T06:37:24.0000000000Z	306	/mnt/h/AETHIEAOPSYS/GITLAB/repos/AETHIEAOPSYS/CLOUD_CLONE/LAYERS/AAE/MAPPING.json
2026-06-04T06:37:26.0000000000Z	271	/mnt/h/AETHIEAOPSYS/GITLAB/repos/AETHIEAOPSYS/CLOUD_CLONE/LAYERS/AAE/README.md
2026-06-04T06:37:36.0000000000Z	2918	/mnt/h/AETHIEAOPSYS/GITLAB/repos/AETHIEAOPSYS/CLOUD_CLONE/LAYERS/AE1OF1/HUD/dny5u5_hud.sh
2026-06-04T06:37:38.0000000000Z	286	/mnt/h/AETHIEAOPSYS/GITLAB/repos/AETHIEAOPSYS/CLOUD_CLONE/LAYERS/AENET/CAPABILITIES/n8n/policy.json
2026-06-04T06:37:38.0000000000Z	292	/mnt/h/AETHIEAOPSYS/GITLAB/repos/AETHIEAOPSYS/CLOUD_CLONE/LAYERS/AE1OF1/README.md
2026-06-04T06:37:38.0000000000Z	302	/mnt/h/AETHIEAOPSYS/GITLAB/repos/AETHIEAOPSYS/CLOUD_CLONE/LAYERS/AENET/CAPABILITIES/codex/policy.json
2026-06-04T06:37:38.0000000000Z	308	/mnt/h/AETHIEAOPSYS/GITLAB/repos/AETHIEAOPSYS/CLOUD_CLONE/LAYERS/AE1OF1/MAPPING.json
2026-06-04T06:37:38.0000000000Z	308	/mnt/h/AETHIEAOPSYS/GITLAB/repos/AETHIEAOPSYS/CLOUD_CLONE/LAYERS/AENET/CAPABILITIES/huggingface/policy.json
2026-06-04T06:37:38.0000000000Z	310	/mnt/h/AETHIEAOPSYS/GITLAB/repos/AETHIEAOPSYS/CLOUD_CLONE/LAYERS/AENET/CAPABILITIES/chatgpt/policy.json
2026-06-04T06:37:38.0000000000Z	430	/mnt/h/AETHIEAOPSYS/GITLAB/repos/AETHIEAOPSYS/CLOUD_CLONE/LAYERS/AENET/CAPABILITIES/n8n/route.json
2026-06-04T06:37:38.0000000000Z	446	/mnt/h/AETHIEAOPSYS/GITLAB/repos/AETHIEAOPSYS/CLOUD_CLONE/LAYERS/AENET/CAPABILITIES/codex/route.json
2026-06-04T06:37:38.0000000000Z	452	/mnt/h/AETHIEAOPSYS/GITLAB/repos/AETHIEAOPSYS/CLOUD_CLONE/LAYERS/AENET/CAPABILITIES/huggingface/route.json
2026-06-04T06:37:38.0000000000Z	454	/mnt/h/AETHIEAOPSYS/GITLAB/repos/AETHIEAOPSYS/CLOUD_CLONE/LAYERS/AENET/CAPABILITIES/chatgpt/route.json
2026-06-04T06:37:48.0000000000Z	288	/mnt/h/AETHIEAOPSYS/GITLAB/repos/AETHIEAOPSYS/CLOUD_CLONE/LAYERS/AENET/CAPABILITIES/ollama/policy.json
2026-06-04T06:37:52.0000000000Z	432	/mnt/h/AETHIEAOPSYS/GITLAB/repos/AETHIEAOPSYS/CLOUD_CLONE/LAYERS/AENET/CAPABILITIES/ollama/route.json
2026-06-04T06:37:58.0000000000Z	293	/mnt/h/AETHIEAOPSYS/GITLAB/repos/AETHIEAOPSYS/CLOUD_CLONE/LAYERS/AENET/CAPABILITIES/runway/policy.json
2026-06-04T06:38:00.0000000000Z	437	/mnt/h/AETHIEAOPSYS/GITLAB/repos/AETHIEAOPSYS/CLOUD_CLONE/LAYERS/AENET/CAPABILITIES/runway/route.json
2026-06-04T06:38:04.0000000000Z	130	/mnt/h/AETHIEAOPSYS/GITLAB/repos/AETHIEAOPSYS/CLOUD_CLONE/LAYERS/AENET/CLOUDFLARE/WORKERS/aethernet/wrangler.toml
2026-06-04T06:38:04.0000000000Z	2659	/mnt/h/AETHIEAOPSYS/GITLAB/repos/AETHIEAOPSYS/CLOUD_CLONE/LAYERS/AENET/CLOUDFLARE/WORKERS/aethernet/src/index.js
2026-06-04T06:38:04.0000000000Z	459	/mnt/h/AETHIEAOPSYS/GITLAB/repos/AETHIEAOPSYS/CLOUD_CLONE/LAYERS/AENET/CLOUDFLARE/WORKERS/aethernet/worker_route.json
2026-06-04T06:38:04.0000000000Z	713	/mnt/h/AETHIEAOPSYS/GITLAB/repos/AETHIEAOPSYS/CLOUD_CLONE/LAYERS/AENET/CLOUDFLARE/cloudflare_inventory.json
2026-06-04T06:38:04.0000000000Z	826	/mnt/h/AETHIEAOPSYS/GITLAB/repos/AETHIEAOPSYS/CLOUD_CLONE/LAYERS/AENET/CLOUDFLARE/TUNNELS/tunnel_registry.json
2026-06-04T06:38:06.0000000000Z	192	/mnt/h/AETHIEAOPSYS/GITLAB/repos/AETHIEAOPSYS/CLOUD_CLONE/LAYERS/AENET/EXTERNAL/huggingface.json
2026-06-04T06:38:06.0000000000Z	314	/mnt/h/AETHIEAOPSYS/GITLAB/repos/AETHIEAOPSYS/CLOUD_CLONE/LAYERS/AENET/MAPPING.json
2026-06-04T06:38:06.0000000000Z	350	/mnt/h/AETHIEAOPSYS/GITLAB/repos/AETHIEAOPSYS/CLOUD_CLONE/LAYERS/AENET/CONFIG/cloudflare_routes.json
2026-06-04T06:38:06.0000000000Z	70	/mnt/h/AETHIEAOPSYS/GITLAB/repos/AETHIEAOPSYS/CLOUD_CLONE/LAYERS/AENET/README.md
2026-06-04T06:38:06.0000000000Z	944	/mnt/h/AETHIEAOPSYS/GITLAB/repos/AETHIEAOPSYS/CLOUD_CLONE/LAYERS/AENET/CONFIG/transport_stack.json
2026-06-04T06:38:16.0000000000Z	134	/mnt/h/AETHIEAOPSYS/GITLAB/repos/AETHIEAOPSYS/CLOUD_CLONE/LAYERS/AENET/STATE/transport_state.json
2026-06-04T06:38:22.0000000000Z	302	/mnt/h/AETHIEAOPSYS/GITLAB/repos/AETHIEAOPSYS/CLOUD_CLONE/LAYERS/AETHER/MAPPING.json
2026-06-04T06:38:24.0000000000Z	281	/mnt/h/AETHIEAOPSYS/GITLAB/repos/AETHIEAOPSYS/CLOUD_CLONE/LAYERS/AETHER/README.md
2026-06-04T06:38:28.0000000000Z	506	/mnt/h/AETHIEAOPSYS/GITLAB/repos/AETHIEAOPSYS/CLOUD_CLONE/LAYERS/README.md
2026-06-04T06:38:30.0000000000Z	320	/mnt/h/AETHIEAOPSYS/GITLAB/repos/AETHIEAOPSYS/CLOUD_CLONE/LAYERS/UAER/MAPPING.json
2026-06-04T06:38:30.0000000000Z	322	/mnt/h/AETHIEAOPSYS/GITLAB/repos/AETHIEAOPSYS/CLOUD_CLONE/LAYERS/UAER/README.md
2026-06-04T06:38:32.0000000000Z	206	/mnt/h/AETHIEAOPSYS/GITLAB/repos/AETHIEAOPSYS/CLOUD_CLONE/MODS/B43-RU5/000/role.txt
2026-06-04T06:38:32.0000000000Z	488	/mnt/h/AETHIEAOPSYS/GITLAB/repos/AETHIEAOPSYS/CLOUD_CLONE/MODS/B43-RU5/002/role.txt
2026-06-04T06:38:32.0000000000Z	500	/mnt/h/AETHIEAOPSYS/GITLAB/repos/AETHIEAOPSYS/CLOUD_CLONE/MODS/B43-RU5/000/README.md
2026-06-04T06:38:32.0000000000Z	520	/mnt/h/AETHIEAOPSYS/GITLAB/repos/AETHIEAOPSYS/CLOUD_CLONE/MODS/B43-RU5/002/README.md
2026-06-04T06:38:32.0000000000Z	540	/mnt/h/AETHIEAOPSYS/GITLAB/repos/AETHIEAOPSYS/CLOUD_CLONE/MODS/B43-RU5/001/README.md
2026-06-04T06:38:32.0000000000Z	548	/mnt/h/AETHIEAOPSYS/GITLAB/repos/AETHIEAOPSYS/CLOUD_CLONE/MODS/B43-RU5/001/role.txt
2026-06-04T06:38:32.0000000000Z	554	/mnt/h/AETHIEAOPSYS/GITLAB/repos/AETHIEAOPSYS/CLOUD_CLONE/MODS/B43-RU5/001/rules.txt
2026-06-04T06:38:32.0000000000Z	557	/mnt/h/AETHIEAOPSYS/GITLAB/repos/AETHIEAOPSYS/CLOUD_CLONE/MODS/B43-RU5/002/rules.txt
2026-06-04T06:38:32.0000000000Z	593	/mnt/h/AETHIEAOPSYS/GITLAB/repos/AETHIEAOPSYS/CLOUD_CLONE/MODS/B43-RU5/000/rules.txt
2026-06-04T06:38:32.0000000000Z	829	/mnt/h/AETHIEAOPSYS/GITLAB/repos/AETHIEAOPSYS/CLOUD_CLONE/MODS/B43-RU5/000/config.json
2026-06-04T06:38:32.0000000000Z	876	/mnt/h/AETHIEAOPSYS/GITLAB/repos/AETHIEAOPSYS/CLOUD_CLONE/MODS/B43-RU5/002/config.json
2026-06-04T06:38:32.0000000000Z	893	/mnt/h/AETHIEAOPSYS/GITLAB/repos/AETHIEAOPSYS/CLOUD_CLONE/MODS/B43-RU5/001/config.json
2026-06-04T06:38:42.0000000000Z	510	/mnt/h/AETHIEAOPSYS/GITLAB/repos/AETHIEAOPSYS/CLOUD_CLONE/MODS/B43-RU5/003/README.md
2026-06-04T06:38:44.0000000000Z	955	/mnt/h/AETHIEAOPSYS/GITLAB/repos/AETHIEAOPSYS/CLOUD_CLONE/MODS/B43-RU5/003/config.json
2026-06-04T06:38:46.0000000000Z	546	/mnt/h/AETHIEAOPSYS/GITLAB/repos/AETHIEAOPSYS/CLOUD_CLONE/MODS/B43-RU5/003/role.txt
2026-06-04T06:38:50.0000000000Z	534	/mnt/h/AETHIEAOPSYS/GITLAB/repos/AETHIEAOPSYS/CLOUD_CLONE/MODS/B43-RU5/003/rules.txt
2026-06-04T06:38:56.0000000000Z	487	/mnt/h/AETHIEAOPSYS/GITLAB/repos/AETHIEAOPSYS/CLOUD_CLONE/MODS/B43-RU5/004/README.md
2026-06-04T06:38:58.0000000000Z	1023	/mnt/h/AETHIEAOPSYS/GITLAB/repos/AETHIEAOPSYS/CLOUD_CLONE/MODS/B43-RU5/008/config.json
2026-06-04T06:38:58.0000000000Z	434	/mnt/h/AETHIEAOPSYS/GITLAB/repos/AETHIEAOPSYS/CLOUD_CLONE/MODS/B43-RU5/007/role.txt
2026-06-04T06:38:58.0000000000Z	459	/mnt/h/AETHIEAOPSYS/GITLAB/repos/AETHIEAOPSYS/CLOUD_CLONE/MODS/B43-RU5/004/rules.txt
2026-06-04T06:38:58.0000000000Z	467	/mnt/h/AETHIEAOPSYS/GITLAB/repos/AETHIEAOPSYS/CLOUD_CLONE/MODS/B43-RU5/009/rules.txt
2026-06-04T06:38:58.0000000000Z	478	/mnt/h/AETHIEAOPSYS/GITLAB/repos/AETHIEAOPSYS/CLOUD_CLONE/MODS/B43-RU5/009/README.md
2026-06-04T06:38:58.0000000000Z	484	/mnt/h/AETHIEAOPSYS/GITLAB/repos/AETHIEAOPSYS/CLOUD_CLONE/MODS/B43-RU5/007/rules.txt
2026-06-04T06:38:58.0000000000Z	489	/mnt/h/AETHIEAOPSYS/GITLAB/repos/AETHIEAOPSYS/CLOUD_CLONE/MODS/B43-RU5/007/README.md
2026-06-04T06:38:58.0000000000Z	500	/mnt/h/AETHIEAOPSYS/GITLAB/repos/AETHIEAOPSYS/CLOUD_CLONE/MODS/B43-RU5/005/rules.txt
2026-06-04T06:38:58.0000000000Z	501	/mnt/h/AETHIEAOPSYS/GITLAB/repos/AETHIEAOPSYS/CLOUD_CLONE/MODS/B43-RU5/005/README.md
2026-06-04T06:38:58.0000000000Z	501	/mnt/h/AETHIEAOPSYS/GITLAB/repos/AETHIEAOPSYS/CLOUD_CLONE/MODS/B43-RU5/008/rules.txt
2026-06-04T06:38:58.0000000000Z	512	/mnt/h/AETHIEAOPSYS/GITLAB/repos/AETHIEAOPSYS/CLOUD_CLONE/MODS/B43-RU5/005/role.txt
2026-06-04T06:38:58.0000000000Z	514	/mnt/h/AETHIEAOPSYS/GITLAB/repos/AETHIEAOPSYS/CLOUD_CLONE/MODS/B43-RU5/006/README.md
2026-06-04T06:38:58.0000000000Z	517	/mnt/h/AETHIEAOPSYS/GITLAB/repos/AETHIEAOPSYS/CLOUD_CLONE/MODS/B43-RU5/008/README.md
2026-06-04T06:38:58.0000000000Z	523	/mnt/h/AETHIEAOPSYS/GITLAB/repos/AETHIEAOPSYS/CLOUD_CLONE/MODS/B43-RU5/006/role.txt
2026-06-04T06:38:58.0000000000Z	528	/mnt/h/AETHIEAOPSYS/GITLAB/repos/AETHIEAOPSYS/CLOUD_CLONE/MODS/B43-RU5/004/role.txt
2026-06-04T06:38:58.0000000000Z	534	/mnt/h/AETHIEAOPSYS/GITLAB/repos/AETHIEAOPSYS/CLOUD_CLONE/MODS/B43-RU5/009/role.txt
2026-06-04T06:38:58.0000000000Z	549	/mnt/h/AETHIEAOPSYS/GITLAB/repos/AETHIEAOPSYS/CLOUD_CLONE/MODS/B43-RU5/006/rules.txt
2026-06-04T06:38:58.0000000000Z	559	/mnt/h/AETHIEAOPSYS/GITLAB/repos/AETHIEAOPSYS/CLOUD_CLONE/MODS/B43-RU5/008/role.txt
2026-06-04T06:38:58.0000000000Z	561	/mnt/h/AETHIEAOPSYS/GITLAB/repos/AETHIEAOPSYS/CLOUD_CLONE/MODS/B43-RU5/010/README.md
2026-06-04T06:38:58.0000000000Z	906	/mnt/h/AETHIEAOPSYS/GITLAB/repos/AETHIEAOPSYS/CLOUD_CLONE/MODS/B43-RU5/007/config.json
2026-06-04T06:38:58.0000000000Z	982	/mnt/h/AETHIEAOPSYS/GITLAB/repos/AETHIEAOPSYS/CLOUD_CLONE/MODS/B43-RU5/009/config.json
2026-06-04T06:38:58.0000000000Z	985	/mnt/h/AETHIEAOPSYS/GITLAB/repos/AETHIEAOPSYS/CLOUD_CLONE/MODS/B43-RU5/010/config.json
2026-06-04T06:38:58.0000000000Z	992	/mnt/h/AETHIEAOPSYS/GITLAB/repos/AETHIEAOPSYS/CLOUD_CLONE/MODS/B43-RU5/005/config.json
2026-06-04T06:38:58.0000000000Z	993	/mnt/h/AETHIEAOPSYS/GITLAB/repos/AETHIEAOPSYS/CLOUD_CLONE/MODS/B43-RU5/006/config.json
2026-06-04T06:38:58.0000000000Z	997	/mnt/h/AETHIEAOPSYS/GITLAB/repos/AETHIEAOPSYS/CLOUD_CLONE/MODS/B43-RU5/004/config.json
2026-06-04T06:39:08.0000000000Z	548	/mnt/h/AETHIEAOPSYS/GITLAB/repos/AETHIEAOPSYS/CLOUD_CLONE/MODS/B43-RU5/010/role.txt
2026-06-04T06:39:10.0000000000Z	450	/mnt/h/AETHIEAOPSYS/GITLAB/repos/AETHIEAOPSYS/CLOUD_CLONE/MODS/B43-RU5/010/rules.txt
2026-06-04T06:39:18.0000000000Z	448	/mnt/h/AETHIEAOPSYS/GITLAB/repos/AETHIEAOPSYS/CLOUD_CLONE/MODS/B43-RU5/011/README.md
2026-06-04T06:39:20.0000000000Z	983	/mnt/h/AETHIEAOPSYS/GITLAB/repos/AETHIEAOPSYS/CLOUD_CLONE/MODS/B43-RU5/011/config.json
2026-06-04T06:39:22.0000000000Z	463	/mnt/h/AETHIEAOPSYS/GITLAB/repos/AETHIEAOPSYS/CLOUD_CLONE/MODS/B43-RU5/011/role.txt
2026-06-04T06:39:24.0000000000Z	1015	/mnt/h/AETHIEAOPSYS/GITLAB/repos/AETHIEAOPSYS/CLOUD_CLONE/MODS/B43-RU5/013/config.json
2026-06-04T06:39:24.0000000000Z	1023	/mnt/h/AETHIEAOPSYS/GITLAB/repos/AETHIEAOPSYS/CLOUD_CLONE/MODS/B43-RU5/015/config.json
2026-06-04T06:39:24.0000000000Z	1037	/mnt/h/AETHIEAOPSYS/GITLAB/repos/AETHIEAOPSYS/CLOUD_CLONE/MODS/B43-RU5/012/config.json
2026-06-04T06:39:24.0000000000Z	1046	/mnt/h/AETHIEAOPSYS/GITLAB/repos/AETHIEAOPSYS/CLOUD_CLONE/MODS/B43-RU5/014/config.json
2026-06-04T06:39:24.0000000000Z	467	/mnt/h/AETHIEAOPSYS/GITLAB/repos/AETHIEAOPSYS/CLOUD_CLONE/MODS/B43-RU5/016/rules.txt
2026-06-04T06:39:24.0000000000Z	476	/mnt/h/AETHIEAOPSYS/GITLAB/repos/AETHIEAOPSYS/CLOUD_CLONE/MODS/B43-RU5/011/rules.txt
2026-06-04T06:39:24.0000000000Z	480	/mnt/h/AETHIEAOPSYS/GITLAB/repos/AETHIEAOPSYS/CLOUD_CLONE/MODS/B43-RU5/015/README.md
2026-06-04T06:39:24.0000000000Z	483	/mnt/h/AETHIEAOPSYS/GITLAB/repos/AETHIEAOPSYS/CLOUD_CLONE/MODS/B43-RU5/012/rules.txt
2026-06-04T06:39:24.0000000000Z	484	/mnt/h/AETHIEAOPSYS/GITLAB/repos/AETHIEAOPSYS/CLOUD_CLONE/MODS/B43-RU5/015/rules.txt
2026-06-04T06:39:24.0000000000Z	520	/mnt/h/AETHIEAOPSYS/GITLAB/repos/AETHIEAOPSYS/CLOUD_CLONE/MODS/B43-RU5/013/rules.txt
2026-06-04T06:39:24.0000000000Z	526	/mnt/h/AETHIEAOPSYS/GITLAB/repos/AETHIEAOPSYS/CLOUD_CLONE/MODS/B43-RU5/016/role.txt
2026-06-04T06:39:24.0000000000Z	530	/mnt/h/AETHIEAOPSYS/GITLAB/repos/AETHIEAOPSYS/CLOUD_CLONE/MODS/B43-RU5/015/role.txt
2026-06-04T06:39:24.0000000000Z	536	/mnt/h/AETHIEAOPSYS/GITLAB/repos/AETHIEAOPSYS/CLOUD_CLONE/MODS/B43-RU5/014/rules.txt
2026-06-04T06:39:24.0000000000Z	540	/mnt/h/AETHIEAOPSYS/GITLAB/repos/AETHIEAOPSYS/CLOUD_CLONE/MODS/B43-RU5/016/README.md
2026-06-04T06:39:24.0000000000Z	549	/mnt/h/AETHIEAOPSYS/GITLAB/repos/AETHIEAOPSYS/CLOUD_CLONE/MODS/B43-RU5/012/README.md
2026-06-04T06:39:24.0000000000Z	553	/mnt/h/AETHIEAOPSYS/GITLAB/repos/AETHIEAOPSYS/CLOUD_CLONE/MODS/B43-RU5/013/README.md
2026-06-04T06:39:24.0000000000Z	554	/mnt/h/AETHIEAOPSYS/GITLAB/repos/AETHIEAOPSYS/CLOUD_CLONE/MODS/B43-RU5/014/README.md
2026-06-04T06:39:24.0000000000Z	564	/mnt/h/AETHIEAOPSYS/GITLAB/repos/AETHIEAOPSYS/CLOUD_CLONE/MODS/B43-RU5/012/role.txt
2026-06-04T06:39:24.0000000000Z	585	/mnt/h/AETHIEAOPSYS/GITLAB/repos/AETHIEAOPSYS/CLOUD_CLONE/MODS/B43-RU5/014/role.txt
2026-06-04T06:39:24.0000000000Z	604	/mnt/h/AETHIEAOPSYS/GITLAB/repos/AETHIEAOPSYS/CLOUD_CLONE/MODS/B43-RU5/013/role.txt
2026-06-04T06:39:24.0000000000Z	956	/mnt/h/AETHIEAOPSYS/GITLAB/repos/AETHIEAOPSYS/CLOUD_CLONE/MODS/B43-RU5/016/config.json
2026-06-04T06:39:38.0000000000Z	268	/mnt/h/AETHIEAOPSYS/GITLAB/repos/AETHIEAOPSYS/CLOUD_CLONE/MODS/P47H30N/LINKS/links.json
2026-06-04T06:39:50.0000000000Z	165	/mnt/h/AETHIEAOPSYS/GITLAB/repos/AETHIEAOPSYS/CLOUD_CLONE/MODS/P47H30N/NODES/DNY-5U5/DOCTRINE/controlled_visibility.md
2026-06-04T06:39:50.0000000000Z	170	/mnt/h/AETHIEAOPSYS/GITLAB/repos/AETHIEAOPSYS/CLOUD_CLONE/MODS/P47H30N/NODES/DNY-5U5/DOCTRINE/continuity_through_motion.md
2026-06-04T06:39:50.0000000000Z	233	/mnt/h/AETHIEAOPSYS/GITLAB/repos/AETHIEAOPSYS/CLOUD_CLONE/MODS/P47H30N/NODES/DNY-5U5/DOCTRINE/chaos_is_terrain.md
2026-06-04T06:39:52.0000000000Z	1013	/mnt/h/AETHIEAOPSYS/GITLAB/repos/AETHIEAOPSYS/CLOUD_CLONE/MODS/P47H30N/NODES/DNY-5U5/PROFILE/operator_profile.json
2026-06-04T06:39:52.0000000000Z	137	/mnt/h/AETHIEAOPSYS/GITLAB/repos/AETHIEAOPSYS/CLOUD_CLONE/MODS/P47H30N/NODES/DNY-5U5/HUD/render_state.txt
2026-06-04T06:39:52.0000000000Z	149	/mnt/h/AETHIEAOPSYS/GITLAB/repos/AETHIEAOPSYS/CLOUD_CLONE/MODS/P47H30N/NODES/DNY-5U5/README.md
2026-06-04T06:39:52.0000000000Z	227	/mnt/h/AETHIEAOPSYS/GITLAB/repos/AETHIEAOPSYS/CLOUD_CLONE/MODS/P47H30N/NODES/DNY-5U5/INTERFACE/monocle/README.md
2026-06-04T06:39:52.0000000000Z	312	/mnt/h/AETHIEAOPSYS/GITLAB/repos/AETHIEAOPSYS/CLOUD_CLONE/MODS/P47H30N/NODES/DNY-5U5/INTERFACE/one_eye_rabbit/README.md
2026-06-04T06:39:52.0000000000Z	481	/mnt/h/AETHIEAOPSYS/GITLAB/repos/AETHIEAOPSYS/CLOUD_CLONE/MODS/P47H30N/NODES/DNY-5U5/PROFILE/one_eye_rabbit.md
2026-06-04T06:39:52.0000000000Z	615	/mnt/h/AETHIEAOPSYS/GITLAB/repos/AETHIEAOPSYS/CLOUD_CLONE/MODS/P47H30N/NODES/DNY-5U5/PROFILE/dionysus.md
2026-06-04T06:40:06.0000000000Z	143	/mnt/h/AETHIEAOPSYS/GITLAB/repos/AETHIEAOPSYS/CLOUD_CLONE/MODS/P47H30N/NODES/DNY-5U5/ROUTES/continuity/state_machine.txt
2026-06-04T06:40:12.0000000000Z	719	/mnt/h/AETHIEAOPSYS/GITLAB/repos/AETHIEAOPSYS/CLOUD_CLONE/MODS/P47H30N/NODES/DNY-5U5/ROUTES/pov/map.json
2026-06-04T06:40:18.0000000000Z	103	/mnt/h/AETHIEAOPSYS/GITLAB/repos/AETHIEAOPSYS/CLOUD_CLONE/MODS/P47H30N/NODES/DNY-5U5/ROUTES/signal/flow.txt
2026-06-04T06:40:18.0000000000Z	118	/mnt/h/AETHIEAOPSYS/GITLAB/repos/AETHIEAOPSYS/CLOUD_CLONE/MODS/P47H30N/NODES/DNY-5U5/SYMBOLS/compression/dionysus.txt
2026-06-04T06:40:18.0000000000Z	141	/mnt/h/AETHIEAOPSYS/GITLAB/repos/AETHIEAOPSYS/CLOUD_CLONE/MODS/P47H30N/NODES/DNY-5U5/route.json
2026-06-04T06:40:18.0000000000Z	144	/mnt/h/AETHIEAOPSYS/GITLAB/repos/AETHIEAOPSYS/CLOUD_CLONE/MODS/P47H30N/NODES/DNY-5U5/SYMBOLS/compression/one_eye_rabbit.txt
2026-06-04T06:40:18.0000000000Z	169	/mnt/h/AETHIEAOPSYS/GITLAB/repos/AETHIEAOPSYS/CLOUD_CLONE/MODS/P47H30N/NODES/DNY-5U5/role.txt
2026-06-04T06:40:18.0000000000Z	170	/mnt/h/AETHIEAOPSYS/GITLAB/repos/AETHIEAOPSYS/CLOUD_CLONE/MODS/P47H30N/STATE/state.json
2026-06-04T06:40:18.0000000000Z	203	/mnt/h/AETHIEAOPSYS/GITLAB/repos/AETHIEAOPSYS/CLOUD_CLONE/MODS/P47H30N/NODES/DNY-5U5/rules.txt
2026-06-04T06:40:18.0000000000Z	238	/mnt/h/AETHIEAOPSYS/GITLAB/repos/AETHIEAOPSYS/CLOUD_CLONE/MODS/P47H30N/README.md
2026-06-04T06:40:18.0000000000Z	250	/mnt/h/AETHIEAOPSYS/GITLAB/repos/AETHIEAOPSYS/CLOUD_CLONE/MODS/P47H30N/NODES/DNY-5U5/STATE/current.json
2026-06-04T06:40:18.0000000000Z	259	/mnt/h/AETHIEAOPSYS/GITLAB/repos/AETHIEAOPSYS/CLOUD_CLONE/MODS/P47H30N/NODES/DNY-5U5/config.json
2026-06-04T06:40:18.0000000000Z	318	/mnt/h/AETHIEAOPSYS/GITLAB/repos/AETHIEAOPSYS/CLOUD_CLONE/TOOLIO/AE
2026-06-04T06:40:32.0000000000Z	320	/mnt/h/AETHIEAOPSYS/GITLAB/repos/AETHIEAOPSYS/CLOUD_CLONE/TOOLIO/CAPABILITIES/chatgpt/README.md
2026-06-04T06:40:40.0000000000Z	316	/mnt/h/AETHIEAOPSYS/GITLAB/repos/AETHIEAOPSYS/CLOUD_CLONE/TOOLIO/CAPABILITIES/codex/README.md
2026-06-04T06:40:44.0000000000Z	1017	/mnt/h/AETHIEAOPSYS/GITLAB/repos/AETHIEAOPSYS/CLOUD_CLONE/TOOLIO/aeth-status
2026-06-04T06:40:44.0000000000Z	299	/mnt/h/AETHIEAOPSYS/GITLAB/repos/AETHIEAOPSYS/CLOUD_CLONE/TOOLIO/CAPABILITIES/ollama/README.md
2026-06-04T06:40:44.0000000000Z	301	/mnt/h/AETHIEAOPSYS/GITLAB/repos/AETHIEAOPSYS/CLOUD_CLONE/TOOLIO/CAPABILITIES/n8n/README.md
2026-06-04T06:40:44.0000000000Z	314	/mnt/h/AETHIEAOPSYS/GITLAB/repos/AETHIEAOPSYS/CLOUD_CLONE/TOOLIO/CAPABILITIES/runway/README.md
2026-06-04T06:40:44.0000000000Z	322	/mnt/h/AETHIEAOPSYS/GITLAB/repos/AETHIEAOPSYS/CLOUD_CLONE/TOOLIO/CAPABILITIES/huggingface/README.md
2026-06-04T06:40:44.0000000000Z	3297	/mnt/h/AETHIEAOPSYS/GITLAB/repos/AETHIEAOPSYS/CLOUD_CLONE/TOOLIO/aeth_cloud_clone.py
2026-06-04T06:40:44.0000000000Z	395	/mnt/h/AETHIEAOPSYS/GITLAB/repos/AETHIEAOPSYS/CLOUD_CLONE/TOOLIO/aeth-down
2026-06-04T06:40:44.0000000000Z	424	/mnt/h/AETHIEAOPSYS/GITLAB/repos/AETHIEAOPSYS/CLOUD_CLONE/TOOLIO/aeth.before_rubiii_root_patch_20260521T110604Z
2026-06-04T06:40:44.0000000000Z	436	/mnt/h/AETHIEAOPSYS/GITLAB/repos/AETHIEAOPSYS/CLOUD_CLONE/TOOLIO/aeth.before_inline_patch_20260521T110823Z
2026-06-04T06:40:44.0000000000Z	6333	/mnt/h/AETHIEAOPSYS/GITLAB/repos/AETHIEAOPSYS/CLOUD_CLONE/TOOLIO/aeth_buildout_next10.py
2026-06-04T06:40:44.0000000000Z	665	/mnt/h/AETHIEAOPSYS/GITLAB/repos/AETHIEAOPSYS/CLOUD_CLONE/TOOLIO/aeth
2026-06-04T06:40:44.0000000000Z	703	/mnt/h/AETHIEAOPSYS/GITLAB/repos/AETHIEAOPSYS/CLOUD_CLONE/TOOLIO/aeth-runtime
2026-06-04T06:40:44.0000000000Z	71	/mnt/h/AETHIEAOPSYS/GITLAB/repos/AETHIEAOPSYS/CLOUD_CLONE/TOOLIO/aeth_cloud_clone
2026-06-04T06:40:44.0000000000Z	8237	/mnt/h/AETHIEAOPSYS/GITLAB/repos/AETHIEAOPSYS/CLOUD_CLONE/TOOLIO/aeth_authority_switch.py
2026-06-04T06:40:44.0000000000Z	836	/mnt/h/AETHIEAOPSYS/GITLAB/repos/AETHIEAOPSYS/CLOUD_CLONE/TOOLIO/RECEIPTS/cloudflared_aeusb_receipt_20260522T082114Z.json
2026-06-04T06:40:44.0000000000Z	837	/mnt/h/AETHIEAOPSYS/GITLAB/repos/AETHIEAOPSYS/CLOUD_CLONE/TOOLIO/aeth-up
2026-06-04T06:40:44.0000000000Z	894	/mnt/h/AETHIEAOPSYS/GITLAB/repos/AETHIEAOPSYS/CLOUD_CLONE/TOOLIO/aenet-door
2026-06-04T06:40:44.0000000000Z	920	/mnt/h/AETHIEAOPSYS/GITLAB/repos/AETHIEAOPSYS/CLOUD_CLONE/TOOLIO/aeth_ask
2026-06-04T06:40:44.0000000000Z	948	/mnt/h/AETHIEAOPSYS/GITLAB/repos/AETHIEAOPSYS/CLOUD_CLONE/TOOLIO/aeth_diff.py
2026-06-04T06:40:46.0000000000Z	270	/mnt/h/AETHIEAOPSYS/GITLAB/repos/AETHIEAOPSYS/CLOUD_CLONE/TOOLIO/aeth_repair_services.py
2026-06-04T06:40:46.0000000000Z	5598	/mnt/h/AETHIEAOPSYS/GITLAB/repos/AETHIEAOPSYS/CLOUD_CLONE/TOOLIO/aeth_guard.py
2026-06-04T06:40:46.0000000000Z	65	/mnt/h/AETHIEAOPSYS/GITLAB/repos/AETHIEAOPSYS/CLOUD_CLONE/TOOLIO/aeth_guard
2026-06-04T06:40:46.0000000000Z	819	/mnt/h/AETHIEAOPSYS/GITLAB/repos/AETHIEAOPSYS/CLOUD_CLONE/TOOLIO/aeth_run_pipeline.py
2026-06-04T06:40:46.0000000000Z	893	/mnt/h/AETHIEAOPSYS/GITLAB/repos/AETHIEAOPSYS/CLOUD_CLONE/TOOLIO/aeth_rebind.py
2026-06-04T06:40:56.0000000000Z	967	/mnt/h/AETHIEAOPSYS/GITLAB/repos/AETHIEAOPSYS/CLOUD_CLONE/TOOLIO/aeth_verify_stack.py
2026-06-04T06:41:02.0000000000Z	578	/mnt/h/AETHIEAOPSYS/GITLAB/repos/AETHIEAOPSYS/CLOUD_CLONE/TOOLIO/bin/aeusb
2026-06-04T06:41:04.0000000000Z	2219	/mnt/h/AETHIEAOPSYS/GITLAB/repos/AETHIEAOPSYS/CLOUD_CLONE/TOOLIO/bin/aeusb-route-check
2026-06-04T06:41:06.0000000000Z	1793	/mnt/h/AETHIEAOPSYS/GITLAB/repos/AETHIEAOPSYS/CLOUD_CLONE/TOOLIO/bin/cloudflare-ae
2026-06-04T06:50:46.0000000000Z	36519936	/mnt/h/AETHIEAOPSYS/GITLAB/repos/AETHIEAOPSYS/CLOUD_CLONE/TOOLIO/bin/cloudflared
2026-06-04T06:51:48.0000000000Z	2682	/mnt/h/AETHIEAOPSYS/LOGS/BOOT/portable_wake_20260604.log
2026-06-05T11:31:44.0000000000Z	1573	/mnt/h/AETHIEAOPSYS/ENV/RUNTIME/npm-cache/_logs/2026-06-05T15_31_42_174Z-debug-0.log
2026-06-05T11:31:56.0000000000Z	1532	/mnt/h/AETHIEAOPSYS/LOGS/cloudflare/edge_binding_audit_2026-06-05T15-31-20Z.log
2026-06-05T11:32:44.0000000000Z	1573	/mnt/h/AETHIEAOPSYS/ENV/RUNTIME/npm-cache/_logs/2026-06-05T15_32_42_744Z-debug-0.log
2026-06-05T11:34:24.0000000000Z	123928	/mnt/h/AETHIEAOPSYS/LOGS/cloudflare/edge_binding_audit_2026-06-05T15-32-15Z.log
2026-06-05T11:39:24.0000000000Z	1203	/mnt/h/AETHIEAOPSYS/DATA/MEMORY/ANCHORS/2026-06-05T15-39-23Z_safe_aeflare_summary.txt
2026-06-05T11:39:24.0000000000Z	1203	/mnt/h/AETHIEAOPSYS/LOGS/cloudflare/safe_edge_summary_2026-06-05T15-39-23Z.txt
2026-06-05T11:42:08.0000000000Z	171	/mnt/h/AETHIEAOPSYS/LOGS/cloudflared/config_before_aethernet_local_2026-06-05T15-42-07Z.yml
2026-06-05T11:46:08.0000000000Z	6980	/mnt/h/AETHIEAOPSYS/DATA/MEMORY/ANCHORS/2026-06-05T15-45-49Z_pre_program_continuity_check.txt
2026-06-05T11:46:08.0000000000Z	6980	/mnt/h/AETHIEAOPSYS/LOGS/continuity/pre_program_continuity_check_2026-06-05T15-45-49Z.txt
2026-06-05T11:47:36.0000000000Z	2462	/mnt/h/AETHIEAOPSYS/DATA/MEMORY/ANCHORS/2026-06-05T15-47-28Z_ssh_aecloud_tight_check.txt
2026-06-05T11:47:36.0000000000Z	2462	/mnt/h/AETHIEAOPSYS/LOGS/aecloud/ssh_aecloud_tight_check_2026-06-05T15-47-28Z.txt
2026-06-05T11:48:54.0000000000Z	1081	/mnt/h/AETHIEAOPSYS/DATA/MEMORY/ROUTES/2026-06-05T15-48-52Z_ssh_aecloud_status.json
2026-06-05T11:54:54.0000000000Z	1284	/mnt/h/AETHIEAOPSYS/LOGS/README.md
2026-06-05T11:55:12.0000000000Z	1057	/mnt/h/AETHIEAOPSYS/DATA/MEMORY/ROUTES/2026-06-05T15-55-10Z_logs_consolidation_refined_lock.json
2026-06-06T02:08:54.0000000000Z	471	/mnt/h/AETHIEAOPSYS/DATA/MEMORY/ANCHORS/2026-06-06T06-08-52Z_anomaly_there_inspection.txt
2026-06-06T02:08:54.0000000000Z	471	/mnt/h/AETHIEAOPSYS/LOGS/continuity/anomaly_there_inspection_2026-06-06T06-08-52Z.txt
2026-06-06T02:12:16.0000000000Z	613	/mnt/h/AETHIEAOPSYS/DATA/MEMORY/ANCHORS/2026-06-06T06-12-14Z_there_anomaly_classification.json
2026-06-06T02:12:16.0000000000Z	613	/mnt/h/AETHIEAOPSYS/DATA/MEMORY/ROUTES/2026-06-06T06-12-14Z_there_anomaly_classification.json
2026-06-06T02:15:06.0000000000Z	1965	/mnt/h/AETHIEAOPSYS/DATA/MEMORY/ANCHORS/2026-06-06T06-14-27Z_zero_byte_file_inspection.txt
2026-06-06T02:15:06.0000000000Z	1965	/mnt/h/AETHIEAOPSYS/LOGS/continuity/zero_byte_file_inspection_2026-06-06T06-14-27Z.txt
2026-06-08T08:29:36.0000000000Z	596	/mnt/h/AETHIEAOPSYS/LOGS/BOOT/portable_wake_20260608.log
2026-06-08T11:13:36.0000000000Z	291	/mnt/h/AETHIEAOPSYS/APT/manifests/rubiii_apt_manual_20260608T151334Z.txt
2026-06-08T11:13:36.0000000000Z	59514	/mnt/h/AETHIEAOPSYS/APT/manifests/rubiii_dpkg_20260608T151334Z.tsv
2026-06-08T11:13:36.0000000000Z	75297	/mnt/h/AETHIEAOPSYS/APT/manifests/rubiii_apt_installed_20260608T151334Z.txt
2026-06-08T11:13:52.0000000000Z	11	/mnt/h/AETHIEAOPSYS/APT/LOGS/rubiii_apt_upgradable_20260608T151334Z.txt
2026-06-08T11:17:46.0000000000Z	75297	/mnt/h/AETHIEAOPSYS/APT/RUBIII_AUDIT/rubiii_installed.txt
2026-06-08T11:17:56.0000000000Z	291	/mnt/h/AETHIEAOPSYS/APT/RUBIII_AUDIT/rubiii_manual.txt
2026-06-08T11:18:02.0000000000Z	168248	/mnt/h/AETHIEAOPSYS/APT/RUBIII_AUDIT/rubiii_dpkg.txt
2026-06-08T12:45:04.0000000000Z	420	/mnt/h/AETHIEAOPSYS/TOOLIO/hermes/hermes.sh
2026-06-08T12:46:30.0000000000Z	421	/mnt/h/AETHIEAOPSYS/LOGS/HERMES/hermes.log
2026-06-08T12:49:44.0000000000Z	240	/mnt/h/AETHIEAOPSYS/LOGS/HERMES/STATUS.md
2026-06-08T12:50:10.0000000000Z	51	/mnt/h/AETHIEAOPSYS/2026-06-08T16:50:09Z RUBIII APT INVENTORY CAPTURED
2026-06-08T12:50:10.0000000000Z	51	/mnt/h/AETHIEAOPSYS/APT/RUBIII_AUDIT/status.logecho
2026-06-08T12:53:18.0000000000Z	129	/mnt/h/AETHIEAOPSYS/APT/RUBIII_AUDIT/status.log
2026-06-08T12:54:36.0000000000Z	4871	/mnt/h/AETHIEAOPSYS/LOGS/rubiii_topology_20260608T165435Z.txt
2026-06-08T13:19:47.2700000000Z	0	/mnt/h/AETHIEAOPSYS/DATA/HCLOUD/servers_20260608T171947Z.txt
2026-06-08T13:19:47.3400000000Z	0	/mnt/h/AETHIEAOPSYS/DATA/HCLOUD/ssh_keys_20260608T171947Z.txt
2026-06-08T13:19:48.5600000000Z	0	/mnt/h/AETHIEAOPSYS/DATA/HCLOUD/firewalls_20260608T171948Z.txt
2026-06-08T13:42:52.5800000000Z	0	/mnt/h/AETHIEAOPSYS/DATA/HCLOUD/ssh_keys_20260608T174252Z.txt
2026-06-08T14:09:28.0000000000Z	165	/mnt/h/AETHIEAOPSYS/DATA/HCLOUD/ssh_keys_20260608T180926Z.txt
2026-06-08T14:11:08.0000000000Z	43	/mnt/h/AETHIEAOPSYS/DATA/HCLOUD/firewalls_20260608T181106Z.txt
2026-06-08T14:11:08.0000000000Z	499	/mnt/h/AETHIEAOPSYS/DATA/HCLOUD/locations_20260608T181105Z.txt
2026-06-08T14:11:08.0000000000Z	66	/mnt/h/AETHIEAOPSYS/DATA/HCLOUD/servers_20260608T181106Z.txt
2026-06-08T14:11:10.0000000000Z	37	/mnt/h/AETHIEAOPSYS/DATA/HCLOUD/networks_20260608T181107Z.txt
2026-06-08T14:11:20.0000000000Z	502	/mnt/h/AETHIEAOPSYS/DATA/HCLOUD/STATUS.md
2026-06-08T14:12:30.0000000000Z	669	/mnt/h/AETHIEAOPSYS/DATA/HCLOUD/BASELINE_MANIFEST.md
2026-06-08T14:12:42.0000000000Z	868	/mnt/h/AETHIEAOPSYS/DATA/HCLOUD/hcloud_baseline_sha256_20260608T181240Z.txt
2026-06-08T14:14:34.0000000000Z	652	/mnt/h/AETHIEAOPSYS/STATUS.md
2026-06-08T14:39:48.0000000000Z	1057	/mnt/h/AETHIEAOPSYS/DATA/MEMORY/REGISTRY/aevps_hcloud_registry.md
2026-06-08T14:48:04.0000000000Z	870	/mnt/h/AETHIEAOPSYS/DATA/CLOUDFLARED/tunnels_20260608T184801Z.txt
2026-06-08T14:48:20.0000000000Z	86	/mnt/h/AETHIEAOPSYS/DATA/CLOUDFLARED/tunnel_info_20260608T184816Z.txt
2026-06-08T14:48:24.0000000000Z	86	/mnt/h/AETHIEAOPSYS/DATA/CLOUDFLARED/tunnel_info_20260608T184822Z.txt
2026-06-08T14:48:24.0000000000Z	870	/mnt/h/AETHIEAOPSYS/DATA/CLOUDFLARED/tunnels_20260608T184820Z.txt
2026-06-08T14:57:08.0000000000Z	2317	/mnt/h/AETHIEAOPSYS/DATA/HCLOUD/server_types_20260608T185705Z.txt
2026-06-08T14:57:22.0000000000Z	2317	/mnt/h/AETHIEAOPSYS/DATA/HCLOUD/server_types_20260608T185720Z.txt
2026-06-08T14:57:27.5200000000Z	0	/mnt/h/AETHIEAOPSYS/DATA/HCLOUD/firewall_rule_ssh_aevps-fw-001_20260608T185727Z.txt
2026-06-08T14:57:28.0000000000Z	26	/mnt/h/AETHIEAOPSYS/DATA/HCLOUD/firewall_create_aevps-fw-001_20260608T185726Z.txt
2026-06-08T14:57:39.3000000000Z	0	/mnt/h/AETHIEAOPSYS/DATA/HCLOUD/server_create_aevps-001_20260608T185739Z.txt
2026-06-08T14:57:47.5100000000Z	0	/mnt/h/AETHIEAOPSYS/DATA/HCLOUD/server_describe_aevps-001_20260608T185747Z.txt
2026-06-08T14:57:50.0000000000Z	127	/mnt/h/AETHIEAOPSYS/DATA/HCLOUD/firewalls_20260608T185748Z.txt
2026-06-08T14:57:50.0000000000Z	66	/mnt/h/AETHIEAOPSYS/DATA/HCLOUD/servers_20260608T185748Z.txt
2026-06-08T14:57:54.0000000000Z	37	/mnt/h/AETHIEAOPSYS/DATA/HCLOUD/networks_20260608T185751Z.txt
2026-06-08T14:58:02.0000000000Z	627	/mnt/h/AETHIEAOPSYS/DATA/MEMORY/REGISTRY/aevps_deployment_aevps-001.md
2026-06-08T15:03:26.0000000000Z	1115	/mnt/h/AETHIEAOPSYS/DATA/MEMORY/REGISTRY/aevps_deployment_aevps-001_CORRECTION.md
2026-06-08T15:03:44.0000000000Z	109	/mnt/h/AETHIEAOPSYS/DATA/HCLOUD/firewall_rule_ssh_aevps-fw-001_20260608T190341Z.txt
2026-06-08T15:04:28.7200000000Z	0	/mnt/h/AETHIEAOPSYS/DATA/HCLOUD/server_create_aevps-001_20260608T190428Z.txt
2026-06-08T15:09:38.0000000000Z	694	/mnt/h/AETHIEAOPSYS/DATA/MEMORY/REGISTRY/aevps_deployment_aevps-001_RETRY.md
2026-06-08T15:09:51.4400000000Z	0	/mnt/h/AETHIEAOPSYS/DATA/HCLOUD/server_create_aevps-001_20260608T190951Z.txt
2026-06-08T15:23:36.0000000000Z	365	/mnt/h/AETHIEAOPSYS/DATA/HCLOUD/datacenters_20260608T192333Z.txt
2026-06-08T15:23:50.0000000000Z	975	/mnt/h/AETHIEAOPSYS/DATA/HCLOUD/datacenter_ash-dc1_20260608T192348Z.txt
2026-06-08T15:24:08.0000000000Z	975	/mnt/h/AETHIEAOPSYS/DATA/HCLOUD/datacenter_ash-dc1_20260608T192406Z.txt
2026-06-08T16:02:56.0000000000Z	220	/mnt/h/AETHIEAOPSYS/DATA/HCLOUD/server_create_aevps-001_20260608T200242Z.txt
2026-06-08T16:03:08.0000000000Z	1297	/mnt/h/AETHIEAOPSYS/DATA/HCLOUD/server_describe_aevps-001_20260608T200307Z.txt
2026-06-08T16:03:10.0000000000Z	13	/mnt/h/AETHIEAOPSYS/DATA/HCLOUD/server_ip_aevps-001_20260608T200307Z.txt
2026-06-08T16:03:10.0000000000Z	208	/mnt/h/AETHIEAOPSYS/DATA/HCLOUD/servers_20260608T200308Z.txt
2026-06-08T16:03:14.0000000000Z	126	/mnt/h/AETHIEAOPSYS/DATA/HCLOUD/firewalls_20260608T200313Z.txt
2026-06-08T16:03:24.0000000000Z	646	/mnt/h/AETHIEAOPSYS/DATA/MEMORY/REGISTRY/aevps_deployment_aevps-001_VERIFIED.md
2026-06-08T16:36:58.0000000000Z	346	/mnt/h/AETHIEAOPSYS/VAULT/SECRETS/aethiea.env.example
2026-06-08T16:40:10.0000000000Z	1000	/mnt/h/AETHIEAOPSYS/TOOLIO/startup/aeth-secrets-load
2026-06-08T17:10:10.0000000000Z	682	/mnt/h/AETHIEAOPSYS/DATA/MEMORY/REGISTRY/loaded_secret_inventory_20260608T211008Z.md
2026-06-08T17:23:24.0000000000Z	3027	/mnt/h/AETHIEAOPSYS/DATA/MEMORY/REGISTRY/provider_auth_inventory_20260608T212317Z.md
2026-06-08T18:05:00.0000000000Z	589	/mnt/h/AETHIEAOPSYS/VAULT/SECRETS/aethiea.env
2026-06-08T18:05:00.0000000000Z	617	/mnt/h/AETHIEAOPSYS/VAULT/SECRETS/aethiea.env.bak_20260608T220459Z
2026-06-08T18:20:30.0000000000Z	14710	/mnt/h/AETHIEAOPSYS/LOGS/system.log
2026-06-08T18:20:30.0000000000Z	4844	/mnt/h/AETHIEAOPSYS/DATA/MEMORY/REGISTRY/provider_auth_current_state.md.bak_20260608T222028Z
2026-06-08T18:20:30.0000000000Z	5155	/mnt/h/AETHIEAOPSYS/DATA/MEMORY/REGISTRY/provider_auth_current_state.md
2026-06-08T18:20:30.0000000000Z	5553	/mnt/h/AETHIEAOPSYS/LOGS/STARTUP/secrets.log
2026-06-08T20:30:39.7100000000Z	0	/mnt/h/AETHIEAOPSYS/DATA/HCLOUD/locations_20260609T003039Z.txt
2026-06-08T20:37:54.0000000000Z	7171	/mnt/h/AETHIEAOPSYS/TOOLIO/bin/aevps-persist
2026-06-08T20:37:56.0000000000Z	1168	/mnt/h/AETHIEAOPSYS/TOOLIO/bin/aevps-registry-write
2026-06-08T20:37:56.0000000000Z	236	/mnt/h/AETHIEAOPSYS/TOOLIO/cloudflared/cloudflared-ae
2026-06-08T20:37:56.0000000000Z	323	/mnt/h/AETHIEAOPSYS/TOOLIO/cloudflared/run-aevps-tunnel
2026-06-08T20:37:56.0000000000Z	505	/mnt/h/AETHIEAOPSYS/TOOLIO/hcloud/hcloud-ae
2026-06-08T20:37:58.0000000000Z	1217	/mnt/h/AETHIEAOPSYS/TOOLIO/bin/aevps-status
2026-06-08T20:37:58.0000000000Z	837	/mnt/h/AETHIEAOPSYS/DATA/MEMORY/REGISTRY/aevps_current.md
2026-06-08T20:38:26.0700000000Z	0	/mnt/h/AETHIEAOPSYS/DATA/HCLOUD/locations_20260609T003826Z.txt
2026-06-08T20:38:26.1100000000Z	0	/mnt/h/AETHIEAOPSYS/DATA/HCLOUD/server_describe_aevps-001_20260609T003826Z.txt
2026-06-08T20:38:26.1500000000Z	0	/mnt/h/AETHIEAOPSYS/DATA/HCLOUD/servers_20260609T003826Z.txt
2026-06-08T20:38:26.1800000000Z	0	/mnt/h/AETHIEAOPSYS/DATA/HCLOUD/firewalls_20260609T003826Z.txt
2026-06-08T20:38:28.0000000000Z	744	/mnt/h/AETHIEAOPSYS/DATA/CLOUDFLARED/tunnels_20260609T003826Z.txt
2026-06-08T21:28:00.0000000000Z	540	/mnt/h/AETHIEAOPSYS/LOGS/HERMES/hermes_boot.log
2026-06-08T21:36:34.0000000000Z	2199	/mnt/h/AETHIEAOPSYS/TOOLIO/bin/aevps-key-install
2026-06-08T21:37:42.0000000000Z	293	/mnt/h/AETHIEAOPSYS/DATA/HCLOUD/KEY_STATUS.md
2026-06-08T21:42:22.0000000000Z	499	/mnt/h/AETHIEAOPSYS/DATA/HCLOUD/locations_20260609T014221Z.txt
2026-06-08T21:42:24.0000000000Z	1294	/mnt/h/AETHIEAOPSYS/DATA/HCLOUD/server_describe_aevps-001_20260609T014221Z.txt
2026-06-08T21:42:24.0000000000Z	207	/mnt/h/AETHIEAOPSYS/DATA/HCLOUD/servers_20260609T014221Z.txt
2026-06-08T21:42:26.0000000000Z	126	/mnt/h/AETHIEAOPSYS/DATA/HCLOUD/firewalls_20260609T014221Z.txt
2026-06-08T21:42:28.0000000000Z	807	/mnt/h/AETHIEAOPSYS/DATA/CLOUDFLARED/tunnels_20260609T014221Z.txt
2026-06-09T05:50:04.0000000000Z	3365	/mnt/h/AETHIEAOPSYS/TOOLIO/bin/aevps-startup
2026-06-09T08:31:32.0000000000Z	532	/mnt/h/AETHIEAOPSYS/DATA/BOOT/AEVPS_LOGIN_VERIFIED.md
2026-06-09T13:47:02.0000000000Z	1743	/mnt/h/AETHIEAOPSYS/PROGRAMS/LEDGER/program_intake.tsv
2026-06-09T13:47:02.0000000000Z	342	/mnt/h/AETHIEAOPSYS/PROGRAMS/ROUTES/surface_roles.txt
2026-06-09T14:56:40.0000000000Z	46287	/mnt/h/AETHIEAOPSYS/APT/receipts/apt_installed_20260609T185110Z.tsv
2026-06-09T15:22:38.0000000000Z	620	/mnt/h/AETHIEAOPSYS/DATA/MEMORY/SURFACES/registry.tsv
2026-06-09T15:24:00.0000000000Z	2021	/mnt/h/AETHIEAOPSYS/TOOLIO/bin/aesurface-status
2026-06-09T15:24:02.0000000000Z	460	/mnt/h/AETHIEAOPSYS/DATA/RUNTIME/aesurface_status_RUBIII_20260609T192401Z.tsv
2026-06-09T15:24:04.0000000000Z	407	/mnt/h/AETHIEAOPSYS/DATA/RUNTIME/AESURFACE_STATUS.md
2026-06-09T15:29:48.0000000000Z	1573	/mnt/h/AETHIEAOPSYS/ENV/RUNTIME/npm-cache/_logs/2026-06-09T19_29_47_762Z-debug-0.log
2026-06-09T15:29:52.0000000000Z	1408	/mnt/h/AETHIEAOPSYS/PROGRAMS/VERIFY/aesoft_audit_RUBIII_20260609T192946Z.tsv
2026-06-09T15:33:50.0000000000Z	1573	/mnt/h/AETHIEAOPSYS/ENV/RUNTIME/npm-cache/_logs/2026-06-09T19_33_48_878Z-debug-0.log
2026-06-09T15:33:52.0000000000Z	1627	/mnt/h/AETHIEAOPSYS/PROGRAMS/VERIFY/aesoft_audit_RUBIII_20260609T193347Z.tsv
2026-06-09T15:36:38.0000000000Z	1573	/mnt/h/AETHIEAOPSYS/ENV/RUNTIME/npm-cache/_logs/2026-06-09T19_36_37_251Z-debug-0.log
2026-06-09T15:36:40.0000000000Z	1627	/mnt/h/AETHIEAOPSYS/PROGRAMS/VERIFY/aesoft_audit_RUBIII_20260609T193635Z.tsv
2026-06-09T15:39:44.0000000000Z	1573	/mnt/h/AETHIEAOPSYS/ENV/RUNTIME/npm-cache/_logs/2026-06-09T19_39_42_689Z-debug-0.log
2026-06-09T15:39:46.0000000000Z	1686	/mnt/h/AETHIEAOPSYS/PROGRAMS/VERIFY/aesoft_audit_RUBIII_20260609T193941Z.tsv
2026-06-09T15:40:48.0000000000Z	1025	/mnt/h/AETHIEAOPSYS/DOCKER/receipts/docker_proof_RUBIII_20260609T194042Z.txt
2026-06-09T15:42:38.0000000000Z	132	/mnt/h/AETHIEAOPSYS/SERVICES/observability/prometheus/prometheus.yml
2026-06-09T15:42:38.0000000000Z	485	/mnt/h/AETHIEAOPSYS/SERVICES/observability/docker-compose.yml
2026-06-09T15:44:38.0000000000Z	102	/mnt/h/AETHIEAOPSYS/SERVICES/observability/receipts/observability_proof_RUBIII_20260609T194435Z.txt
2026-06-09T15:44:54.0000000000Z	1597	/mnt/h/AETHIEAOPSYS/ENV/RUNTIME/npm-cache/_logs/2026-06-09T19_44_52_126Z-debug-0.log
2026-06-09T15:44:56.0000000000Z	1686	/mnt/h/AETHIEAOPSYS/PROGRAMS/VERIFY/aesoft_audit_RUBIII_20260609T194450Z.tsv
2026-06-09T15:48:50.0000000000Z	563	/mnt/h/AETHIEAOPSYS/SERVICES/observability/receipts/observability_proof_RUBIII_20260609T194848Z.txt
2026-06-09T16:27:10.0000000000Z	1573	/mnt/h/AETHIEAOPSYS/ENV/RUNTIME/npm-cache/_logs/2026-06-09T20_27_09_489Z-debug-0.log
2026-06-09T16:27:14.0000000000Z	1686	/mnt/h/AETHIEAOPSYS/PROGRAMS/VERIFY/aesoft_audit_RUBIII_20260609T202708Z.tsv
2026-06-09T16:28:42.0000000000Z	1575	/mnt/h/AETHIEAOPSYS/ENV/RUNTIME/npm-cache/_logs/2026-06-09T20_28_40_786Z-debug-0.log
2026-06-09T16:28:44.0000000000Z	1686	/mnt/h/AETHIEAOPSYS/PROGRAMS/VERIFY/aesoft_audit_RUBIII_20260609T202839Z.tsv
2026-06-09T16:30:50.0000000000Z	1575	/mnt/h/AETHIEAOPSYS/ENV/RUNTIME/npm-cache/_logs/2026-06-09T20_30_49_719Z-debug-0.log
2026-06-09T16:30:54.0000000000Z	1686	/mnt/h/AETHIEAOPSYS/PROGRAMS/VERIFY/aesoft_audit_RUBIII_20260609T203048Z.tsv
2026-06-09T16:51:22.0000000000Z	1577	/mnt/h/AETHIEAOPSYS/ENV/RUNTIME/npm-cache/_logs/2026-06-09T20_51_20_975Z-debug-0.log
2026-06-09T16:51:26.0000000000Z	1756	/mnt/h/AETHIEAOPSYS/PROGRAMS/VERIFY/aesoft_audit_RUBIII_20260609T205118Z.tsv
2026-06-09T16:51:38.0000000000Z	1693	/mnt/h/AETHIEAOPSYS/ENV/RUNTIME/npm-cache/_logs/2026-06-09T20_51_36_164Z-debug-0.log
2026-06-09T16:51:50.0000000000Z	542912	/mnt/h/AETHIEAOPSYS/32
2026-06-09T16:59:32.0000000000Z	596	/mnt/h/AETHIEAOPSYS/LOGS/BOOT/portable_wake_20260609.log
2026-06-09T16:59:34.0000000000Z	875	/mnt/h/AETHIEAOPSYS/DATA/MEMORY/SURFACES/rubiii.json
2026-06-09T16:59:38.0000000000Z	1354	/mnt/h/AETHIEAOPSYS/LOGS/cloudflared/cloudflared.log
2026-06-09T16:59:40.0000000000Z	5676	/mnt/h/AETHIEAOPSYS/LOGS/HCLOUD/hcloud.log
2026-06-09T16:59:46.0000000000Z	307	/mnt/h/AETHIEAOPSYS/DATA/BOOT/AEVPS_STARTUP_STATUS.md
2026-06-09T17:20:46.0000000000Z	2747	/mnt/h/AETHIEAOPSYS/wget-log
2026-06-09T17:20:56.0000000000Z	108245360	/mnt/h/AETHIEAOPSYS/TOOLIO/bin/juicefs
2026-06-09T17:21:02.0000000000Z	1574	/mnt/h/AETHIEAOPSYS/ENV/RUNTIME/npm-cache/_logs/2026-06-09T21_21_01_355Z-debug-0.log
2026-06-09T17:21:08.0000000000Z	1756	/mnt/h/AETHIEAOPSYS/PROGRAMS/VERIFY/aesoft_audit_RUBIII_20260609T212059Z.tsv
2026-06-09T17:31:08.0000000000Z	1573	/mnt/h/AETHIEAOPSYS/ENV/RUNTIME/npm-cache/_logs/2026-06-09T21_31_05_799Z-debug-0.log
2026-06-09T17:31:10.0000000000Z	1756	/mnt/h/AETHIEAOPSYS/PROGRAMS/VERIFY/aesoft_audit_RUBIII_20260609T213104Z.tsv
2026-06-09T17:31:12.0000000000Z	4117	/mnt/h/AETHIEAOPSYS/AEFS/JUICEFS/receipts/juicefs_client_proof_RUBIII_20260609T213100Z.txt
2026-06-09T17:34:00.0000000000Z	1573	/mnt/h/AETHIEAOPSYS/ENV/RUNTIME/npm-cache/_logs/2026-06-09T21_33_58_094Z-debug-0.log
2026-06-09T17:34:02.0000000000Z	1820	/mnt/h/AETHIEAOPSYS/PROGRAMS/VERIFY/aesoft_audit_RUBIII_20260609T213356Z.tsv
2026-06-09T17:38:20.0000000000Z	491	/mnt/h/AETHIEAOPSYS/DATA/MEMORY/OBSIDIAN/obsidian_lane.md
2026-06-09T17:38:20.0000000000Z	491	/mnt/h/AETHIEAOPSYS/DATA/OBSIDIAN/00_OBSIDIAN_LANE.md
2026-06-09T17:40:00.0000000000Z	1573	/mnt/h/AETHIEAOPSYS/ENV/RUNTIME/npm-cache/_logs/2026-06-09T21_39_57_982Z-debug-0.log
2026-06-09T17:40:02.0000000000Z	1927	/mnt/h/AETHIEAOPSYS/PROGRAMS/VERIFY/aesoft_audit_RUBIII_20260609T213956Z.tsv
2026-06-09T17:40:16.0000000000Z	3770	/mnt/h/AETHIEAOPSYS/SERVICES/redis/receipts/redis_proof_RUBIII_20260609T213956Z.txt
2026-06-09T17:40:28.0000000000Z	1573	/mnt/h/AETHIEAOPSYS/ENV/RUNTIME/npm-cache/_logs/2026-06-09T21_40_27_374Z-debug-0.log
2026-06-09T17:40:32.0000000000Z	1927	/mnt/h/AETHIEAOPSYS/PROGRAMS/VERIFY/aesoft_audit_RUBIII_20260609T214026Z.tsv
2026-06-09T17:40:40.0000000000Z	3770	/mnt/h/AETHIEAOPSYS/SERVICES/redis/receipts/redis_proof_RUBIII_20260609T214026Z.txt
2026-06-09T17:42:32.0000000000Z	201	/mnt/h/AETHIEAOPSYS/TOOLIO/src/fabric/go/pkg/mod/cache/download/github.com/danielmiessler/fabric/@v/v1.4.454.info
2026-06-09T17:42:36.0000000000Z	188	/mnt/h/AETHIEAOPSYS/TOOLIO/src/fabric/go/pkg/sumdb/sum.golang.org/latest
2026-06-09T17:42:52.0000000000Z	96	/mnt/h/AETHIEAOPSYS/TOOLIO/src/fabric/go/pkg/mod/cache/download/sumdb/sum.golang.org/tile/8/3/000.p/3
2026-06-09T17:43:03.0400000000Z	0	/mnt/h/AETHIEAOPSYS/TOOLIO/src/fabric/go/pkg/mod/cache/download/github.com/danielmiessler/fabric/@v/v1.4.454.lock
2026-06-09T17:43:04.0000000000Z	2464	/mnt/h/AETHIEAOPSYS/TOOLIO/src/fabric/go/pkg/mod/cache/download/sumdb/sum.golang.org/tile/8/2/003.p/77
2026-06-09T17:43:04.0000000000Z	385	/mnt/h/AETHIEAOPSYS/TOOLIO/src/fabric/go/pkg/mod/cache/download/sumdb/sum.golang.org/lookup/github.com/danielmiessler/fabric@v1.4.454
2026-06-09T17:43:04.0000000000Z	6112	/mnt/h/AETHIEAOPSYS/TOOLIO/src/fabric/go/pkg/mod/cache/download/sumdb/sum.golang.org/tile/8/1/845.p/191
2026-06-09T17:43:04.0000000000Z	7168	/mnt/h/AETHIEAOPSYS/TOOLIO/src/fabric/go/pkg/mod/cache/download/sumdb/sum.golang.org/tile/8/0/x216/511.p/224
2026-06-09T17:43:04.0000000000Z	8095	/mnt/h/AETHIEAOPSYS/TOOLIO/src/fabric/go/pkg/mod/cache/download/github.com/danielmiessler/fabric/@v/v1.4.454.mod
2026-06-09T17:43:04.0000000000Z	8192	/mnt/h/AETHIEAOPSYS/TOOLIO/src/fabric/go/pkg/mod/cache/download/sumdb/sum.golang.org/tile/8/0/x215/078
2026-06-09T17:43:04.0000000000Z	8192	/mnt/h/AETHIEAOPSYS/TOOLIO/src/fabric/go/pkg/mod/cache/download/sumdb/sum.golang.org/tile/8/1/840
2026-06-09T17:43:04.0000000000Z	9	/mnt/h/AETHIEAOPSYS/TOOLIO/src/fabric/go/pkg/mod/cache/download/github.com/danielmiessler/fabric/@v/list
2026-06-09T17:44:02.0000000000Z	21195979	/mnt/h/AETHIEAOPSYS/TOOLIO/src/fabric/go/pkg/mod/cache/download/github.com/danielmiessler/fabric/@v/v1.4.454.zip
2026-06-09T17:44:04.0000000000Z	1110	/mnt/h/AETHIEAOPSYS/TOOLIO/src/fabric/go/pkg/mod/github.com/danielmiessler/fabric@v1.4.454/.github/workflows/patterns.yaml
2026-06-09T17:44:04.0000000000Z	2638	/mnt/h/AETHIEAOPSYS/TOOLIO/src/fabric/go/pkg/mod/github.com/danielmiessler/fabric@v1.4.454/.github/ISSUE_TEMPLATE/bug.yml
2026-06-09T17:44:04.0000000000Z	318	/mnt/h/AETHIEAOPSYS/TOOLIO/src/fabric/go/pkg/mod/github.com/danielmiessler/fabric@v1.4.454/.github/pull_request_template.md
2026-06-09T17:44:04.0000000000Z	35	/mnt/h/AETHIEAOPSYS/TOOLIO/src/fabric/go/pkg/mod/github.com/danielmiessler/fabric@v1.4.454/.envrc
2026-06-09T17:44:04.0000000000Z	364	/mnt/h/AETHIEAOPSYS/TOOLIO/src/fabric/go/pkg/mod/github.com/danielmiessler/fabric@v1.4.454/.github/ISSUE_TEMPLATE/question.yml
2026-06-09T17:44:04.0000000000Z	386	/mnt/h/AETHIEAOPSYS/TOOLIO/src/fabric/go/pkg/mod/github.com/danielmiessler/fabric@v1.4.454/.github/ISSUE_TEMPLATE/feature-request.yml
2026-06-09T17:44:04.0000000000Z	47	/mnt/h/AETHIEAOPSYS/TOOLIO/src/fabric/go/pkg/mod/cache/download/github.com/danielmiessler/fabric/@v/v1.4.454.ziphash
2026-06-09T17:44:04.0000000000Z	61	/mnt/h/AETHIEAOPSYS/TOOLIO/src/fabric/go/pkg/mod/github.com/danielmiessler/fabric@v1.4.454/.dockerignore
2026-06-09T17:44:04.0000000000Z	64	/mnt/h/AETHIEAOPSYS/TOOLIO/src/fabric/go/pkg/mod/github.com/danielmiessler/fabric@v1.4.454/.github/FUNDING.yml
2026-06-09T17:44:04.0000000000Z	82	/mnt/h/AETHIEAOPSYS/TOOLIO/src/fabric/go/pkg/mod/github.com/danielmiessler/fabric@v1.4.454/.devcontainer/devcontainer.json
2026-06-09T17:44:04.0000000000Z	859	/mnt/h/AETHIEAOPSYS/TOOLIO/src/fabric/go/pkg/mod/github.com/danielmiessler/fabric@v1.4.454/.github/workflows/ci.yml
2026-06-09T17:44:06.0000000000Z	1084	/mnt/h/AETHIEAOPSYS/TOOLIO/src/fabric/go/pkg/mod/github.com/danielmiessler/fabric@v1.4.454/LICENSE
2026-06-09T17:44:06.0000000000Z	1279	/mnt/h/AETHIEAOPSYS/TOOLIO/src/fabric/go/pkg/mod/github.com/danielmiessler/fabric@v1.4.454/.goreleaser.yaml
2026-06-09T17:44:06.0000000000Z	13054	/mnt/h/AETHIEAOPSYS/TOOLIO/src/fabric/go/pkg/mod/github.com/danielmiessler/fabric@v1.4.454/cmd/generate_changelog/internal/cache/cache.go
2026-06-09T17:44:06.0000000000Z	1369	/mnt/h/AETHIEAOPSYS/TOOLIO/src/fabric/go/pkg/mod/github.com/danielmiessler/fabric@v1.4.454/.github/workflows/release.yml
2026-06-09T17:44:06.0000000000Z	18695	/mnt/h/AETHIEAOPSYS/TOOLIO/src/fabric/go/pkg/mod/github.com/danielmiessler/fabric@v1.4.454/cmd/generate_changelog/internal/changelog/processing.go
2026-06-09T17:44:06.0000000000Z	1950	/mnt/h/AETHIEAOPSYS/TOOLIO/src/fabric/go/pkg/mod/github.com/danielmiessler/fabric@v1.4.454/cmd/generate_changelog/internal/changelog/merge_detection_test.go
2026-06-09T17:44:06.0000000000Z	233061	/mnt/h/AETHIEAOPSYS/TOOLIO/src/fabric/go/pkg/mod/github.com/danielmiessler/fabric@v1.4.454/CHANGELOG.md
2026-06-09T17:44:06.0000000000Z	24377	/mnt/h/AETHIEAOPSYS/TOOLIO/src/fabric/go/pkg/mod/github.com/danielmiessler/fabric@v1.4.454/cmd/generate_changelog/internal/changelog/generator.go
2026-06-09T17:44:06.0000000000Z	259	/mnt/h/AETHIEAOPSYS/TOOLIO/src/fabric/go/pkg/mod/github.com/danielmiessler/fabric@v1.4.454/cmd/fabric/main.go
2026-06-09T17:44:06.0000000000Z	2809	/mnt/h/AETHIEAOPSYS/TOOLIO/src/fabric/go/pkg/mod/github.com/danielmiessler/fabric@v1.4.454/cmd/code2context/code_test.go
2026-06-09T17:44:06.0000000000Z	2854	/mnt/h/AETHIEAOPSYS/TOOLIO/src/fabric/go/pkg/mod/github.com/danielmiessler/fabric@v1.4.454/cmd/generate_changelog/internal/changelog/generator_test.go
2026-06-09T17:44:06.0000000000Z	2868	/mnt/h/AETHIEAOPSYS/TOOLIO/src/fabric/go/pkg/mod/github.com/danielmiessler/fabric@v1.4.454/cmd/code2context/main.go
2026-06-09T17:44:06.0000000000Z	29293	/mnt/h/AETHIEAOPSYS/TOOLIO/src/fabric/go/pkg/mod/github.com/danielmiessler/fabric@v1.4.454/README.zh.md
2026-06-09T17:44:06.0000000000Z	39	/mnt/h/AETHIEAOPSYS/TOOLIO/src/fabric/go/pkg/mod/github.com/danielmiessler/fabric@v1.4.454/cmd/fabric/version.go
2026-06-09T17:44:06.0000000000Z	3999	/mnt/h/AETHIEAOPSYS/TOOLIO/src/fabric/go/pkg/mod/github.com/danielmiessler/fabric@v1.4.454/.vscode/settings.json
2026-06-09T17:44:06.0000000000Z	4481024	/mnt/h/AETHIEAOPSYS/TOOLIO/src/fabric/go/pkg/mod/github.com/danielmiessler/fabric@v1.4.454/cmd/generate_changelog/changelog.db
2026-06-09T17:44:06.0000000000Z	47638	/mnt/h/AETHIEAOPSYS/TOOLIO/src/fabric/go/pkg/mod/github.com/danielmiessler/fabric@v1.4.454/README.md
2026-06-09T17:44:06.0000000000Z	4875	/mnt/h/AETHIEAOPSYS/TOOLIO/src/fabric/go/pkg/mod/github.com/danielmiessler/fabric@v1.4.454/.github/workflows/update-version-and-create-tag.yml
2026-06-09T17:44:06.0000000000Z	4958	/mnt/h/AETHIEAOPSYS/TOOLIO/src/fabric/go/pkg/mod/github.com/danielmiessler/fabric@v1.4.454/cmd/generate_changelog/PRD.md
2026-06-09T17:44:06.0000000000Z	5474	/mnt/h/AETHIEAOPSYS/TOOLIO/src/fabric/go/pkg/mod/github.com/danielmiessler/fabric@v1.4.454/.gitignore
2026-06-09T17:44:06.0000000000Z	5597	/mnt/h/AETHIEAOPSYS/TOOLIO/src/fabric/go/pkg/mod/github.com/danielmiessler/fabric@v1.4.454/cmd/code2context/code.go
2026-06-09T17:44:06.0000000000Z	59	/mnt/h/AETHIEAOPSYS/TOOLIO/src/fabric/go/pkg/mod/github.com/danielmiessler/fabric@v1.4.454/.vscode/extensions.json
2026-06-09T17:44:06.0000000000Z	8894	/mnt/h/AETHIEAOPSYS/TOOLIO/src/fabric/go/pkg/mod/github.com/danielmiessler/fabric@v1.4.454/cmd/generate_changelog/README.md
2026-06-09T17:44:08.0000000000Z	11362	/mnt/h/AETHIEAOPSYS/TOOLIO/src/fabric/go/pkg/mod/github.com/danielmiessler/fabric@v1.4.454/cmd/generate_changelog/internal/github/client.go
2026-06-09T17:44:08.0000000000Z	1212	/mnt/h/AETHIEAOPSYS/TOOLIO/src/fabric/go/pkg/mod/github.com/danielmiessler/fabric@v1.4.454/cmd/generate_changelog/internal/github/email_test.go
2026-06-09T17:44:08.0000000000Z	15904	/mnt/h/AETHIEAOPSYS/TOOLIO/src/fabric/go/pkg/mod/github.com/danielmiessler/fabric@v1.4.454/cmd/generate_changelog/internal/git/walker.go
2026-06-09T17:44:08.0000000000Z	1616	/mnt/h/AETHIEAOPSYS/TOOLIO/src/fabric/go/pkg/mod/github.com/danielmiessler/fabric@v1.4.454/cmd/generate_changelog/internal/github/types.go
2026-06-09T17:44:08.0000000000Z	2903	/mnt/h/AETHIEAOPSYS/TOOLIO/src/fabric/go/pkg/mod/github.com/danielmiessler/fabric@v1.4.454/cmd/generate_changelog/internal/changelog/summarize.go
2026-06-09T17:44:08.0000000000Z	352	/mnt/h/AETHIEAOPSYS/TOOLIO/src/fabric/go/pkg/mod/github.com/danielmiessler/fabric@v1.4.454/cmd/generate_changelog/internal/git/types.go
2026-06-09T17:44:08.0000000000Z	4483	/mnt/h/AETHIEAOPSYS/TOOLIO/src/fabric/go/pkg/mod/github.com/danielmiessler/fabric@v1.4.454/cmd/generate_changelog/internal/release.go
2026-06-09T17:44:08.0000000000Z	461	/mnt/h/AETHIEAOPSYS/TOOLIO/src/fabric/go/pkg/mod/github.com/danielmiessler/fabric@v1.4.454/cmd/generate_changelog/internal/config/config.go
2026-06-09T17:44:08.0000000000Z	4620	/mnt/h/AETHIEAOPSYS/TOOLIO/src/fabric/go/pkg/mod/github.com/danielmiessler/fabric@v1.4.454/cmd/generate_changelog/main.go
2026-06-09T17:44:08.0000000000Z	6080	/mnt/h/AETHIEAOPSYS/TOOLIO/src/fabric/go/pkg/mod/github.com/danielmiessler/fabric@v1.4.454/cmd/to_pdf/main.go
2026-06-09T17:44:08.0000000000Z	7254	/mnt/h/AETHIEAOPSYS/TOOLIO/src/fabric/go/pkg/mod/github.com/danielmiessler/fabric@v1.4.454/cmd/generate_changelog/internal/changelog/processing_test.go
2026-06-09T17:44:08.0000000000Z	924	/mnt/h/AETHIEAOPSYS/TOOLIO/src/fabric/go/pkg/mod/github.com/danielmiessler/fabric@v1.4.454/cmd/generate_changelog/util/token.go
2026-06-09T17:44:12.0000000000Z	9789	/mnt/h/AETHIEAOPSYS/TOOLIO/src/fabric/go/pkg/mod/github.com/danielmiessler/fabric@v1.4.454/completions/_fabric
2026-06-09T17:44:18.0000000000Z	5305	/mnt/h/AETHIEAOPSYS/TOOLIO/src/fabric/go/pkg/mod/github.com/danielmiessler/fabric@v1.4.454/completions/fabric.bash
2026-06-09T17:44:22.0000000000Z	10092	/mnt/h/AETHIEAOPSYS/TOOLIO/src/fabric/go/pkg/mod/github.com/danielmiessler/fabric@v1.4.454/completions/fabric.fish
2026-06-09T17:44:24.0000000000Z	16484	/mnt/h/AETHIEAOPSYS/TOOLIO/src/fabric/go/pkg/mod/github.com/danielmiessler/fabric@v1.4.454/completions/setup-completions.sh
2026-06-09T17:44:37.0300000000Z	0	/mnt/h/AETHIEAOPSYS/TOOLIO/src/fabric/go/pkg/mod/github.com/danielmiessler/fabric@v1.4.454/data/patterns/agility_story/user.md
2026-06-09T17:44:37.5900000000Z	0	/mnt/h/AETHIEAOPSYS/TOOLIO/src/fabric/go/pkg/mod/github.com/danielmiessler/fabric@v1.4.454/data/patterns/analyze_candidates/user.md
2026-06-09T17:44:37.8000000000Z	0	/mnt/h/AETHIEAOPSYS/TOOLIO/src/fabric/go/pkg/mod/github.com/danielmiessler/fabric@v1.4.454/data/patterns/analyze_claims/user.md
2026-06-09T17:44:38.0000000000Z	1042	/mnt/h/AETHIEAOPSYS/TOOLIO/src/fabric/go/pkg/mod/github.com/danielmiessler/fabric@v1.4.454/data/patterns/analyze_bill/system.md
2026-06-09T17:44:38.0000000000Z	1099	/mnt/h/AETHIEAOPSYS/TOOLIO/src/fabric/go/pkg/mod/github.com/danielmiessler/fabric@v1.4.454/data/patterns/analyze_comments/system.md
2026-06-09T17:44:38.0000000000Z	1138	/mnt/h/AETHIEAOPSYS/TOOLIO/src/fabric/go/pkg/mod/github.com/danielmiessler/fabric@v1.4.454/data/patterns/analyze_bill_short/system.md
2026-06-09T17:44:38.0000000000Z	1251	/mnt/h/AETHIEAOPSYS/TOOLIO/src/fabric/go/pkg/mod/github.com/danielmiessler/fabric@v1.4.454/data/patterns/analyze_candidates/system.md
2026-06-09T17:44:38.0000000000Z	2140	/mnt/h/AETHIEAOPSYS/TOOLIO/src/fabric/go/pkg/mod/github.com/danielmiessler/fabric@v1.4.454/data/patterns/analyze_answers/README.md
2026-06-09T17:44:38.0000000000Z	2407	/mnt/h/AETHIEAOPSYS/TOOLIO/src/fabric/go/pkg/mod/github.com/danielmiessler/fabric@v1.4.454/data/patterns/analyze_cfp_submission/system.md
2026-06-09T17:44:38.0000000000Z	2765	/mnt/h/AETHIEAOPSYS/TOOLIO/src/fabric/go/pkg/mod/github.com/danielmiessler/fabric@v1.4.454/data/patterns/analyze_claims/system.md
2026-06-09T17:44:38.0000000000Z	3245	/mnt/h/AETHIEAOPSYS/TOOLIO/src/fabric/go/pkg/mod/github.com/danielmiessler/fabric@v1.4.454/data/patterns/analyze_answers/system.md
2026-06-09T17:44:38.0000000000Z	3726	/mnt/h/AETHIEAOPSYS/TOOLIO/src/fabric/go/pkg/mod/github.com/danielmiessler/fabric@v1.4.454/data/patterns/analyze_debate/system.md
2026-06-09T17:44:38.0000000000Z	485	/mnt/h/AETHIEAOPSYS/TOOLIO/src/fabric/go/pkg/mod/github.com/danielmiessler/fabric@v1.4.454/data/patterns/ai/system.md
2026-06-09T17:44:38.0000000000Z	827	/mnt/h/AETHIEAOPSYS/TOOLIO/src/fabric/go/pkg/mod/github.com/danielmiessler/fabric@v1.4.454/data/patterns/agility_story/system.md
2026-06-09T17:44:38.2000000000Z	0	/mnt/h/AETHIEAOPSYS/TOOLIO/src/fabric/go/pkg/mod/github.com/danielmiessler/fabric@v1.4.454/data/patterns/analyze_email_headers/user.md
2026-06-09T17:44:38.3100000000Z	0	/mnt/h/AETHIEAOPSYS/TOOLIO/src/fabric/go/pkg/mod/github.com/danielmiessler/fabric@v1.4.454/data/patterns/analyze_incident/user.md
2026-06-09T17:44:38.9900000000Z	0	/mnt/h/AETHIEAOPSYS/TOOLIO/src/fabric/go/pkg/mod/github.com/danielmiessler/fabric@v1.4.454/data/patterns/analyze_paper/user.md
2026-06-09T17:44:39.5700000000Z	0	/mnt/h/AETHIEAOPSYS/TOOLIO/src/fabric/go/pkg/mod/github.com/danielmiessler/fabric@v1.4.454/data/patterns/analyze_proposition/user.md
2026-06-09T17:44:39.6900000000Z	0	/mnt/h/AETHIEAOPSYS/TOOLIO/src/fabric/go/pkg/mod/github.com/danielmiessler/fabric@v1.4.454/data/patterns/analyze_prose/user.md
2026-06-09T17:44:39.8100000000Z	0	/mnt/h/AETHIEAOPSYS/TOOLIO/src/fabric/go/pkg/mod/github.com/danielmiessler/fabric@v1.4.454/data/patterns/analyze_prose_json/user.md
2026-06-09T17:44:40.0000000000Z	1233	/mnt/h/AETHIEAOPSYS/TOOLIO/src/fabric/go/pkg/mod/github.com/danielmiessler/fabric@v1.4.454/data/patterns/analyze_proposition/system.md
2026-06-09T17:44:40.0000000000Z	1425	/mnt/h/AETHIEAOPSYS/TOOLIO/src/fabric/go/pkg/mod/github.com/danielmiessler/fabric@v1.4.454/data/patterns/analyze_personality/system.md
2026-06-09T17:44:40.0000000000Z	1802	/mnt/h/AETHIEAOPSYS/TOOLIO/src/fabric/go/pkg/mod/github.com/danielmiessler/fabric@v1.4.454/data/patterns/analyze_incident/system.md
2026-06-09T17:44:40.0000000000Z	1897	/mnt/h/AETHIEAOPSYS/TOOLIO/src/fabric/go/pkg/mod/github.com/danielmiessler/fabric@v1.4.454/data/patterns/analyze_mistakes/system.md
2026-06-09T17:44:40.0000000000Z	2076	/mnt/h/AETHIEAOPSYS/TOOLIO/src/fabric/go/pkg/mod/github.com/danielmiessler/fabric@v1.4.454/data/patterns/analyze_product_feedback/system.md
2026-06-09T17:44:40.0000000000Z	2284	/mnt/h/AETHIEAOPSYS/TOOLIO/src/fabric/go/pkg/mod/github.com/danielmiessler/fabric@v1.4.454/data/patterns/analyze_logs/system.md
2026-06-09T17:44:40.0000000000Z	2330	/mnt/h/AETHIEAOPSYS/TOOLIO/src/fabric/go/pkg/mod/github.com/danielmiessler/fabric@v1.4.454/data/patterns/analyze_military_strategy/system.md
2026-06-09T17:44:40.0000000000Z	2633	/mnt/h/AETHIEAOPSYS/TOOLIO/src/fabric/go/pkg/mod/github.com/danielmiessler/fabric@v1.4.454/data/patterns/analyze_email_headers/system.md
2026-06-09T17:44:40.0000000000Z	2640	/mnt/h/AETHIEAOPSYS/TOOLIO/src/fabric/go/pkg/mod/github.com/danielmiessler/fabric@v1.4.454/data/patterns/analyze_interviewer_techniques/system.md
2026-06-09T17:44:40.0000000000Z	2913	/mnt/h/AETHIEAOPSYS/TOOLIO/src/fabric/go/pkg/mod/github.com/danielmiessler/fabric@v1.4.454/data/patterns/analyze_malware/system.md
2026-06-09T17:44:40.0000000000Z	2927	/mnt/h/AETHIEAOPSYS/TOOLIO/src/fabric/go/pkg/mod/github.com/danielmiessler/fabric@v1.4.454/data/patterns/analyze_monetization_opportunities/system.md
2026-06-09T17:44:40.0000000000Z	3058	/mnt/h/AETHIEAOPSYS/TOOLIO/src/fabric/go/pkg/mod/github.com/danielmiessler/fabric@v1.4.454/data/patterns/analyze_presentation/system.md
2026-06-09T17:44:40.0000000000Z	3565	/mnt/h/AETHIEAOPSYS/TOOLIO/src/fabric/go/pkg/mod/github.com/danielmiessler/fabric@v1.4.454/data/patterns/analyze_discord_structure/system.md
2026-06-09T17:44:40.0000000000Z	3684	/mnt/h/AETHIEAOPSYS/TOOLIO/src/fabric/go/pkg/mod/github.com/danielmiessler/fabric@v1.4.454/data/patterns/analyze_patent/system.md
2026-06-09T17:44:40.0000000000Z	4167	/mnt/h/AETHIEAOPSYS/TOOLIO/src/fabric/go/pkg/mod/github.com/danielmiessler/fabric@v1.4.454/data/patterns/analyze_risk/system.md
2026-06-09T17:44:40.0000000000Z	4944	/mnt/h/AETHIEAOPSYS/TOOLIO/src/fabric/go/pkg/mod/github.com/danielmiessler/fabric@v1.4.454/data/patterns/analyze_prose/system.md
2026-06-09T17:44:40.0000000000Z	6140	/mnt/h/AETHIEAOPSYS/TOOLIO/src/fabric/go/pkg/mod/github.com/danielmiessler/fabric@v1.4.454/data/patterns/analyze_paper/system.md
2026-06-09T17:44:40.0000000000Z	6467	/mnt/h/AETHIEAOPSYS/TOOLIO/src/fabric/go/pkg/mod/github.com/danielmiessler/fabric@v1.4.454/data/patterns/analyze_prose_json/system.md
2026-06-09T17:44:40.0000000000Z	7131	/mnt/h/AETHIEAOPSYS/TOOLIO/src/fabric/go/pkg/mod/github.com/danielmiessler/fabric@v1.4.454/data/patterns/analyze_paper_simple/system.md
2026-06-09T17:44:40.0000000000Z	7498	/mnt/h/AETHIEAOPSYS/TOOLIO/src/fabric/go/pkg/mod/github.com/danielmiessler/fabric@v1.4.454/data/patterns/analyze_prose_pinker/system.md
2026-06-09T17:44:40.2000000000Z	0	/mnt/h/AETHIEAOPSYS/TOOLIO/src/fabric/go/pkg/mod/github.com/danielmiessler/fabric@v1.4.454/data/patterns/analyze_spiritual_text/user.md
2026-06-09T17:44:40.3100000000Z	0	/mnt/h/AETHIEAOPSYS/TOOLIO/src/fabric/go/pkg/mod/github.com/danielmiessler/fabric@v1.4.454/data/patterns/analyze_tech_impact/user.md
2026-06-09T17:44:42.0000000000Z	1034	/mnt/h/AETHIEAOPSYS/TOOLIO/src/fabric/go/pkg/mod/github.com/danielmiessler/fabric@v1.4.454/data/patterns/analyze_terraform_plan/system.md
2026-06-09T17:44:42.0000000000Z	1096	/mnt/h/AETHIEAOPSYS/TOOLIO/src/fabric/go/pkg/mod/github.com/danielmiessler/fabric@v1.4.454/data/patterns/analyze_spiritual_text/system.md
2026-06-09T17:44:42.0000000000Z	1178	/mnt/h/AETHIEAOPSYS/TOOLIO/src/fabric/go/pkg/mod/github.com/danielmiessler/fabric@v1.4.454/data/patterns/analyze_threat_report_trends/system.md
2026-06-09T17:44:42.0000000000Z	1854	/mnt/h/AETHIEAOPSYS/TOOLIO/src/fabric/go/pkg/mod/github.com/danielmiessler/fabric@v1.4.454/data/patterns/audit_transparency/README.md
2026-06-09T17:44:42.0000000000Z	1898	/mnt/h/AETHIEAOPSYS/TOOLIO/src/fabric/go/pkg/mod/github.com/danielmiessler/fabric@v1.4.454/data/patterns/audit_consent/README.md
2026-06-09T17:44:42.0000000000Z	1926	/mnt/h/AETHIEAOPSYS/TOOLIO/src/fabric/go/pkg/mod/github.com/danielmiessler/fabric@v1.4.454/data/patterns/ask_secure_by_design_questions/system.md
2026-06-09T17:44:42.0000000000Z	1950	/mnt/h/AETHIEAOPSYS/TOOLIO/src/fabric/go/pkg/mod/github.com/danielmiessler/fabric@v1.4.454/data/patterns/analyze_tech_impact/system.md
2026-06-09T17:44:42.0000000000Z	2234	/mnt/h/AETHIEAOPSYS/TOOLIO/src/fabric/go/pkg/mod/github.com/danielmiessler/fabric@v1.4.454/data/patterns/answer_interview_question/system.md
2026-06-09T17:44:42.0000000000Z	2282	/mnt/h/AETHIEAOPSYS/TOOLIO/src/fabric/go/pkg/mod/github.com/danielmiessler/fabric@v1.4.454/data/patterns/analyze_threat_report/system.md
2026-06-09T17:44:42.0000000000Z	2378	/mnt/h/AETHIEAOPSYS/TOOLIO/src/fabric/go/pkg/mod/github.com/danielmiessler/fabric@v1.4.454/data/patterns/apply_ul_tags/system.md
2026-06-09T17:44:42.0000000000Z	2544	/mnt/h/AETHIEAOPSYS/TOOLIO/src/fabric/go/pkg/mod/github.com/danielmiessler/fabric@v1.4.454/data/patterns/analyze_sales_call/system.md
2026-06-09T17:44:42.0000000000Z	2618	/mnt/h/AETHIEAOPSYS/TOOLIO/src/fabric/go/pkg/mod/github.com/danielmiessler/fabric@v1.4.454/data/patterns/analyze_threat_report_cmds/system.md
2026-06-09T17:44:42.0000000000Z	6884	/mnt/h/AETHIEAOPSYS/TOOLIO/src/fabric/go/pkg/mod/github.com/danielmiessler/fabric@v1.4.454/data/patterns/ask_uncle_duke/system.md
2026-06-09T17:44:42.0000000000Z	7071	/mnt/h/AETHIEAOPSYS/TOOLIO/src/fabric/go/pkg/mod/github.com/danielmiessler/fabric@v1.4.454/data/patterns/audit_consent/system.md
2026-06-09T17:44:42.0000000000Z	8299	/mnt/h/AETHIEAOPSYS/TOOLIO/src/fabric/go/pkg/mod/github.com/danielmiessler/fabric@v1.4.454/data/patterns/audit_transparency/system.md
2026-06-09T17:44:42.0000000000Z	9	/mnt/h/AETHIEAOPSYS/TOOLIO/src/fabric/go/pkg/mod/github.com/danielmiessler/fabric@v1.4.454/data/patterns/analyze_threat_report/user.md
2026-06-09T17:44:42.0000000000Z	9	/mnt/h/AETHIEAOPSYS/TOOLIO/src/fabric/go/pkg/mod/github.com/danielmiessler/fabric@v1.4.454/data/patterns/analyze_threat_report_trends/user.md
2026-06-09T17:44:48.0000000000Z	2476	/mnt/h/AETHIEAOPSYS/TOOLIO/src/fabric/go/pkg/mod/github.com/danielmiessler/fabric@v1.4.454/data/patterns/capture_thinkers_work/system.md
2026-06-09T17:44:58.0000000000Z	1300	/mnt/h/AETHIEAOPSYS/TOOLIO/src/fabric/go/pkg/mod/github.com/danielmiessler/fabric@v1.4.454/data/patterns/check_agreement/system.md
2026-06-09T17:44:59.5100000000Z	0	/mnt/h/AETHIEAOPSYS/TOOLIO/src/fabric/go/pkg/mod/github.com/danielmiessler/fabric@v1.4.454/data/patterns/check_agreement/user.md
2026-06-09T17:45:06.0000000000Z	1391	/mnt/h/AETHIEAOPSYS/TOOLIO/src/fabric/go/pkg/mod/github.com/danielmiessler/fabric@v1.4.454/data/patterns/check_falsifiability/README.md
2026-06-09T17:45:08.7900000000Z	0	/mnt/h/AETHIEAOPSYS/TOOLIO/src/fabric/go/pkg/mod/github.com/danielmiessler/fabric@v1.4.454/data/patterns/clean_text/user.md
2026-06-09T17:45:08.9700000000Z	0	/mnt/h/AETHIEAOPSYS/TOOLIO/src/fabric/go/pkg/mod/github.com/danielmiessler/fabric@v1.4.454/data/patterns/compare_and_contrast/user.md
2026-06-09T17:45:10.0000000000Z	1079	/mnt/h/AETHIEAOPSYS/TOOLIO/src/fabric/go/pkg/mod/github.com/danielmiessler/fabric@v1.4.454/data/patterns/create_5_sentence_summary/system.md
2026-06-09T17:45:10.0000000000Z	1258	/mnt/h/AETHIEAOPSYS/TOOLIO/src/fabric/go/pkg/mod/github.com/danielmiessler/fabric@v1.4.454/data/patterns/coding_master/system.md
2026-06-09T17:45:10.0000000000Z	1647	/mnt/h/AETHIEAOPSYS/TOOLIO/src/fabric/go/pkg/mod/github.com/danielmiessler/fabric@v1.4.454/data/patterns/convert_to_markdown/system.md
2026-06-09T17:45:10.0000000000Z	255	/mnt/h/AETHIEAOPSYS/TOOLIO/src/fabric/go/pkg/mod/github.com/danielmiessler/fabric@v1.4.454/data/patterns/compare_and_contrast/system.md
2026-06-09T17:45:10.0000000000Z	4762	/mnt/h/AETHIEAOPSYS/TOOLIO/src/fabric/go/pkg/mod/github.com/danielmiessler/fabric@v1.4.454/data/patterns/concall_summary/system.md
2026-06-09T17:45:10.0000000000Z	557	/mnt/h/AETHIEAOPSYS/TOOLIO/src/fabric/go/pkg/mod/github.com/danielmiessler/fabric@v1.4.454/data/patterns/clean_text/system.md
2026-06-09T17:45:10.0000000000Z	6274	/mnt/h/AETHIEAOPSYS/TOOLIO/src/fabric/go/pkg/mod/github.com/danielmiessler/fabric@v1.4.454/data/patterns/check_falsifiability/system.md
2026-06-09T17:45:20.0000000000Z	818	/mnt/h/AETHIEAOPSYS/TOOLIO/src/fabric/go/pkg/mod/github.com/danielmiessler/fabric@v1.4.454/data/patterns/create_academic_paper/system.md
2026-06-09T17:45:28.0000000000Z	1964	/mnt/h/AETHIEAOPSYS/TOOLIO/src/fabric/go/pkg/mod/github.com/danielmiessler/fabric@v1.4.454/data/patterns/create_ai_jobs_analysis/system.md
2026-06-09T17:45:34.0000000000Z	459	/mnt/h/AETHIEAOPSYS/TOOLIO/src/fabric/go/pkg/mod/github.com/danielmiessler/fabric@v1.4.454/data/patterns/create_aphorisms/system.md
2026-06-09T17:45:35.0900000000Z	0	/mnt/h/AETHIEAOPSYS/TOOLIO/src/fabric/go/pkg/mod/github.com/danielmiessler/fabric@v1.4.454/data/patterns/create_aphorisms/user.md
2026-06-09T17:45:36.9700000000Z	0	/mnt/h/AETHIEAOPSYS/TOOLIO/src/fabric/go/pkg/mod/github.com/danielmiessler/fabric@v1.4.454/data/patterns/create_better_frame/user.md
2026-06-09T17:45:37.3800000000Z	0	/mnt/h/AETHIEAOPSYS/TOOLIO/src/fabric/go/pkg/mod/github.com/danielmiessler/fabric@v1.4.454/data/patterns/create_command/user.md
2026-06-09T17:45:38.0000000000Z	1049	/mnt/h/AETHIEAOPSYS/TOOLIO/src/fabric/go/pkg/mod/github.com/danielmiessler/fabric@v1.4.454/data/patterns/create_art_prompt/system.md
2026-06-09T17:45:38.0000000000Z	1493	/mnt/h/AETHIEAOPSYS/TOOLIO/src/fabric/go/pkg/mod/github.com/danielmiessler/fabric@v1.4.454/data/patterns/create_command/system.md
2026-06-09T17:45:38.0000000000Z	14953	/mnt/h/AETHIEAOPSYS/TOOLIO/src/fabric/go/pkg/mod/github.com/danielmiessler/fabric@v1.4.454/data/patterns/create_better_frame/system.md
2026-06-09T17:45:38.0000000000Z	1800	/mnt/h/AETHIEAOPSYS/TOOLIO/src/fabric/go/pkg/mod/github.com/danielmiessler/fabric@v1.4.454/data/patterns/create_coding_project/system.md
2026-06-09T17:45:38.0000000000Z	2504	/mnt/h/AETHIEAOPSYS/TOOLIO/src/fabric/go/pkg/mod/github.com/danielmiessler/fabric@v1.4.454/data/patterns/create_command/README.md
2026-06-09T17:45:38.0000000000Z	2671	/mnt/h/AETHIEAOPSYS/TOOLIO/src/fabric/go/pkg/mod/github.com/danielmiessler/fabric@v1.4.454/data/patterns/create_coding_feature/README.md
2026-06-09T17:45:38.0000000000Z	2764	/mnt/h/AETHIEAOPSYS/TOOLIO/src/fabric/go/pkg/mod/github.com/danielmiessler/fabric@v1.4.454/data/patterns/create_coding_project/README.md
2026-06-09T17:45:38.0000000000Z	4040	/mnt/h/AETHIEAOPSYS/TOOLIO/src/fabric/go/pkg/mod/github.com/danielmiessler/fabric@v1.4.454/data/patterns/create_coding_feature/system.md
2026-06-09T17:45:38.0000000000Z	4419	/mnt/h/AETHIEAOPSYS/TOOLIO/src/fabric/go/pkg/mod/github.com/danielmiessler/fabric@v1.4.454/data/patterns/create_bd_issue/system.md
2026-06-09T17:45:50.0000000000Z	4927	/mnt/h/AETHIEAOPSYS/TOOLIO/src/fabric/go/pkg/mod/github.com/danielmiessler/fabric@v1.4.454/data/patterns/create_conceptmap/system.md
2026-06-09T17:45:58.0000000000Z	1749	/mnt/h/AETHIEAOPSYS/TOOLIO/src/fabric/go/pkg/mod/github.com/danielmiessler/fabric@v1.4.454/data/patterns/create_cyber_summary/system.md
2026-06-09T17:46:08.0000000000Z	4420	/mnt/h/AETHIEAOPSYS/TOOLIO/src/fabric/go/pkg/mod/github.com/danielmiessler/fabric@v1.4.454/data/patterns/create_design_document/system.md
2026-06-09T17:46:12.0000000000Z	112	/mnt/h/AETHIEAOPSYS/TOOLIO/src/fabric/go/pkg/mod/github.com/danielmiessler/fabric@v1.4.454/data/patterns/create_git_diff_commit/README.md
2026-06-09T17:46:12.0000000000Z	1201	/mnt/h/AETHIEAOPSYS/TOOLIO/src/fabric/go/pkg/mod/github.com/danielmiessler/fabric@v1.4.454/data/patterns/create_git_diff_commit/system.md
2026-06-09T17:46:12.0000000000Z	1413	/mnt/h/AETHIEAOPSYS/TOOLIO/src/fabric/go/pkg/mod/github.com/danielmiessler/fabric@v1.4.454/data/patterns/create_diy/system.md
2026-06-09T17:46:12.0000000000Z	2382	/mnt/h/AETHIEAOPSYS/TOOLIO/src/fabric/go/pkg/mod/github.com/danielmiessler/fabric@v1.4.454/data/patterns/create_golden_rules/system.md
2026-06-09T17:46:12.0000000000Z	2711	/mnt/h/AETHIEAOPSYS/TOOLIO/src/fabric/go/pkg/mod/github.com/danielmiessler/fabric@v1.4.454/data/patterns/create_formal_email/system.md
2026-06-09T17:46:12.0000000000Z	4203	/mnt/h/AETHIEAOPSYS/TOOLIO/src/fabric/go/pkg/mod/github.com/danielmiessler/fabric@v1.4.454/data/patterns/create_excalidraw_visualization/system.md
2026-06-09T17:46:12.0000000000Z	4603	/mnt/h/AETHIEAOPSYS/TOOLIO/src/fabric/go/pkg/mod/github.com/danielmiessler/fabric@v1.4.454/data/patterns/create_design_system/system.md
2026-06-09T17:46:12.0000000000Z	676	/mnt/h/AETHIEAOPSYS/TOOLIO/src/fabric/go/pkg/mod/github.com/danielmiessler/fabric@v1.4.454/data/patterns/create_flash_cards/system.md
2026-06-09T17:46:22.0000000000Z	950	/mnt/h/AETHIEAOPSYS/TOOLIO/src/fabric/go/pkg/mod/github.com/danielmiessler/fabric@v1.4.454/data/patterns/create_graph_from_input/system.md
2026-06-09T17:46:30.0000000000Z	25705	/mnt/h/AETHIEAOPSYS/TOOLIO/src/fabric/go/pkg/mod/github.com/danielmiessler/fabric@v1.4.454/data/patterns/create_hormozi_offer/system.md
2026-06-09T17:46:36.0000000000Z	1746	/mnt/h/AETHIEAOPSYS/TOOLIO/src/fabric/go/pkg/mod/github.com/danielmiessler/fabric@v1.4.454/data/patterns/create_idea_compass/system.md
2026-06-09T17:46:36.9700000000Z	0	/mnt/h/AETHIEAOPSYS/TOOLIO/src/fabric/go/pkg/mod/github.com/danielmiessler/fabric@v1.4.454/data/patterns/create_logo/user.md
2026-06-09T17:46:38.0000000000Z	1737	/mnt/h/AETHIEAOPSYS/TOOLIO/src/fabric/go/pkg/mod/github.com/danielmiessler/fabric@v1.4.454/data/patterns/create_investigation_visualization/system.md
2026-06-09T17:46:38.0000000000Z	1977	/mnt/h/AETHIEAOPSYS/TOOLIO/src/fabric/go/pkg/mod/github.com/danielmiessler/fabric@v1.4.454/data/patterns/create_mermaid_visualization/system.md
2026-06-09T17:46:38.0000000000Z	2043	/mnt/h/AETHIEAOPSYS/TOOLIO/src/fabric/go/pkg/mod/github.com/danielmiessler/fabric@v1.4.454/data/patterns/create_keynote/system.md
2026-06-09T17:46:38.0000000000Z	2851	/mnt/h/AETHIEAOPSYS/TOOLIO/src/fabric/go/pkg/mod/github.com/danielmiessler/fabric@v1.4.454/data/patterns/create_markmap_visualization/system.md
2026-06-09T17:46:38.0000000000Z	3174	/mnt/h/AETHIEAOPSYS/TOOLIO/src/fabric/go/pkg/mod/github.com/danielmiessler/fabric@v1.4.454/data/patterns/create_loe_document/system.md
2026-06-09T17:46:38.0000000000Z	875	/mnt/h/AETHIEAOPSYS/TOOLIO/src/fabric/go/pkg/mod/github.com/danielmiessler/fabric@v1.4.454/data/patterns/create_logo/system.md
2026-06-09T17:46:48.0000000000Z	2036	/mnt/h/AETHIEAOPSYS/TOOLIO/src/fabric/go/pkg/mod/github.com/danielmiessler/fabric@v1.4.454/data/patterns/create_mermaid_visualization_for_github/system.md
2026-06-09T17:46:54.0000000000Z	968	/mnt/h/AETHIEAOPSYS/TOOLIO/src/fabric/go/pkg/mod/github.com/danielmiessler/fabric@v1.4.454/data/patterns/create_micro_summary/system.md
2026-06-09T17:47:00.0000000000Z	1640	/mnt/h/AETHIEAOPSYS/TOOLIO/src/fabric/go/pkg/mod/github.com/danielmiessler/fabric@v1.4.454/data/patterns/create_mnemonic_phrases/readme.md
2026-06-09T17:47:04.0000000000Z	2944	/mnt/h/AETHIEAOPSYS/TOOLIO/src/fabric/go/pkg/mod/github.com/danielmiessler/fabric@v1.4.454/data/patterns/create_mnemonic_phrases/system.md
2026-06-09T17:47:04.9300000000Z	0	/mnt/h/AETHIEAOPSYS/TOOLIO/src/fabric/go/pkg/mod/github.com/danielmiessler/fabric@v1.4.454/data/patterns/create_newsletter_entry/user.md
2026-06-09T17:47:05.0300000000Z	0	/mnt/h/AETHIEAOPSYS/TOOLIO/src/fabric/go/pkg/mod/github.com/danielmiessler/fabric@v1.4.454/data/patterns/create_npc/user.md
2026-06-09T17:47:06.0000000000Z	1458	/mnt/h/AETHIEAOPSYS/TOOLIO/src/fabric/go/pkg/mod/github.com/danielmiessler/fabric@v1.4.454/data/patterns/create_quiz/system.md
2026-06-09T17:47:06.0000000000Z	1647	/mnt/h/AETHIEAOPSYS/TOOLIO/src/fabric/go/pkg/mod/github.com/danielmiessler/fabric@v1.4.454/data/patterns/create_newsletter_entry/system.md
2026-06-09T17:47:06.0000000000Z	1987	/mnt/h/AETHIEAOPSYS/TOOLIO/src/fabric/go/pkg/mod/github.com/danielmiessler/fabric@v1.4.454/data/patterns/create_prd/system.md
2026-06-09T17:47:06.0000000000Z	2289	/mnt/h/AETHIEAOPSYS/TOOLIO/src/fabric/go/pkg/mod/github.com/danielmiessler/fabric@v1.4.454/data/patterns/create_network_threat_landscape/system.md
2026-06-09T17:47:06.0000000000Z	2552	/mnt/h/AETHIEAOPSYS/TOOLIO/src/fabric/go/pkg/mod/github.com/danielmiessler/fabric@v1.4.454/data/patterns/create_pattern/system.md
2026-06-09T17:47:06.0000000000Z	3064	/mnt/h/AETHIEAOPSYS/TOOLIO/src/fabric/go/pkg/mod/github.com/danielmiessler/fabric@v1.4.454/data/patterns/create_prediction_block/system.md
2026-06-09T17:47:06.0000000000Z	740	/mnt/h/AETHIEAOPSYS/TOOLIO/src/fabric/go/pkg/mod/github.com/danielmiessler/fabric@v1.4.454/data/patterns/create_npc/system.md
2026-06-09T17:47:06.0000000000Z	806	/mnt/h/AETHIEAOPSYS/TOOLIO/src/fabric/go/pkg/mod/github.com/danielmiessler/fabric@v1.4.454/data/patterns/create_quiz/README.md
2026-06-09T17:47:06.0000000000Z	9	/mnt/h/AETHIEAOPSYS/TOOLIO/src/fabric/go/pkg/mod/github.com/danielmiessler/fabric@v1.4.454/data/patterns/create_network_threat_landscape/user.md
2026-06-09T17:47:20.0000000000Z	3577	/mnt/h/AETHIEAOPSYS/TOOLIO/src/fabric/go/pkg/mod/github.com/danielmiessler/fabric@v1.4.454/data/patterns/create_reading_plan/system.md
2026-06-09T17:47:26.0000000000Z	2809	/mnt/h/AETHIEAOPSYS/TOOLIO/src/fabric/go/pkg/mod/github.com/danielmiessler/fabric@v1.4.454/data/patterns/create_recursive_outline/system.md
2026-06-09T17:47:33.1000000000Z	0	/mnt/h/AETHIEAOPSYS/TOOLIO/src/fabric/go/pkg/mod/github.com/danielmiessler/fabric@v1.4.454/data/patterns/create_security_update/user.md
2026-06-09T17:47:34.0000000000Z	1838	/mnt/h/AETHIEAOPSYS/TOOLIO/src/fabric/go/pkg/mod/github.com/danielmiessler/fabric@v1.4.454/data/patterns/create_slides/system.md
2026-06-09T17:47:34.0000000000Z	1898	/mnt/h/AETHIEAOPSYS/TOOLIO/src/fabric/go/pkg/mod/github.com/danielmiessler/fabric@v1.4.454/data/patterns/create_security_update/system.md
2026-06-09T17:47:34.0000000000Z	1958	/mnt/h/AETHIEAOPSYS/TOOLIO/src/fabric/go/pkg/mod/github.com/danielmiessler/fabric@v1.4.454/data/patterns/create_show_intro/system.md
2026-06-09T17:47:34.0000000000Z	2137	/mnt/h/AETHIEAOPSYS/TOOLIO/src/fabric/go/pkg/mod/github.com/danielmiessler/fabric@v1.4.454/data/patterns/create_story_about_people_interaction/system.md
2026-06-09T17:47:34.0000000000Z	2350	/mnt/h/AETHIEAOPSYS/TOOLIO/src/fabric/go/pkg/mod/github.com/danielmiessler/fabric@v1.4.454/data/patterns/create_sigma_rules/system.md
2026-06-09T17:47:34.0000000000Z	2668	/mnt/h/AETHIEAOPSYS/TOOLIO/src/fabric/go/pkg/mod/github.com/danielmiessler/fabric@v1.4.454/data/patterns/create_report_finding/system.md
2026-06-09T17:47:34.0000000000Z	8417	/mnt/h/AETHIEAOPSYS/TOOLIO/src/fabric/go/pkg/mod/github.com/danielmiessler/fabric@v1.4.454/data/patterns/create_rpg_summary/system.md
2026-06-09T17:47:34.0000000000Z	9	/mnt/h/AETHIEAOPSYS/TOOLIO/src/fabric/go/pkg/mod/github.com/danielmiessler/fabric@v1.4.454/data/patterns/create_report_finding/user.md
2026-06-09T17:47:44.0000000000Z	2607	/mnt/h/AETHIEAOPSYS/TOOLIO/src/fabric/go/pkg/mod/github.com/danielmiessler/fabric@v1.4.454/data/patterns/create_story_about_person/system.md
2026-06-09T17:47:52.0000000000Z	2474	/mnt/h/AETHIEAOPSYS/TOOLIO/src/fabric/go/pkg/mod/github.com/danielmiessler/fabric@v1.4.454/data/patterns/create_story_explanation/system.md
2026-06-09T17:48:00.0000000000Z	3933	/mnt/h/AETHIEAOPSYS/TOOLIO/src/fabric/go/pkg/mod/github.com/danielmiessler/fabric@v1.4.454/data/patterns/create_stride_threat_model/system.md
2026-06-09T17:48:02.0000000000Z	1385	/mnt/h/AETHIEAOPSYS/TOOLIO/src/fabric/go/pkg/mod/github.com/danielmiessler/fabric@v1.4.454/data/patterns/create_ttrc_graph/system.md
2026-06-09T17:48:02.0000000000Z	20264	/mnt/h/AETHIEAOPSYS/TOOLIO/src/fabric/go/pkg/mod/github.com/danielmiessler/fabric@v1.4.454/data/patterns/create_threat_scenarios/system.md
2026-06-09T17:48:02.0000000000Z	2382	/mnt/h/AETHIEAOPSYS/TOOLIO/src/fabric/go/pkg/mod/github.com/danielmiessler/fabric@v1.4.454/data/patterns/create_upgrade_pack/system.md
2026-06-09T17:48:02.0000000000Z	694	/mnt/h/AETHIEAOPSYS/TOOLIO/src/fabric/go/pkg/mod/github.com/danielmiessler/fabric@v1.4.454/data/patterns/create_tags/system.md
2026-06-09T17:48:02.0000000000Z	885	/mnt/h/AETHIEAOPSYS/TOOLIO/src/fabric/go/pkg/mod/github.com/danielmiessler/fabric@v1.4.454/data/patterns/create_ttrc_narrative/system.md
2026-06-09T17:48:02.0000000000Z	960	/mnt/h/AETHIEAOPSYS/TOOLIO/src/fabric/go/pkg/mod/github.com/danielmiessler/fabric@v1.4.454/data/patterns/create_summary/system.md
2026-06-09T17:48:12.0000000000Z	2432	/mnt/h/AETHIEAOPSYS/TOOLIO/src/fabric/go/pkg/mod/github.com/danielmiessler/fabric@v1.4.454/data/patterns/create_user_story/system.md
2026-06-09T17:48:20.0000000000Z	2742	/mnt/h/AETHIEAOPSYS/TOOLIO/src/fabric/go/pkg/mod/github.com/danielmiessler/fabric@v1.4.454/data/patterns/create_video_chapters/system.md
2026-06-09T17:48:20.9500000000Z	0	/mnt/h/AETHIEAOPSYS/TOOLIO/src/fabric/go/pkg/mod/github.com/danielmiessler/fabric@v1.4.454/data/patterns/create_video_chapters/user.md
2026-06-09T17:48:28.0000000000Z	2745	/mnt/h/AETHIEAOPSYS/TOOLIO/src/fabric/go/pkg/mod/github.com/danielmiessler/fabric@v1.4.454/data/patterns/create_visualization/system.md
2026-06-09T17:48:29.4400000000Z	0	/mnt/h/AETHIEAOPSYS/TOOLIO/src/fabric/go/pkg/mod/github.com/danielmiessler/fabric@v1.4.454/data/patterns/explain_docs/user.md
2026-06-09T17:48:30.0000000000Z	1305	/mnt/h/AETHIEAOPSYS/TOOLIO/src/fabric/go/pkg/mod/github.com/danielmiessler/fabric@v1.4.454/data/patterns/detect_mind_virus/README.md
2026-06-09T17:48:30.0000000000Z	1505	/mnt/h/AETHIEAOPSYS/TOOLIO/src/fabric/go/pkg/mod/github.com/danielmiessler/fabric@v1.4.454/data/patterns/explain_docs/system.md
2026-06-09T17:48:30.0000000000Z	1862	/mnt/h/AETHIEAOPSYS/TOOLIO/src/fabric/go/pkg/mod/github.com/danielmiessler/fabric@v1.4.454/data/patterns/detect_silent_victims/README.md
2026-06-09T17:48:30.0000000000Z	2	/mnt/h/AETHIEAOPSYS/TOOLIO/src/fabric/go/pkg/mod/github.com/danielmiessler/fabric@v1.4.454/data/patterns/explain_code/user.md
2026-06-09T17:48:30.0000000000Z	2338	/mnt/h/AETHIEAOPSYS/TOOLIO/src/fabric/go/pkg/mod/github.com/danielmiessler/fabric@v1.4.454/data/patterns/enrich_blog_post/system.md
2026-06-09T17:48:30.0000000000Z	6137	/mnt/h/AETHIEAOPSYS/TOOLIO/src/fabric/go/pkg/mod/github.com/danielmiessler/fabric@v1.4.454/data/patterns/detect_mind_virus/system.md
2026-06-09T17:48:30.0000000000Z	8359	/mnt/h/AETHIEAOPSYS/TOOLIO/src/fabric/go/pkg/mod/github.com/danielmiessler/fabric@v1.4.454/data/patterns/detect_silent_victims/system.md
2026-06-09T17:48:30.0000000000Z	8487	/mnt/h/AETHIEAOPSYS/TOOLIO/src/fabric/go/pkg/mod/github.com/danielmiessler/fabric@v1.4.454/data/patterns/dialog_with_socrates/system.md
2026-06-09T17:48:30.0000000000Z	894	/mnt/h/AETHIEAOPSYS/TOOLIO/src/fabric/go/pkg/mod/github.com/danielmiessler/fabric@v1.4.454/data/patterns/explain_code/system.md
2026-06-09T17:48:42.0000000000Z	4798	/mnt/h/AETHIEAOPSYS/TOOLIO/src/fabric/go/pkg/mod/github.com/danielmiessler/fabric@v1.4.454/data/patterns/explain_math/README.md
2026-06-09T17:48:44.0000000000Z	505	/mnt/h/AETHIEAOPSYS/TOOLIO/src/fabric/go/pkg/mod/github.com/danielmiessler/fabric@v1.4.454/data/patterns/explain_math/system.md
2026-06-09T17:48:54.0000000000Z	1964	/mnt/h/AETHIEAOPSYS/TOOLIO/src/fabric/go/pkg/mod/github.com/danielmiessler/fabric@v1.4.454/data/patterns/explain_project/system.md
2026-06-09T17:49:02.0000000000Z	1603	/mnt/h/AETHIEAOPSYS/TOOLIO/src/fabric/go/pkg/mod/github.com/danielmiessler/fabric@v1.4.454/data/patterns/explain_terms/system.md
2026-06-09T17:49:02.5100000000Z	0	/mnt/h/AETHIEAOPSYS/TOOLIO/src/fabric/go/pkg/mod/github.com/danielmiessler/fabric@v1.4.454/data/patterns/extract_algorithm_update_recommendations/user.md
2026-06-09T17:49:04.0000000000Z	1771	/mnt/h/AETHIEAOPSYS/TOOLIO/src/fabric/go/pkg/mod/github.com/danielmiessler/fabric@v1.4.454/data/patterns/extract_article_wisdom/system.md
2026-06-09T17:49:04.0000000000Z	2861	/mnt/h/AETHIEAOPSYS/TOOLIO/src/fabric/go/pkg/mod/github.com/danielmiessler/fabric@v1.4.454/data/patterns/extract_affiliate_products/system.md
2026-06-09T17:49:04.0000000000Z	3121	/mnt/h/AETHIEAOPSYS/TOOLIO/src/fabric/go/pkg/mod/github.com/danielmiessler/fabric@v1.4.454/data/patterns/extract_all_quotes/system.md
2026-06-09T17:49:04.0000000000Z	4886	/mnt/h/AETHIEAOPSYS/TOOLIO/src/fabric/go/pkg/mod/github.com/danielmiessler/fabric@v1.4.454/data/patterns/explain_terms_and_conditions/system.md
2026-06-09T17:49:04.0000000000Z	603	/mnt/h/AETHIEAOPSYS/TOOLIO/src/fabric/go/pkg/mod/github.com/danielmiessler/fabric@v1.4.454/data/patterns/export_data_as_csv/system.md
2026-06-09T17:49:04.0000000000Z	7423	/mnt/h/AETHIEAOPSYS/TOOLIO/src/fabric/go/pkg/mod/github.com/danielmiessler/fabric@v1.4.454/data/patterns/extract_article_wisdom/README.md
2026-06-09T17:49:04.0000000000Z	821	/mnt/h/AETHIEAOPSYS/TOOLIO/src/fabric/go/pkg/mod/github.com/danielmiessler/fabric@v1.4.454/data/patterns/extract_algorithm_update_recommendations/system.md
2026-06-09T17:49:04.0000000000Z	861	/mnt/h/AETHIEAOPSYS/TOOLIO/src/fabric/go/pkg/mod/github.com/danielmiessler/fabric@v1.4.454/data/patterns/extract_alpha/system.md
2026-06-09T17:49:04.0000000000Z	9	/mnt/h/AETHIEAOPSYS/TOOLIO/src/fabric/go/pkg/mod/github.com/danielmiessler/fabric@v1.4.454/data/patterns/extract_article_wisdom/user.md
2026-06-09T17:49:14.0000000000Z	3850	/mnt/h/AETHIEAOPSYS/TOOLIO/src/fabric/go/pkg/mod/github.com/danielmiessler/fabric@v1.4.454/data/patterns/extract_bd_ideas/system.md
2026-06-09T17:49:20.0000000000Z	1170	/mnt/h/AETHIEAOPSYS/TOOLIO/src/fabric/go/pkg/mod/github.com/danielmiessler/fabric@v1.4.454/data/patterns/extract_book_ideas/system.md
2026-06-09T17:49:28.0000000000Z	1248	/mnt/h/AETHIEAOPSYS/TOOLIO/src/fabric/go/pkg/mod/github.com/danielmiessler/fabric@v1.4.454/data/patterns/extract_book_recommendations/system.md
2026-06-09T17:49:30.0000000000Z	1279	/mnt/h/AETHIEAOPSYS/TOOLIO/src/fabric/go/pkg/mod/github.com/danielmiessler/fabric@v1.4.454/data/patterns/extract_core_message/system.md
2026-06-09T17:49:30.0000000000Z	1580	/mnt/h/AETHIEAOPSYS/TOOLIO/src/fabric/go/pkg/mod/github.com/danielmiessler/fabric@v1.4.454/data/patterns/extract_ctf_writeup/system.md
2026-06-09T17:49:30.0000000000Z	5374	/mnt/h/AETHIEAOPSYS/TOOLIO/src/fabric/go/pkg/mod/github.com/danielmiessler/fabric@v1.4.454/data/patterns/extract_characters/system.md
2026-06-09T17:49:30.0000000000Z	562	/mnt/h/AETHIEAOPSYS/TOOLIO/src/fabric/go/pkg/mod/github.com/danielmiessler/fabric@v1.4.454/data/patterns/extract_ctf_writeup/README.md
2026-06-09T17:49:30.0000000000Z	595	/mnt/h/AETHIEAOPSYS/TOOLIO/src/fabric/go/pkg/mod/github.com/danielmiessler/fabric@v1.4.454/data/patterns/extract_controversial_ideas/system.md
2026-06-09T17:49:30.0000000000Z	763	/mnt/h/AETHIEAOPSYS/TOOLIO/src/fabric/go/pkg/mod/github.com/danielmiessler/fabric@v1.4.454/data/patterns/extract_domains/system.md
2026-06-09T17:49:30.0000000000Z	977	/mnt/h/AETHIEAOPSYS/TOOLIO/src/fabric/go/pkg/mod/github.com/danielmiessler/fabric@v1.4.454/data/patterns/extract_business_ideas/system.md
2026-06-09T17:49:42.0000000000Z	1458	/mnt/h/AETHIEAOPSYS/TOOLIO/src/fabric/go/pkg/mod/github.com/danielmiessler/fabric@v1.4.454/data/patterns/extract_ethical_framework/README.md
2026-06-09T17:49:44.0000000000Z	7333	/mnt/h/AETHIEAOPSYS/TOOLIO/src/fabric/go/pkg/mod/github.com/danielmiessler/fabric@v1.4.454/data/patterns/extract_ethical_framework/system.md
2026-06-09T17:49:50.0000000000Z	1075	/mnt/h/AETHIEAOPSYS/TOOLIO/src/fabric/go/pkg/mod/github.com/danielmiessler/fabric@v1.4.454/data/patterns/extract_extraordinary_claims/system.md
2026-06-09T17:49:58.0000000000Z	1169	/mnt/h/AETHIEAOPSYS/TOOLIO/src/fabric/go/pkg/mod/github.com/danielmiessler/fabric@v1.4.454/data/patterns/extract_insights/system.md
2026-06-09T17:49:58.0000000000Z	1351	/mnt/h/AETHIEAOPSYS/TOOLIO/src/fabric/go/pkg/mod/github.com/danielmiessler/fabric@v1.4.454/data/patterns/extract_ideas/system.md
2026-06-09T17:49:58.0000000000Z	1951	/mnt/h/AETHIEAOPSYS/TOOLIO/src/fabric/go/pkg/mod/github.com/danielmiessler/fabric@v1.4.454/data/patterns/extract_instructions/system.md
2026-06-09T17:49:58.0000000000Z	231376	/mnt/h/AETHIEAOPSYS/TOOLIO/src/fabric/go/pkg/mod/github.com/danielmiessler/fabric@v1.4.454/data/patterns/extract_insights_dm/system.md
2026-06-09T17:49:58.0000000000Z	387	/mnt/h/AETHIEAOPSYS/TOOLIO/src/fabric/go/pkg/mod/github.com/danielmiessler/fabric@v1.4.454/data/patterns/extract_latest_video/system.md
2026-06-09T17:49:58.0000000000Z	552	/mnt/h/AETHIEAOPSYS/TOOLIO/src/fabric/go/pkg/mod/github.com/danielmiessler/fabric@v1.4.454/data/patterns/extract_jokes/system.md
2026-06-09T17:50:08.0000000000Z	664	/mnt/h/AETHIEAOPSYS/TOOLIO/src/fabric/go/pkg/mod/github.com/danielmiessler/fabric@v1.4.454/data/patterns/extract_main_activities/system.md
2026-06-09T17:50:14.0000000000Z	819	/mnt/h/AETHIEAOPSYS/TOOLIO/src/fabric/go/pkg/mod/github.com/danielmiessler/fabric@v1.4.454/data/patterns/extract_main_idea/system.md
2026-06-09T17:50:22.0000000000Z	2101	/mnt/h/AETHIEAOPSYS/TOOLIO/src/fabric/go/pkg/mod/github.com/danielmiessler/fabric@v1.4.454/data/patterns/extract_mcp_servers/system.md
2026-06-09T17:50:24.9700000000Z	0	/mnt/h/AETHIEAOPSYS/TOOLIO/src/fabric/go/pkg/mod/github.com/danielmiessler/fabric@v1.4.454/data/patterns/extract_poc/user.md
2026-06-09T17:50:26.0000000000Z	1047	/mnt/h/AETHIEAOPSYS/TOOLIO/src/fabric/go/pkg/mod/github.com/danielmiessler/fabric@v1.4.454/data/patterns/extract_predictions/system.md
2026-06-09T17:50:26.0000000000Z	1154	/mnt/h/AETHIEAOPSYS/TOOLIO/src/fabric/go/pkg/mod/github.com/danielmiessler/fabric@v1.4.454/data/patterns/extract_most_redeeming_thing/system.md
2026-06-09T17:50:26.0000000000Z	1382	/mnt/h/AETHIEAOPSYS/TOOLIO/src/fabric/go/pkg/mod/github.com/danielmiessler/fabric@v1.4.454/data/patterns/extract_primary_problem/system.md
2026-06-09T17:50:26.0000000000Z	1409	/mnt/h/AETHIEAOPSYS/TOOLIO/src/fabric/go/pkg/mod/github.com/danielmiessler/fabric@v1.4.454/data/patterns/extract_primary_solution/system.md
2026-06-09T17:50:26.0000000000Z	2456	/mnt/h/AETHIEAOPSYS/TOOLIO/src/fabric/go/pkg/mod/github.com/danielmiessler/fabric@v1.4.454/data/patterns/extract_patterns/system.md
2026-06-09T17:50:26.0000000000Z	7384	/mnt/h/AETHIEAOPSYS/TOOLIO/src/fabric/go/pkg/mod/github.com/danielmiessler/fabric@v1.4.454/data/patterns/extract_product_features/README.md
2026-06-09T17:50:26.0000000000Z	793	/mnt/h/AETHIEAOPSYS/TOOLIO/src/fabric/go/pkg/mod/github.com/danielmiessler/fabric@v1.4.454/data/patterns/extract_product_features/system.md
2026-06-09T17:50:26.0000000000Z	826	/mnt/h/AETHIEAOPSYS/TOOLIO/src/fabric/go/pkg/mod/github.com/danielmiessler/fabric@v1.4.454/data/patterns/extract_poc/system.md
2026-06-09T17:50:38.0000000000Z	1121	/mnt/h/AETHIEAOPSYS/TOOLIO/src/fabric/go/pkg/mod/github.com/danielmiessler/fabric@v1.4.454/data/patterns/extract_questions/system.md
2026-06-09T17:50:44.0000000000Z	396	/mnt/h/AETHIEAOPSYS/TOOLIO/src/fabric/go/pkg/mod/github.com/danielmiessler/fabric@v1.4.454/data/patterns/extract_recipe/README.md
2026-06-09T17:50:48.0000000000Z	1064	/mnt/h/AETHIEAOPSYS/TOOLIO/src/fabric/go/pkg/mod/github.com/danielmiessler/fabric@v1.4.454/data/patterns/extract_recipe/system.md
2026-06-09T17:50:52.7800000000Z	0	/mnt/h/AETHIEAOPSYS/TOOLIO/src/fabric/go/pkg/mod/github.com/danielmiessler/fabric@v1.4.454/data/patterns/extract_recommendations/user.md
2026-06-09T17:50:52.8800000000Z	0	/mnt/h/AETHIEAOPSYS/TOOLIO/src/fabric/go/pkg/mod/github.com/danielmiessler/fabric@v1.4.454/data/patterns/extract_references/user.md
2026-06-09T17:50:53.3500000000Z	0	/mnt/h/AETHIEAOPSYS/TOOLIO/src/fabric/go/pkg/mod/github.com/danielmiessler/fabric@v1.4.454/data/patterns/extract_videoid/user.md
2026-06-09T17:50:54.0000000000Z	1319	/mnt/h/AETHIEAOPSYS/TOOLIO/src/fabric/go/pkg/mod/github.com/danielmiessler/fabric@v1.4.454/data/patterns/extract_sponsors/system.md
2026-06-09T17:50:54.0000000000Z	1474	/mnt/h/AETHIEAOPSYS/TOOLIO/src/fabric/go/pkg/mod/github.com/danielmiessler/fabric@v1.4.454/data/patterns/extract_song_meaning/system.md
2026-06-09T17:50:54.0000000000Z	2412	/mnt/h/AETHIEAOPSYS/TOOLIO/src/fabric/go/pkg/mod/github.com/danielmiessler/fabric@v1.4.454/data/patterns/extract_video_commerce_entities/system.md
2026-06-09T17:50:54.0000000000Z	3251	/mnt/h/AETHIEAOPSYS/TOOLIO/src/fabric/go/pkg/mod/github.com/danielmiessler/fabric@v1.4.454/data/patterns/extract_wisdom/system.md
2026-06-09T17:50:54.0000000000Z	477	/mnt/h/AETHIEAOPSYS/TOOLIO/src/fabric/go/pkg/mod/github.com/danielmiessler/fabric@v1.4.454/data/patterns/extract_recommendations/system.md
2026-06-09T17:50:54.0000000000Z	564	/mnt/h/AETHIEAOPSYS/TOOLIO/src/fabric/go/pkg/mod/github.com/danielmiessler/fabric@v1.4.454/data/patterns/extract_references/system.md
2026-06-09T17:50:54.0000000000Z	573	/mnt/h/AETHIEAOPSYS/TOOLIO/src/fabric/go/pkg/mod/github.com/danielmiessler/fabric@v1.4.454/data/patterns/extract_videoid/system.md
2026-06-09T17:50:54.0000000000Z	7384	/mnt/h/AETHIEAOPSYS/TOOLIO/src/fabric/go/pkg/mod/github.com/danielmiessler/fabric@v1.4.454/data/patterns/extract_wisdom/README.md
2026-06-09T17:50:54.0000000000Z	758	/mnt/h/AETHIEAOPSYS/TOOLIO/src/fabric/go/pkg/mod/github.com/danielmiessler/fabric@v1.4.454/data/patterns/extract_skills/system.md
2026-06-09T17:51:06.0000000000Z	6864	/mnt/h/AETHIEAOPSYS/TOOLIO/src/fabric/go/pkg/mod/github.com/danielmiessler/fabric@v1.4.454/data/patterns/extract_wisdom_agents/system.md
2026-06-09T17:51:14.0000000000Z	4435	/mnt/h/AETHIEAOPSYS/TOOLIO/src/fabric/go/pkg/mod/github.com/danielmiessler/fabric@v1.4.454/data/patterns/extract_wisdom_dm/system.md
2026-06-09T17:51:20.0000000000Z	2807	/mnt/h/AETHIEAOPSYS/TOOLIO/src/fabric/go/pkg/mod/github.com/danielmiessler/fabric@v1.4.454/data/patterns/extract_wisdom_nometa/system.md
2026-06-09T17:51:22.0000000000Z	1014	/mnt/h/AETHIEAOPSYS/TOOLIO/src/fabric/go/pkg/mod/github.com/danielmiessler/fabric@v1.4.454/data/patterns/fix_typos/system.md
2026-06-09T17:51:22.0000000000Z	1355	/mnt/h/AETHIEAOPSYS/TOOLIO/src/fabric/go/pkg/mod/github.com/danielmiessler/fabric@v1.4.454/data/patterns/find_female_life_partner/system.md
2026-06-09T17:51:22.0000000000Z	155	/mnt/h/AETHIEAOPSYS/TOOLIO/src/fabric/go/pkg/mod/github.com/danielmiessler/fabric@v1.4.454/data/patterns/extract_wisdom_with_attribution/README.md
2026-06-09T17:51:22.0000000000Z	31829	/mnt/h/AETHIEAOPSYS/TOOLIO/src/fabric/go/pkg/mod/github.com/danielmiessler/fabric@v1.4.454/data/patterns/find_logical_fallacies/system.md
2026-06-09T17:51:22.0000000000Z	3262	/mnt/h/AETHIEAOPSYS/TOOLIO/src/fabric/go/pkg/mod/github.com/danielmiessler/fabric@v1.4.454/data/patterns/extract_wisdom_with_attribution/system.md
2026-06-09T17:51:22.0000000000Z	3711	/mnt/h/AETHIEAOPSYS/TOOLIO/src/fabric/go/pkg/mod/github.com/danielmiessler/fabric@v1.4.454/data/patterns/find_hidden_message/system.md
2026-06-09T17:51:22.0000000000Z	3763	/mnt/h/AETHIEAOPSYS/TOOLIO/src/fabric/go/pkg/mod/github.com/danielmiessler/fabric@v1.4.454/data/patterns/get_wow_per_minute/system.md
2026-06-09T17:51:22.0000000000Z	427	/mnt/h/AETHIEAOPSYS/TOOLIO/src/fabric/go/pkg/mod/github.com/danielmiessler/fabric@v1.4.454/data/patterns/generate_code_rules/system.md
2026-06-09T17:51:34.0000000000Z	1758	/mnt/h/AETHIEAOPSYS/TOOLIO/src/fabric/go/pkg/mod/github.com/danielmiessler/fabric@v1.4.454/data/patterns/greybeard_secure_prompt_engineer/system.md
2026-06-09T17:51:42.0000000000Z	1618	/mnt/h/AETHIEAOPSYS/TOOLIO/src/fabric/go/pkg/mod/github.com/danielmiessler/fabric@v1.4.454/data/patterns/heal_person/system.md
2026-06-09T17:51:54.0000000000Z	4758	/mnt/h/AETHIEAOPSYS/TOOLIO/src/fabric/go/pkg/mod/github.com/danielmiessler/fabric@v1.4.454/data/patterns/humanize/README.md
2026-06-09T17:51:54.8300000000Z	0	/mnt/h/AETHIEAOPSYS/TOOLIO/src/fabric/go/pkg/mod/github.com/danielmiessler/fabric@v1.4.454/data/patterns/improve_academic_writing/user.md
2026-06-09T17:51:56.0000000000Z	5206	/mnt/h/AETHIEAOPSYS/TOOLIO/src/fabric/go/pkg/mod/github.com/danielmiessler/fabric@v1.4.454/data/patterns/identify_dsrp_relationships/system.md
2026-06-09T17:51:56.0000000000Z	5456	/mnt/h/AETHIEAOPSYS/TOOLIO/src/fabric/go/pkg/mod/github.com/danielmiessler/fabric@v1.4.454/data/patterns/identify_dsrp_distinctions/system.md
2026-06-09T17:51:56.0000000000Z	5645	/mnt/h/AETHIEAOPSYS/TOOLIO/src/fabric/go/pkg/mod/github.com/danielmiessler/fabric@v1.4.454/data/patterns/identify_job_stories/system.md
2026-06-09T17:51:56.0000000000Z	5680	/mnt/h/AETHIEAOPSYS/TOOLIO/src/fabric/go/pkg/mod/github.com/danielmiessler/fabric@v1.4.454/data/patterns/identify_dsrp_perspectives/system.md
2026-06-09T17:51:56.0000000000Z	7209	/mnt/h/AETHIEAOPSYS/TOOLIO/src/fabric/go/pkg/mod/github.com/danielmiessler/fabric@v1.4.454/data/patterns/identify_dsrp_systems/system.md
2026-06-09T17:51:56.0000000000Z	803	/mnt/h/AETHIEAOPSYS/TOOLIO/src/fabric/go/pkg/mod/github.com/danielmiessler/fabric@v1.4.454/data/patterns/improve_academic_writing/system.md
2026-06-09T17:51:56.0000000000Z	8940	/mnt/h/AETHIEAOPSYS/TOOLIO/src/fabric/go/pkg/mod/github.com/danielmiessler/fabric@v1.4.454/data/patterns/humanize/system.md
2026-06-09T17:52:02.0000000000Z	34687	/mnt/h/AETHIEAOPSYS/TOOLIO/src/fabric/go/pkg/mod/github.com/danielmiessler/fabric@v1.4.454/data/patterns/improve_prompt/system.md
2026-06-09T17:52:10.0000000000Z	2519	/mnt/h/AETHIEAOPSYS/TOOLIO/src/fabric/go/pkg/mod/github.com/danielmiessler/fabric@v1.4.454/data/patterns/improve_report_finding/system.md
2026-06-09T17:52:12.0000000000Z	9	/mnt/h/AETHIEAOPSYS/TOOLIO/src/fabric/go/pkg/mod/github.com/danielmiessler/fabric@v1.4.454/data/patterns/improve_report_finding/user.md
2026-06-09T17:52:19.9100000000Z	0	/mnt/h/AETHIEAOPSYS/TOOLIO/src/fabric/go/pkg/mod/github.com/danielmiessler/fabric@v1.4.454/data/patterns/improve_writing/user.md
2026-06-09T17:52:20.0000000000Z	705	/mnt/h/AETHIEAOPSYS/TOOLIO/src/fabric/go/pkg/mod/github.com/danielmiessler/fabric@v1.4.454/data/patterns/improve_writing/system.md
2026-06-09T17:52:22.0000000000Z	1175	/mnt/h/AETHIEAOPSYS/TOOLIO/src/fabric/go/pkg/mod/github.com/danielmiessler/fabric@v1.4.454/data/patterns/md_callout/system.md
2026-06-09T17:52:22.0000000000Z	2359	/mnt/h/AETHIEAOPSYS/TOOLIO/src/fabric/go/pkg/mod/github.com/danielmiessler/fabric@v1.4.454/data/patterns/prepare_7s_strategy/system.md
2026-06-09T17:52:22.0000000000Z	2408	/mnt/h/AETHIEAOPSYS/TOOLIO/src/fabric/go/pkg/mod/github.com/danielmiessler/fabric@v1.4.454/data/patterns/judge_output/system.md
2026-06-09T17:52:22.0000000000Z	2898	/mnt/h/AETHIEAOPSYS/TOOLIO/src/fabric/go/pkg/mod/github.com/danielmiessler/fabric@v1.4.454/data/patterns/predict_person_actions/system.md
2026-06-09T17:52:22.0000000000Z	3845	/mnt/h/AETHIEAOPSYS/TOOLIO/src/fabric/go/pkg/mod/github.com/danielmiessler/fabric@v1.4.454/data/patterns/model_as_sherlock_freud/system.md
2026-06-09T17:52:22.0000000000Z	41168	/mnt/h/AETHIEAOPSYS/TOOLIO/src/fabric/go/pkg/mod/github.com/danielmiessler/fabric@v1.4.454/data/patterns/pattern_explanations.md
2026-06-09T17:52:22.0000000000Z	4209	/mnt/h/AETHIEAOPSYS/TOOLIO/src/fabric/go/pkg/mod/github.com/danielmiessler/fabric@v1.4.454/data/patterns/label_and_rate/system.md
2026-06-09T17:52:22.0000000000Z	5185	/mnt/h/AETHIEAOPSYS/TOOLIO/src/fabric/go/pkg/mod/github.com/danielmiessler/fabric@v1.4.454/data/patterns/official_pattern_template/system.md
2026-06-09T17:52:34.0000000000Z	2104	/mnt/h/AETHIEAOPSYS/TOOLIO/src/fabric/go/pkg/mod/github.com/danielmiessler/fabric@v1.4.454/data/patterns/provide_guidance/system.md
2026-06-09T17:52:40.0000000000Z	2472	/mnt/h/AETHIEAOPSYS/TOOLIO/src/fabric/go/pkg/mod/github.com/danielmiessler/fabric@v1.4.454/data/patterns/rate_ai_response/system.md
2026-06-09T17:52:48.0000000000Z	5163	/mnt/h/AETHIEAOPSYS/TOOLIO/src/fabric/go/pkg/mod/github.com/danielmiessler/fabric@v1.4.454/data/patterns/rate_ai_result/system.md
2026-06-09T17:52:49.0400000000Z	0	/mnt/h/AETHIEAOPSYS/TOOLIO/src/fabric/go/pkg/mod/github.com/danielmiessler/fabric@v1.4.454/data/patterns/rate_value/user.md
2026-06-09T17:52:50.0000000000Z	1092	/mnt/h/AETHIEAOPSYS/TOOLIO/src/fabric/go/pkg/mod/github.com/danielmiessler/fabric@v1.4.454/data/patterns/recommend_pipeline_upgrades/system.md
2026-06-09T17:52:50.0000000000Z	1301	/mnt/h/AETHIEAOPSYS/TOOLIO/src/fabric/go/pkg/mod/github.com/danielmiessler/fabric@v1.4.454/data/patterns/recommend_artists/system.md
2026-06-09T17:52:50.0000000000Z	169	/mnt/h/AETHIEAOPSYS/TOOLIO/src/fabric/go/pkg/mod/github.com/danielmiessler/fabric@v1.4.454/data/patterns/rate_value/README.md
2026-06-09T17:52:50.0000000000Z	2080	/mnt/h/AETHIEAOPSYS/TOOLIO/src/fabric/go/pkg/mod/github.com/danielmiessler/fabric@v1.4.454/data/patterns/rate_value/system.md
2026-06-09T17:52:50.0000000000Z	2149	/mnt/h/AETHIEAOPSYS/TOOLIO/src/fabric/go/pkg/mod/github.com/danielmiessler/fabric@v1.4.454/data/patterns/recommend_talkpanel_topics/system.md
2026-06-09T17:52:50.0000000000Z	2295	/mnt/h/AETHIEAOPSYS/TOOLIO/src/fabric/go/pkg/mod/github.com/danielmiessler/fabric@v1.4.454/data/patterns/rate_content/system.md
2026-06-09T17:52:50.0000000000Z	327	/mnt/h/AETHIEAOPSYS/TOOLIO/src/fabric/go/pkg/mod/github.com/danielmiessler/fabric@v1.4.454/data/patterns/raw_query/system.md
2026-06-09T17:52:50.0000000000Z	9	/mnt/h/AETHIEAOPSYS/TOOLIO/src/fabric/go/pkg/mod/github.com/danielmiessler/fabric@v1.4.454/data/patterns/rate_content/user.md
2026-06-09T17:53:00.0000000000Z	2304	/mnt/h/AETHIEAOPSYS/TOOLIO/src/fabric/go/pkg/mod/github.com/danielmiessler/fabric@v1.4.454/data/patterns/recommend_yoga_practice/system.md
2026-06-09T17:53:06.0000000000Z	878	/mnt/h/AETHIEAOPSYS/TOOLIO/src/fabric/go/pkg/mod/github.com/danielmiessler/fabric@v1.4.454/data/patterns/refine_design_document/system.md
2026-06-09T17:53:16.0000000000Z	4832	/mnt/h/AETHIEAOPSYS/TOOLIO/src/fabric/go/pkg/mod/github.com/danielmiessler/fabric@v1.4.454/data/patterns/review_code/system.md
2026-06-09T17:53:17.7800000000Z	0	/mnt/h/AETHIEAOPSYS/TOOLIO/src/fabric/go/pkg/mod/github.com/danielmiessler/fabric@v1.4.454/data/patterns/summarize/user.md
2026-06-09T17:53:18.0000000000Z	12273	/mnt/h/AETHIEAOPSYS/TOOLIO/src/fabric/go/pkg/mod/github.com/danielmiessler/fabric@v1.4.454/data/patterns/suggest_gt_command/system.md
2026-06-09T17:53:18.0000000000Z	15878	/mnt/h/AETHIEAOPSYS/TOOLIO/src/fabric/go/pkg/mod/github.com/danielmiessler/fabric@v1.4.454/data/patterns/suggest_pattern/system.md
2026-06-09T17:53:18.0000000000Z	20560	/mnt/h/AETHIEAOPSYS/TOOLIO/src/fabric/go/pkg/mod/github.com/danielmiessler/fabric@v1.4.454/data/patterns/suggest_openclaw_pattern/system.md
2026-06-09T17:53:18.0000000000Z	28801	/mnt/h/AETHIEAOPSYS/TOOLIO/src/fabric/go/pkg/mod/github.com/danielmiessler/fabric@v1.4.454/data/patterns/suggest_pattern/user.md
2026-06-09T17:53:18.0000000000Z	3712	/mnt/h/AETHIEAOPSYS/TOOLIO/src/fabric/go/pkg/mod/github.com/danielmiessler/fabric@v1.4.454/data/patterns/review_design/system.md
2026-06-09T17:53:18.0000000000Z	87327	/mnt/h/AETHIEAOPSYS/TOOLIO/src/fabric/go/pkg/mod/github.com/danielmiessler/fabric@v1.4.454/data/patterns/sanitize_broken_html_to_markdown/system.md
2026-06-09T17:53:18.0000000000Z	960	/mnt/h/AETHIEAOPSYS/TOOLIO/src/fabric/go/pkg/mod/github.com/danielmiessler/fabric@v1.4.454/data/patterns/summarize/system.md
2026-06-09T17:53:30.0000000000Z	4119	/mnt/h/AETHIEAOPSYS/TOOLIO/src/fabric/go/pkg/mod/github.com/danielmiessler/fabric@v1.4.454/data/patterns/summarize_board_meeting/system.md
2026-06-09T17:53:38.0000000000Z	2738	/mnt/h/AETHIEAOPSYS/TOOLIO/src/fabric/go/pkg/mod/github.com/danielmiessler/fabric@v1.4.454/data/patterns/summarize_debate/system.md
2026-06-09T17:53:44.0000000000Z	768	/mnt/h/AETHIEAOPSYS/TOOLIO/src/fabric/go/pkg/mod/github.com/danielmiessler/fabric@v1.4.454/data/patterns/summarize_git_changes/system.md
2026-06-09T17:53:45.6100000000Z	0	/mnt/h/AETHIEAOPSYS/TOOLIO/src/fabric/go/pkg/mod/github.com/danielmiessler/fabric@v1.4.454/data/patterns/summarize_micro/user.md
2026-06-09T17:53:45.7100000000Z	0	/mnt/h/AETHIEAOPSYS/TOOLIO/src/fabric/go/pkg/mod/github.com/danielmiessler/fabric@v1.4.454/data/patterns/summarize_newsletter/user.md
2026-06-09T17:53:45.8500000000Z	0	/mnt/h/AETHIEAOPSYS/TOOLIO/src/fabric/go/pkg/mod/github.com/danielmiessler/fabric@v1.4.454/data/patterns/summarize_paper/user.md
2026-06-09T17:53:46.0000000000Z	1603	/mnt/h/AETHIEAOPSYS/TOOLIO/src/fabric/go/pkg/mod/github.com/danielmiessler/fabric@v1.4.454/data/patterns/summarize_git_diff/system.md
2026-06-09T17:53:46.0000000000Z	1749	/mnt/h/AETHIEAOPSYS/TOOLIO/src/fabric/go/pkg/mod/github.com/danielmiessler/fabric@v1.4.454/data/patterns/summarize_newsletter/system.md
2026-06-09T17:53:46.0000000000Z	1926	/mnt/h/AETHIEAOPSYS/TOOLIO/src/fabric/go/pkg/mod/github.com/danielmiessler/fabric@v1.4.454/data/patterns/summarize_meeting/system.md
2026-06-09T17:53:46.0000000000Z	2063	/mnt/h/AETHIEAOPSYS/TOOLIO/src/fabric/go/pkg/mod/github.com/danielmiessler/fabric@v1.4.454/data/patterns/summarize_paper/system.md
2026-06-09T17:53:46.0000000000Z	2359	/mnt/h/AETHIEAOPSYS/TOOLIO/src/fabric/go/pkg/mod/github.com/danielmiessler/fabric@v1.4.454/data/patterns/summarize_legislation/system.md
2026-06-09T17:53:46.0000000000Z	4418	/mnt/h/AETHIEAOPSYS/TOOLIO/src/fabric/go/pkg/mod/github.com/danielmiessler/fabric@v1.4.454/data/patterns/summarize_lecture/system.md
2026-06-09T17:53:46.0000000000Z	4535	/mnt/h/AETHIEAOPSYS/TOOLIO/src/fabric/go/pkg/mod/github.com/danielmiessler/fabric@v1.4.454/data/patterns/summarize_paper/README.md
2026-06-09T17:53:46.0000000000Z	968	/mnt/h/AETHIEAOPSYS/TOOLIO/src/fabric/go/pkg/mod/github.com/danielmiessler/fabric@v1.4.454/data/patterns/summarize_micro/system.md
2026-06-09T17:53:58.0000000000Z	1084	/mnt/h/AETHIEAOPSYS/TOOLIO/src/fabric/go/pkg/mod/github.com/danielmiessler/fabric@v1.4.454/data/patterns/summarize_prompt/system.md
2026-06-09T17:54:06.0000000000Z	1055	/mnt/h/AETHIEAOPSYS/TOOLIO/src/fabric/go/pkg/mod/github.com/danielmiessler/fabric@v1.4.454/data/patterns/summarize_pull-requests/system.md
2026-06-09T17:54:06.2300000000Z	0	/mnt/h/AETHIEAOPSYS/TOOLIO/src/fabric/go/pkg/mod/github.com/danielmiessler/fabric@v1.4.454/data/patterns/summarize_pull-requests/user.md
2026-06-09T17:54:14.0000000000Z	1058	/mnt/h/AETHIEAOPSYS/TOOLIO/src/fabric/go/pkg/mod/github.com/danielmiessler/fabric@v1.4.454/data/patterns/t_create_opening_sentences/system.md
2026-06-09T17:54:14.0000000000Z	2705	/mnt/h/AETHIEAOPSYS/TOOLIO/src/fabric/go/pkg/mod/github.com/danielmiessler/fabric@v1.4.454/data/patterns/t_check_dunning_kruger/system.md
2026-06-09T17:54:14.0000000000Z	4579	/mnt/h/AETHIEAOPSYS/TOOLIO/src/fabric/go/pkg/mod/github.com/danielmiessler/fabric@v1.4.454/data/patterns/summarize_rpg_session/system.md
2026-06-09T17:54:14.0000000000Z	735	/mnt/h/AETHIEAOPSYS/TOOLIO/src/fabric/go/pkg/mod/github.com/danielmiessler/fabric@v1.4.454/data/patterns/t_describe_life_outlook/system.md
2026-06-09T17:54:14.0000000000Z	787	/mnt/h/AETHIEAOPSYS/TOOLIO/src/fabric/go/pkg/mod/github.com/danielmiessler/fabric@v1.4.454/data/patterns/t_check_metrics/system.md
2026-06-09T17:54:14.0000000000Z	865	/mnt/h/AETHIEAOPSYS/TOOLIO/src/fabric/go/pkg/mod/github.com/danielmiessler/fabric@v1.4.454/data/patterns/t_extract_intro_sentences/system.md
2026-06-09T17:54:14.0000000000Z	883	/mnt/h/AETHIEAOPSYS/TOOLIO/src/fabric/go/pkg/mod/github.com/danielmiessler/fabric@v1.4.454/data/patterns/t_analyze_challenge_handling/system.md
2026-06-09T17:54:14.0000000000Z	905	/mnt/h/AETHIEAOPSYS/TOOLIO/src/fabric/go/pkg/mod/github.com/danielmiessler/fabric@v1.4.454/data/patterns/t_create_h3_career/system.md
2026-06-09T17:54:26.0000000000Z	903	/mnt/h/AETHIEAOPSYS/TOOLIO/src/fabric/go/pkg/mod/github.com/danielmiessler/fabric@v1.4.454/data/patterns/t_extract_panel_topics/system.md
2026-06-09T17:54:36.0000000000Z	824	/mnt/h/AETHIEAOPSYS/TOOLIO/src/fabric/go/pkg/mod/github.com/danielmiessler/fabric@v1.4.454/data/patterns/t_find_blindspots/system.md
2026-06-09T17:54:44.0000000000Z	856	/mnt/h/AETHIEAOPSYS/TOOLIO/src/fabric/go/pkg/mod/github.com/danielmiessler/fabric@v1.4.454/data/patterns/t_find_negative_thinking/system.md
2026-06-09T17:54:48.0000000000Z	2448	/mnt/h/AETHIEAOPSYS/TOOLIO/src/fabric/go/pkg/mod/github.com/danielmiessler/fabric@v1.4.454/data/patterns/to_flashcards/system.md
2026-06-09T17:54:48.0000000000Z	754	/mnt/h/AETHIEAOPSYS/TOOLIO/src/fabric/go/pkg/mod/github.com/danielmiessler/fabric@v1.4.454/data/patterns/t_visualize_mission_goals_projects/system.md
2026-06-09T17:54:48.0000000000Z	788	/mnt/h/AETHIEAOPSYS/TOOLIO/src/fabric/go/pkg/mod/github.com/danielmiessler/fabric@v1.4.454/data/patterns/t_find_neglected_goals/system.md
2026-06-09T17:54:48.0000000000Z	835	/mnt/h/AETHIEAOPSYS/TOOLIO/src/fabric/go/pkg/mod/github.com/danielmiessler/fabric@v1.4.454/data/patterns/t_threat_model_plans/system.md
2026-06-09T17:54:48.0000000000Z	852	/mnt/h/AETHIEAOPSYS/TOOLIO/src/fabric/go/pkg/mod/github.com/danielmiessler/fabric@v1.4.454/data/patterns/t_give_encouragement/system.md
2026-06-09T17:54:48.0000000000Z	857	/mnt/h/AETHIEAOPSYS/TOOLIO/src/fabric/go/pkg/mod/github.com/danielmiessler/fabric@v1.4.454/data/patterns/t_year_in_review/system.md
2026-06-09T17:54:48.0000000000Z	879	/mnt/h/AETHIEAOPSYS/TOOLIO/src/fabric/go/pkg/mod/github.com/danielmiessler/fabric@v1.4.454/data/patterns/t_red_team_thinking/system.md
2026-06-09T17:54:58.0100000000Z	0	/mnt/h/AETHIEAOPSYS/TOOLIO/src/fabric/go/pkg/mod/github.com/danielmiessler/fabric@v1.4.454/data/patterns/transcribe_minutes/README.md
2026-06-09T17:55:00.0000000000Z	2140	/mnt/h/AETHIEAOPSYS/TOOLIO/src/fabric/go/pkg/mod/github.com/danielmiessler/fabric@v1.4.454/data/patterns/transcribe_minutes/system.md
2026-06-09T17:55:06.0000000000Z	1065	/mnt/h/AETHIEAOPSYS/TOOLIO/src/fabric/go/pkg/mod/github.com/danielmiessler/fabric@v1.4.454/data/patterns/translate/system.md
2026-06-09T17:55:14.0000000000Z	1213	/mnt/h/AETHIEAOPSYS/TOOLIO/src/fabric/go/pkg/mod/github.com/danielmiessler/fabric@v1.4.454/data/patterns/write_essay/system.md
2026-06-09T17:55:14.0000000000Z	2218	/mnt/h/AETHIEAOPSYS/TOOLIO/src/fabric/go/pkg/mod/github.com/danielmiessler/fabric@v1.4.454/data/patterns/ultimate_law_safety/README.md
2026-06-09T17:55:14.0000000000Z	4516	/mnt/h/AETHIEAOPSYS/TOOLIO/src/fabric/go/pkg/mod/github.com/danielmiessler/fabric@v1.4.454/data/patterns/tweet/system.md
2026-06-09T17:55:14.0000000000Z	6050	/mnt/h/AETHIEAOPSYS/TOOLIO/src/fabric/go/pkg/mod/github.com/danielmiessler/fabric@v1.4.454/data/patterns/ultimate_law_safety/system.md
2026-06-09T17:55:16.0000000000Z	1475	/mnt/h/AETHIEAOPSYS/TOOLIO/src/fabric/go/pkg/mod/github.com/danielmiessler/fabric@v1.4.454/data/patterns/write_latex/system.md
2026-06-09T17:55:16.0000000000Z	1863	/mnt/h/AETHIEAOPSYS/TOOLIO/src/fabric/go/pkg/mod/github.com/danielmiessler/fabric@v1.4.454/data/patterns/write_hackerone_report/README.md
2026-06-09T17:55:16.0000000000Z	51636	/mnt/h/AETHIEAOPSYS/TOOLIO/src/fabric/go/pkg/mod/github.com/danielmiessler/fabric@v1.4.454/data/patterns/write_micro_essay/system.md
2026-06-09T17:55:16.0000000000Z	51782	/mnt/h/AETHIEAOPSYS/TOOLIO/src/fabric/go/pkg/mod/github.com/danielmiessler/fabric@v1.4.454/data/patterns/write_essay_pg/system.md
2026-06-09T17:55:16.0000000000Z	6255	/mnt/h/AETHIEAOPSYS/TOOLIO/src/fabric/go/pkg/mod/github.com/danielmiessler/fabric@v1.4.454/data/patterns/write_hackerone_report/system.md
2026-06-09T17:55:28.0000000000Z	68209	/mnt/h/AETHIEAOPSYS/TOOLIO/src/fabric/go/pkg/mod/github.com/danielmiessler/fabric@v1.4.454/data/patterns/write_nuclei_template_rule/system.md
2026-06-09T17:55:28.7200000000Z	0	/mnt/h/AETHIEAOPSYS/TOOLIO/src/fabric/go/pkg/mod/github.com/danielmiessler/fabric@v1.4.454/data/patterns/write_nuclei_template_rule/user.md
2026-06-09T17:55:36.0000000000Z	4704	/mnt/h/AETHIEAOPSYS/TOOLIO/src/fabric/go/pkg/mod/github.com/danielmiessler/fabric@v1.4.454/data/patterns/write_pull-request/system.md
2026-06-09T17:55:41.9700000000Z	0	/mnt/h/AETHIEAOPSYS/TOOLIO/src/fabric/go/pkg/mod/github.com/danielmiessler/fabric@v1.4.454/data/patterns/write_semgrep_rule/user.md
2026-06-09T17:55:42.0000000000Z	31951	/mnt/h/AETHIEAOPSYS/TOOLIO/src/fabric/go/pkg/mod/github.com/danielmiessler/fabric@v1.4.454/data/patterns/write_semgrep_rule/system.md
2026-06-09T17:55:44.0000000000Z	10387	/mnt/h/AETHIEAOPSYS/TOOLIO/src/fabric/go/pkg/mod/github.com/danielmiessler/fabric@v1.4.454/docs/Azure-AI-Gateway.md
2026-06-09T17:55:44.0000000000Z	1217	/mnt/h/AETHIEAOPSYS/TOOLIO/src/fabric/go/pkg/mod/github.com/danielmiessler/fabric@v1.4.454/docs/CODE_OF_CONDUCT.md
2026-06-09T17:55:44.0000000000Z	12455	/mnt/h/AETHIEAOPSYS/TOOLIO/src/fabric/go/pkg/mod/github.com/danielmiessler/fabric@v1.4.454/docs/Project-Restructured.md
2026-06-09T17:55:44.0000000000Z	128	/mnt/h/AETHIEAOPSYS/TOOLIO/src/fabric/go/pkg/mod/github.com/danielmiessler/fabric@v1.4.454/data/strategies/standard.json
2026-06-09T17:55:44.0000000000Z	12904	/mnt/h/AETHIEAOPSYS/TOOLIO/src/fabric/go/pkg/mod/github.com/danielmiessler/fabric@v1.4.454/docs/Automated-ChangeLog.md
2026-06-09T17:55:44.0000000000Z	139	/mnt/h/AETHIEAOPSYS/TOOLIO/src/fabric/go/pkg/mod/github.com/danielmiessler/fabric@v1.4.454/data/strategies/self-refine.json
2026-06-09T17:55:44.0000000000Z	13949	/mnt/h/AETHIEAOPSYS/TOOLIO/src/fabric/go/pkg/mod/github.com/danielmiessler/fabric@v1.4.454/docs/Microsoft-365-Copilot-Setup.md
2026-06-09T17:55:44.0000000000Z	141	/mnt/h/AETHIEAOPSYS/TOOLIO/src/fabric/go/pkg/mod/github.com/danielmiessler/fabric@v1.4.454/data/strategies/self-consistent.json
2026-06-09T17:55:44.0000000000Z	141	/mnt/h/AETHIEAOPSYS/TOOLIO/src/fabric/go/pkg/mod/github.com/danielmiessler/fabric@v1.4.454/data/strategies/tot.json
2026-06-09T17:55:44.0000000000Z	143	/mnt/h/AETHIEAOPSYS/TOOLIO/src/fabric/go/pkg/mod/github.com/danielmiessler/fabric@v1.4.454/data/strategies/reflexion.json
2026-06-09T17:55:44.0000000000Z	166	/mnt/h/AETHIEAOPSYS/TOOLIO/src/fabric/go/pkg/mod/github.com/danielmiessler/fabric@v1.4.454/data/strategies/cot.json
2026-06-09T17:55:44.0000000000Z	171	/mnt/h/AETHIEAOPSYS/TOOLIO/src/fabric/go/pkg/mod/github.com/danielmiessler/fabric@v1.4.454/data/strategies/ltm.json
2026-06-09T17:55:44.0000000000Z	1833	/mnt/h/AETHIEAOPSYS/TOOLIO/src/fabric/go/pkg/mod/github.com/danielmiessler/fabric@v1.4.454/docs/DigitalOcean-Agents-Setup.md
2026-06-09T17:55:44.0000000000Z	194	/mnt/h/AETHIEAOPSYS/TOOLIO/src/fabric/go/pkg/mod/github.com/danielmiessler/fabric@v1.4.454/data/strategies/cod.json
2026-06-09T17:55:44.0000000000Z	20018	/mnt/h/AETHIEAOPSYS/TOOLIO/src/fabric/go/pkg/mod/github.com/danielmiessler/fabric@v1.4.454/docs/GitHub-Models-Setup.md
2026-06-09T17:55:44.0000000000Z	2073	/mnt/h/AETHIEAOPSYS/TOOLIO/src/fabric/go/pkg/mod/github.com/danielmiessler/fabric@v1.4.454/data/patterns/youtube_summary/system.md
2026-06-09T17:55:44.0000000000Z	2839	/mnt/h/AETHIEAOPSYS/TOOLIO/src/fabric/go/pkg/mod/github.com/danielmiessler/fabric@v1.4.454/docs/NOTES.md
2026-06-09T17:55:44.0000000000Z	3823	/mnt/h/AETHIEAOPSYS/TOOLIO/src/fabric/go/pkg/mod/github.com/danielmiessler/fabric@v1.4.454/docs/SUPPORT.md
2026-06-09T17:55:44.0000000000Z	3996	/mnt/h/AETHIEAOPSYS/TOOLIO/src/fabric/go/pkg/mod/github.com/danielmiessler/fabric@v1.4.454/docs/Azure-OpenAI-Troubleshooting.md
2026-06-09T17:55:44.0000000000Z	4066	/mnt/h/AETHIEAOPSYS/TOOLIO/src/fabric/go/pkg/mod/github.com/danielmiessler/fabric@v1.4.454/docs/README.md
2026-06-09T17:55:44.0000000000Z	4427	/mnt/h/AETHIEAOPSYS/TOOLIO/src/fabric/go/pkg/mod/github.com/danielmiessler/fabric@v1.4.454/docs/Gemini-TTS.md
2026-06-09T17:55:44.0000000000Z	4536	/mnt/h/AETHIEAOPSYS/TOOLIO/src/fabric/go/pkg/mod/github.com/danielmiessler/fabric@v1.4.454/docs/SECURITY.md
2026-06-09T17:55:44.0000000000Z	482	/mnt/h/AETHIEAOPSYS/TOOLIO/src/fabric/go/pkg/mod/github.com/danielmiessler/fabric@v1.4.454/data/strategies/aot.json
2026-06-09T17:55:44.0000000000Z	4865	/mnt/h/AETHIEAOPSYS/TOOLIO/src/fabric/go/pkg/mod/github.com/danielmiessler/fabric@v1.4.454/docs/Desktop-Notifications.md
2026-06-09T17:55:44.0000000000Z	5972	/mnt/h/AETHIEAOPSYS/TOOLIO/src/fabric/go/pkg/mod/github.com/danielmiessler/fabric@v1.4.454/docs/Automated-Changelog-Usage.md
2026-06-09T17:55:44.0000000000Z	6478	/mnt/h/AETHIEAOPSYS/TOOLIO/src/fabric/go/pkg/mod/github.com/danielmiessler/fabric@v1.4.454/docs/CONTRIBUTING.md
2026-06-09T17:55:44.0000000000Z	9250	/mnt/h/AETHIEAOPSYS/TOOLIO/src/fabric/go/pkg/mod/github.com/danielmiessler/fabric@v1.4.454/docs/Go-Updates-September-2025.md
2026-06-09T17:55:56.0000000000Z	4988	/mnt/h/AETHIEAOPSYS/TOOLIO/src/fabric/go/pkg/mod/github.com/danielmiessler/fabric@v1.4.454/docs/Shell-Completions.md
2026-06-09T17:55:58.0000000000Z	4532	/mnt/h/AETHIEAOPSYS/TOOLIO/src/fabric/go/pkg/mod/github.com/danielmiessler/fabric@v1.4.454/docs/Using-Speech-To-Text.md
2026-06-09T17:56:02.0000000000Z	3702	/mnt/h/AETHIEAOPSYS/TOOLIO/src/fabric/go/pkg/mod/github.com/danielmiessler/fabric@v1.4.454/docs/contexts-and-sessions-tutorial.md
2026-06-09T17:56:02.0000000000Z	9511	/mnt/h/AETHIEAOPSYS/TOOLIO/src/fabric/go/pkg/mod/github.com/danielmiessler/fabric@v1.4.454/docs/YouTube-Processing.md
2026-06-09T17:56:08.0000000000Z	18626	/mnt/h/AETHIEAOPSYS/TOOLIO/src/fabric/go/pkg/mod/github.com/danielmiessler/fabric@v1.4.454/docs/docs.go
2026-06-09T17:56:10.0000000000Z	3911	/mnt/h/AETHIEAOPSYS/TOOLIO/src/fabric/go/pkg/mod/github.com/danielmiessler/fabric@v1.4.454/docs/i18n-variants.md
2026-06-09T17:56:12.0000000000Z	4711	/mnt/h/AETHIEAOPSYS/TOOLIO/src/fabric/go/pkg/mod/github.com/danielmiessler/fabric@v1.4.454/docs/i18n.md
2026-06-09T17:57:54.0000000000Z	5694397	/mnt/h/AETHIEAOPSYS/TOOLIO/src/fabric/go/pkg/mod/github.com/danielmiessler/fabric@v1.4.454/docs/images/fabric-logo-gif.gif
2026-06-09T17:58:06.0000000000Z	503175	/mnt/h/AETHIEAOPSYS/TOOLIO/src/fabric/go/pkg/mod/github.com/danielmiessler/fabric@v1.4.454/docs/images/fabric-summarize.png
2026-06-09T17:58:26.0000000000Z	1201165	/mnt/h/AETHIEAOPSYS/TOOLIO/src/fabric/go/pkg/mod/github.com/danielmiessler/fabric@v1.4.454/docs/images/svelte-preview.png
2026-06-09T17:58:28.0000000000Z	643	/mnt/h/AETHIEAOPSYS/TOOLIO/src/fabric/go/pkg/mod/github.com/danielmiessler/fabric@v1.4.454/docs/notification-config.yaml
2026-06-09T17:58:32.0000000000Z	12375	/mnt/h/AETHIEAOPSYS/TOOLIO/src/fabric/go/pkg/mod/github.com/danielmiessler/fabric@v1.4.454/docs/rest-api.md
2026-06-09T17:58:34.0000000000Z	11085	/mnt/h/AETHIEAOPSYS/TOOLIO/src/fabric/go/pkg/mod/github.com/danielmiessler/fabric@v1.4.454/internal/cli/help.go
2026-06-09T17:58:34.0000000000Z	14076	/mnt/h/AETHIEAOPSYS/TOOLIO/src/fabric/go/pkg/mod/github.com/danielmiessler/fabric@v1.4.454/internal/cli/flags_test.go
2026-06-09T17:58:34.0000000000Z	1566	/mnt/h/AETHIEAOPSYS/TOOLIO/src/fabric/go/pkg/mod/github.com/danielmiessler/fabric@v1.4.454/docs/voices/README.md
2026-06-09T17:58:34.0000000000Z	1600	/mnt/h/AETHIEAOPSYS/TOOLIO/src/fabric/go/pkg/mod/github.com/danielmiessler/fabric@v1.4.454/internal/cli/README.md
2026-06-09T17:58:34.0000000000Z	1664	/mnt/h/AETHIEAOPSYS/TOOLIO/src/fabric/go/pkg/mod/github.com/danielmiessler/fabric@v1.4.454/internal/cli/initialization.go
2026-06-09T17:58:34.0000000000Z	17959	/mnt/h/AETHIEAOPSYS/TOOLIO/src/fabric/go/pkg/mod/github.com/danielmiessler/fabric@v1.4.454/docs/swagger.json
2026-06-09T17:58:34.0000000000Z	26102	/mnt/h/AETHIEAOPSYS/TOOLIO/src/fabric/go/pkg/mod/github.com/danielmiessler/fabric@v1.4.454/internal/cli/flags.go
2026-06-09T17:58:34.0000000000Z	3021	/mnt/h/AETHIEAOPSYS/TOOLIO/src/fabric/go/pkg/mod/github.com/danielmiessler/fabric@v1.4.454/flake.lock
2026-06-09T17:58:34.0000000000Z	3044	/mnt/h/AETHIEAOPSYS/TOOLIO/src/fabric/go/pkg/mod/github.com/danielmiessler/fabric@v1.4.454/flake.nix
2026-06-09T17:58:34.0000000000Z	451	/mnt/h/AETHIEAOPSYS/TOOLIO/src/fabric/go/pkg/mod/github.com/danielmiessler/fabric@v1.4.454/internal/cli/cli_test.go
2026-06-09T17:58:34.0000000000Z	45563	/mnt/h/AETHIEAOPSYS/TOOLIO/src/fabric/go/pkg/mod/github.com/danielmiessler/fabric@v1.4.454/go.sum
2026-06-09T17:58:34.0000000000Z	4646	/mnt/h/AETHIEAOPSYS/TOOLIO/src/fabric/go/pkg/mod/github.com/danielmiessler/fabric@v1.4.454/internal/chat/chat.go
2026-06-09T17:58:34.0000000000Z	566	/mnt/h/AETHIEAOPSYS/TOOLIO/src/fabric/go/pkg/mod/github.com/danielmiessler/fabric@v1.4.454/internal/cli/example.yaml
2026-06-09T17:58:34.0000000000Z	5842	/mnt/h/AETHIEAOPSYS/TOOLIO/src/fabric/go/pkg/mod/github.com/danielmiessler/fabric@v1.4.454/internal/cli/cli.go
2026-06-09T17:58:34.0000000000Z	6890	/mnt/h/AETHIEAOPSYS/TOOLIO/src/fabric/go/pkg/mod/github.com/danielmiessler/fabric@v1.4.454/internal/cli/chat.go
2026-06-09T17:58:34.0000000000Z	760	/mnt/h/AETHIEAOPSYS/TOOLIO/src/fabric/go/pkg/mod/github.com/danielmiessler/fabric@v1.4.454/internal/cli/extensions.go
2026-06-09T17:58:34.0000000000Z	794	/mnt/h/AETHIEAOPSYS/TOOLIO/src/fabric/go/pkg/mod/github.com/danielmiessler/fabric@v1.4.454/internal/cli/configuration.go
2026-06-09T17:58:34.0000000000Z	8095	/mnt/h/AETHIEAOPSYS/TOOLIO/src/fabric/go/pkg/mod/github.com/danielmiessler/fabric@v1.4.454/go.mod
2026-06-09T17:58:34.0000000000Z	9010	/mnt/h/AETHIEAOPSYS/TOOLIO/src/fabric/go/pkg/mod/github.com/danielmiessler/fabric@v1.4.454/docs/swagger.yaml
2026-06-09T17:58:34.0000000000Z	9906	/mnt/h/AETHIEAOPSYS/TOOLIO/src/fabric/go/pkg/mod/github.com/danielmiessler/fabric@v1.4.454/internal/cli/chat_test.go
2026-06-09T17:58:44.0000000000Z	4046	/mnt/h/AETHIEAOPSYS/TOOLIO/src/fabric/go/pkg/mod/github.com/danielmiessler/fabric@v1.4.454/internal/cli/listing.go
2026-06-09T17:58:46.0000000000Z	878	/mnt/h/AETHIEAOPSYS/TOOLIO/src/fabric/go/pkg/mod/github.com/danielmiessler/fabric@v1.4.454/internal/cli/management.go
2026-06-09T17:58:50.0000000000Z	1969	/mnt/h/AETHIEAOPSYS/TOOLIO/src/fabric/go/pkg/mod/github.com/danielmiessler/fabric@v1.4.454/internal/cli/output.go
2026-06-09T17:58:52.0000000000Z	1283	/mnt/h/AETHIEAOPSYS/TOOLIO/src/fabric/go/pkg/mod/github.com/danielmiessler/fabric@v1.4.454/internal/cli/output_test.go
2026-06-09T17:58:56.0000000000Z	902	/mnt/h/AETHIEAOPSYS/TOOLIO/src/fabric/go/pkg/mod/github.com/danielmiessler/fabric@v1.4.454/internal/cli/setup_server.go
2026-06-09T17:58:58.0000000000Z	3192	/mnt/h/AETHIEAOPSYS/TOOLIO/src/fabric/go/pkg/mod/github.com/danielmiessler/fabric@v1.4.454/internal/cli/tools.go
2026-06-09T17:59:02.0000000000Z	1028	/mnt/h/AETHIEAOPSYS/TOOLIO/src/fabric/go/pkg/mod/github.com/danielmiessler/fabric@v1.4.454/internal/cli/transcribe.go
2026-06-09T17:59:02.0000000000Z	10872	/mnt/h/AETHIEAOPSYS/TOOLIO/src/fabric/go/pkg/mod/github.com/danielmiessler/fabric@v1.4.454/internal/core/chatter.go
2026-06-09T17:59:02.0000000000Z	13571	/mnt/h/AETHIEAOPSYS/TOOLIO/src/fabric/go/pkg/mod/github.com/danielmiessler/fabric@v1.4.454/internal/core/chatter_test.go
2026-06-09T17:59:02.0000000000Z	1466	/mnt/h/AETHIEAOPSYS/TOOLIO/src/fabric/go/pkg/mod/github.com/danielmiessler/fabric@v1.4.454/internal/domain/thinking.go
2026-06-09T17:59:02.0000000000Z	1490	/mnt/h/AETHIEAOPSYS/TOOLIO/src/fabric/go/pkg/mod/github.com/danielmiessler/fabric@v1.4.454/internal/i18n/i18n_test.go
2026-06-09T17:59:02.0000000000Z	19552	/mnt/h/AETHIEAOPSYS/TOOLIO/src/fabric/go/pkg/mod/github.com/danielmiessler/fabric@v1.4.454/internal/core/plugin_registry.go
2026-06-09T17:59:02.0000000000Z	2281	/mnt/h/AETHIEAOPSYS/TOOLIO/src/fabric/go/pkg/mod/github.com/danielmiessler/fabric@v1.4.454/internal/domain/domain.go
2026-06-09T17:59:02.0000000000Z	2773	/mnt/h/AETHIEAOPSYS/TOOLIO/src/fabric/go/pkg/mod/github.com/danielmiessler/fabric@v1.4.454/internal/i18n/locale.go
2026-06-09T17:59:02.0000000000Z	3587	/mnt/h/AETHIEAOPSYS/TOOLIO/src/fabric/go/pkg/mod/github.com/danielmiessler/fabric@v1.4.454/internal/domain/attachment.go
2026-06-09T17:59:02.0000000000Z	3984	/mnt/h/AETHIEAOPSYS/TOOLIO/src/fabric/go/pkg/mod/github.com/danielmiessler/fabric@v1.4.454/internal/domain/file_manager_test.go
2026-06-09T17:59:02.0000000000Z	473	/mnt/h/AETHIEAOPSYS/TOOLIO/src/fabric/go/pkg/mod/github.com/danielmiessler/fabric@v1.4.454/internal/domain/think_test.go
2026-06-09T17:59:02.0000000000Z	4759	/mnt/h/AETHIEAOPSYS/TOOLIO/src/fabric/go/pkg/mod/github.com/danielmiessler/fabric@v1.4.454/internal/i18n/i18n_variants_test.go
2026-06-09T17:59:02.0000000000Z	5456	/mnt/h/AETHIEAOPSYS/TOOLIO/src/fabric/go/pkg/mod/github.com/danielmiessler/fabric@v1.4.454/internal/domain/file_manager.go
2026-06-09T17:59:02.0000000000Z	58533	/mnt/h/AETHIEAOPSYS/TOOLIO/src/fabric/go/pkg/mod/github.com/danielmiessler/fabric@v1.4.454/internal/i18n/locales/en.json
2026-06-09T17:59:02.0000000000Z	65487	/mnt/h/AETHIEAOPSYS/TOOLIO/src/fabric/go/pkg/mod/github.com/danielmiessler/fabric@v1.4.454/internal/i18n/locales/es.json
2026-06-09T17:59:02.0000000000Z	65680	/mnt/h/AETHIEAOPSYS/TOOLIO/src/fabric/go/pkg/mod/github.com/danielmiessler/fabric@v1.4.454/internal/i18n/locales/de.json
2026-06-09T17:59:02.0000000000Z	7105	/mnt/h/AETHIEAOPSYS/TOOLIO/src/fabric/go/pkg/mod/github.com/danielmiessler/fabric@v1.4.454/internal/i18n/locale_test.go
2026-06-09T17:59:02.0000000000Z	7448	/mnt/h/AETHIEAOPSYS/TOOLIO/src/fabric/go/pkg/mod/github.com/danielmiessler/fabric@v1.4.454/internal/core/plugin_registry_test.go
2026-06-09T17:59:02.0000000000Z	7462	/mnt/h/AETHIEAOPSYS/TOOLIO/src/fabric/go/pkg/mod/github.com/danielmiessler/fabric@v1.4.454/internal/i18n/i18n.go
2026-06-09T17:59:02.0000000000Z	755	/mnt/h/AETHIEAOPSYS/TOOLIO/src/fabric/go/pkg/mod/github.com/danielmiessler/fabric@v1.4.454/internal/domain/stream.go
2026-06-09T17:59:02.0000000000Z	775	/mnt/h/AETHIEAOPSYS/TOOLIO/src/fabric/go/pkg/mod/github.com/danielmiessler/fabric@v1.4.454/internal/domain/think.go
2026-06-09T17:59:02.0000000000Z	800	/mnt/h/AETHIEAOPSYS/TOOLIO/src/fabric/go/pkg/mod/github.com/danielmiessler/fabric@v1.4.454/internal/domain/domain_test.go
2026-06-09T17:59:06.0000000000Z	77085	/mnt/h/AETHIEAOPSYS/TOOLIO/src/fabric/go/pkg/mod/github.com/danielmiessler/fabric@v1.4.454/internal/i18n/locales/fa.json
2026-06-09T17:59:16.0000000000Z	67544	/mnt/h/AETHIEAOPSYS/TOOLIO/src/fabric/go/pkg/mod/github.com/danielmiessler/fabric@v1.4.454/internal/i18n/locales/fr.json
2026-06-09T17:59:20.0000000000Z	64704	/mnt/h/AETHIEAOPSYS/TOOLIO/src/fabric/go/pkg/mod/github.com/danielmiessler/fabric@v1.4.454/internal/i18n/locales/it.json
2026-06-09T17:59:24.0000000000Z	73406	/mnt/h/AETHIEAOPSYS/TOOLIO/src/fabric/go/pkg/mod/github.com/danielmiessler/fabric@v1.4.454/internal/i18n/locales/ja.json
2026-06-09T17:59:28.0000000000Z	65212	/mnt/h/AETHIEAOPSYS/TOOLIO/src/fabric/go/pkg/mod/github.com/danielmiessler/fabric@v1.4.454/internal/i18n/locales/pl.json
2026-06-09T17:59:30.0000000000Z	12150	/mnt/h/AETHIEAOPSYS/TOOLIO/src/fabric/go/pkg/mod/github.com/danielmiessler/fabric@v1.4.454/internal/plugins/ai/anthropic/anthropic_test.go
2026-06-09T17:59:30.0000000000Z	1594	/mnt/h/AETHIEAOPSYS/TOOLIO/src/fabric/go/pkg/mod/github.com/danielmiessler/fabric@v1.4.454/internal/log/log.go
2026-06-09T17:59:30.0000000000Z	19292	/mnt/h/AETHIEAOPSYS/TOOLIO/src/fabric/go/pkg/mod/github.com/danielmiessler/fabric@v1.4.454/internal/plugins/ai/anthropic/anthropic.go
2026-06-09T17:59:30.0000000000Z	1931	/mnt/h/AETHIEAOPSYS/TOOLIO/src/fabric/go/pkg/mod/github.com/danielmiessler/fabric@v1.4.454/internal/plugins/ai/azure/azure.go
2026-06-09T17:59:30.0000000000Z	442	/mnt/h/AETHIEAOPSYS/TOOLIO/src/fabric/go/pkg/mod/github.com/danielmiessler/fabric@v1.4.454/internal/log/log_test.go
2026-06-09T17:59:30.0000000000Z	4977	/mnt/h/AETHIEAOPSYS/TOOLIO/src/fabric/go/pkg/mod/github.com/danielmiessler/fabric@v1.4.454/internal/plugins/ai/azure/azure_test.go
2026-06-09T17:59:30.0000000000Z	57084	/mnt/h/AETHIEAOPSYS/TOOLIO/src/fabric/go/pkg/mod/github.com/danielmiessler/fabric@v1.4.454/internal/i18n/locales/zh.json
2026-06-09T17:59:30.0000000000Z	64169	/mnt/h/AETHIEAOPSYS/TOOLIO/src/fabric/go/pkg/mod/github.com/danielmiessler/fabric@v1.4.454/internal/i18n/locales/pt-BR.json
2026-06-09T17:59:30.0000000000Z	64771	/mnt/h/AETHIEAOPSYS/TOOLIO/src/fabric/go/pkg/mod/github.com/danielmiessler/fabric@v1.4.454/internal/i18n/locales/pt-PT.json
2026-06-09T17:59:42.0000000000Z	2211	/mnt/h/AETHIEAOPSYS/TOOLIO/src/fabric/go/pkg/mod/github.com/danielmiessler/fabric@v1.4.454/internal/plugins/ai/azure_entra/azure_entra.go
2026-06-09T17:59:46.0000000000Z	2638	/mnt/h/AETHIEAOPSYS/TOOLIO/src/fabric/go/pkg/mod/github.com/danielmiessler/fabric@v1.4.454/internal/plugins/ai/azure_entra/azure_entra_test.go
2026-06-09T17:59:52.0000000000Z	7629	/mnt/h/AETHIEAOPSYS/TOOLIO/src/fabric/go/pkg/mod/github.com/danielmiessler/fabric@v1.4.454/internal/plugins/ai/azureaigateway/azureaigateway.go
2026-06-09T17:59:56.0000000000Z	30090	/mnt/h/AETHIEAOPSYS/TOOLIO/src/fabric/go/pkg/mod/github.com/danielmiessler/fabric@v1.4.454/internal/plugins/ai/azureaigateway/azureaigateway_test.go
2026-06-09T17:59:58.0000000000Z	10185	/mnt/h/AETHIEAOPSYS/TOOLIO/src/fabric/go/pkg/mod/github.com/danielmiessler/fabric@v1.4.454/internal/plugins/ai/codex/codex.go
2026-06-09T17:59:58.0000000000Z	15244	/mnt/h/AETHIEAOPSYS/TOOLIO/src/fabric/go/pkg/mod/github.com/danielmiessler/fabric@v1.4.454/internal/plugins/ai/bedrock/bedrock_test.go
2026-06-09T17:59:58.0000000000Z	19649	/mnt/h/AETHIEAOPSYS/TOOLIO/src/fabric/go/pkg/mod/github.com/danielmiessler/fabric@v1.4.454/internal/plugins/ai/codex/codex_test.go
2026-06-09T17:59:58.0000000000Z	22177	/mnt/h/AETHIEAOPSYS/TOOLIO/src/fabric/go/pkg/mod/github.com/danielmiessler/fabric@v1.4.454/internal/plugins/ai/bedrock/bedrock.go
2026-06-09T17:59:58.0000000000Z	2503	/mnt/h/AETHIEAOPSYS/TOOLIO/src/fabric/go/pkg/mod/github.com/danielmiessler/fabric@v1.4.454/internal/plugins/ai/codex/token.go
2026-06-09T17:59:58.0000000000Z	2930	/mnt/h/AETHIEAOPSYS/TOOLIO/src/fabric/go/pkg/mod/github.com/danielmiessler/fabric@v1.4.454/internal/plugins/ai/azurecommon/azurecommon.go
2026-06-09T17:59:58.0000000000Z	3461	/mnt/h/AETHIEAOPSYS/TOOLIO/src/fabric/go/pkg/mod/github.com/danielmiessler/fabric@v1.4.454/internal/plugins/ai/azureaigateway/backend_azure_openai.go
2026-06-09T17:59:58.0000000000Z	3969	/mnt/h/AETHIEAOPSYS/TOOLIO/src/fabric/go/pkg/mod/github.com/danielmiessler/fabric@v1.4.454/internal/plugins/ai/azurecommon/azurecommon_test.go
2026-06-09T17:59:58.0000000000Z	4258	/mnt/h/AETHIEAOPSYS/TOOLIO/src/fabric/go/pkg/mod/github.com/danielmiessler/fabric@v1.4.454/internal/plugins/ai/azureaigateway/backend_vertex_ai.go
2026-06-09T17:59:58.0000000000Z	4292	/mnt/h/AETHIEAOPSYS/TOOLIO/src/fabric/go/pkg/mod/github.com/danielmiessler/fabric@v1.4.454/internal/plugins/ai/azureaigateway/backend_bedrock.go
2026-06-09T17:59:58.0000000000Z	4509	/mnt/h/AETHIEAOPSYS/TOOLIO/src/fabric/go/pkg/mod/github.com/danielmiessler/fabric@v1.4.454/internal/plugins/ai/codex/errors.go
2026-06-09T17:59:58.0000000000Z	5814	/mnt/h/AETHIEAOPSYS/TOOLIO/src/fabric/go/pkg/mod/github.com/danielmiessler/fabric@v1.4.454/internal/plugins/ai/codex/auth_transport.go
2026-06-09T17:59:58.0000000000Z	8429	/mnt/h/AETHIEAOPSYS/TOOLIO/src/fabric/go/pkg/mod/github.com/danielmiessler/fabric@v1.4.454/internal/plugins/ai/codex/oauth.go
2026-06-09T18:00:00.0000000000Z	14741	/mnt/h/AETHIEAOPSYS/TOOLIO/src/fabric/go/pkg/mod/github.com/danielmiessler/fabric@v1.4.454/internal/plugins/ai/copilot/copilot.go
2026-06-09T18:00:00.0000000000Z	3731	/mnt/h/AETHIEAOPSYS/TOOLIO/src/fabric/go/pkg/mod/github.com/danielmiessler/fabric@v1.4.454/internal/plugins/ai/digitalocean/digitalocean.go
2026-06-09T18:00:10.0000000000Z	4448	/mnt/h/AETHIEAOPSYS/TOOLIO/src/fabric/go/pkg/mod/github.com/danielmiessler/fabric@v1.4.454/internal/plugins/ai/dryrun/dryrun.go
2026-06-09T18:00:12.0000000000Z	1388	/mnt/h/AETHIEAOPSYS/TOOLIO/src/fabric/go/pkg/mod/github.com/danielmiessler/fabric@v1.4.454/internal/plugins/ai/dryrun/dryrun_test.go
2026-06-09T18:00:22.0000000000Z	1285	/mnt/h/AETHIEAOPSYS/TOOLIO/src/fabric/go/pkg/mod/github.com/danielmiessler/fabric@v1.4.454/internal/plugins/ai/exolab/exolab.go
2026-06-09T18:00:32.0000000000Z	10107	/mnt/h/AETHIEAOPSYS/TOOLIO/src/fabric/go/pkg/mod/github.com/danielmiessler/fabric@v1.4.454/internal/plugins/ai/lmstudio/lmstudio.go
2026-06-09T18:00:32.0000000000Z	13884	/mnt/h/AETHIEAOPSYS/TOOLIO/src/fabric/go/pkg/mod/github.com/danielmiessler/fabric@v1.4.454/internal/plugins/ai/gemini/gemini.go
2026-06-09T18:00:32.0000000000Z	14138	/mnt/h/AETHIEAOPSYS/TOOLIO/src/fabric/go/pkg/mod/github.com/danielmiessler/fabric@v1.4.454/internal/plugins/ai/openai/openai.go
2026-06-09T18:00:32.0000000000Z	16676	/mnt/h/AETHIEAOPSYS/TOOLIO/src/fabric/go/pkg/mod/github.com/danielmiessler/fabric@v1.4.454/internal/plugins/ai/openai/openai_image_test.go
2026-06-09T18:00:32.0000000000Z	1757	/mnt/h/AETHIEAOPSYS/TOOLIO/src/fabric/go/pkg/mod/github.com/danielmiessler/fabric@v1.4.454/internal/plugins/ai/ollama/ollama_test.go
2026-06-09T18:00:32.0000000000Z	1909	/mnt/h/AETHIEAOPSYS/TOOLIO/src/fabric/go/pkg/mod/github.com/danielmiessler/fabric@v1.4.454/internal/plugins/ai/openai/openai_audio_test.go
2026-06-09T18:00:32.0000000000Z	1997	/mnt/h/AETHIEAOPSYS/TOOLIO/src/fabric/go/pkg/mod/github.com/danielmiessler/fabric@v1.4.454/internal/plugins/ai/openai/openai_models_test.go
2026-06-09T18:00:32.0000000000Z	2791	/mnt/h/AETHIEAOPSYS/TOOLIO/src/fabric/go/pkg/mod/github.com/danielmiessler/fabric@v1.4.454/internal/plugins/ai/models.go
2026-06-09T18:00:32.0000000000Z	2820	/mnt/h/AETHIEAOPSYS/TOOLIO/src/fabric/go/pkg/mod/github.com/danielmiessler/fabric@v1.4.454/internal/plugins/ai/lmstudio/lmstudio_test.go
2026-06-09T18:00:32.0000000000Z	3019	/mnt/h/AETHIEAOPSYS/TOOLIO/src/fabric/go/pkg/mod/github.com/danielmiessler/fabric@v1.4.454/internal/plugins/ai/models_test.go
2026-06-09T18:00:32.0000000000Z	3635	/mnt/h/AETHIEAOPSYS/TOOLIO/src/fabric/go/pkg/mod/github.com/danielmiessler/fabric@v1.4.454/internal/plugins/ai/geminicommon/geminicommon.go
2026-06-09T18:00:32.0000000000Z	4175	/mnt/h/AETHIEAOPSYS/TOOLIO/src/fabric/go/pkg/mod/github.com/danielmiessler/fabric@v1.4.454/internal/plugins/ai/openai/direct_models.go
2026-06-09T18:00:32.0000000000Z	4458	/mnt/h/AETHIEAOPSYS/TOOLIO/src/fabric/go/pkg/mod/github.com/danielmiessler/fabric@v1.4.454/internal/plugins/ai/openai/openai_image.go
2026-06-09T18:00:32.0000000000Z	4516	/mnt/h/AETHIEAOPSYS/TOOLIO/src/fabric/go/pkg/mod/github.com/danielmiessler/fabric@v1.4.454/internal/plugins/ai/openai/chat_completions.go
2026-06-09T18:00:32.0000000000Z	5297	/mnt/h/AETHIEAOPSYS/TOOLIO/src/fabric/go/pkg/mod/github.com/danielmiessler/fabric@v1.4.454/internal/plugins/ai/openai/openai_audio.go
2026-06-09T18:00:32.0000000000Z	609	/mnt/h/AETHIEAOPSYS/TOOLIO/src/fabric/go/pkg/mod/github.com/danielmiessler/fabric@v1.4.454/internal/plugins/ai/openai/message_conversion.go
2026-06-09T18:00:32.0000000000Z	7534	/mnt/h/AETHIEAOPSYS/TOOLIO/src/fabric/go/pkg/mod/github.com/danielmiessler/fabric@v1.4.454/internal/plugins/ai/gemini/gemini_test.go
2026-06-09T18:00:32.0000000000Z	7892	/mnt/h/AETHIEAOPSYS/TOOLIO/src/fabric/go/pkg/mod/github.com/danielmiessler/fabric@v1.4.454/internal/plugins/ai/ollama/ollama.go
2026-06-09T18:00:32.0000000000Z	8447	/mnt/h/AETHIEAOPSYS/TOOLIO/src/fabric/go/pkg/mod/github.com/danielmiessler/fabric@v1.4.454/internal/plugins/ai/openai/openai_test.go
2026-06-09T18:00:32.0000000000Z	8562	/mnt/h/AETHIEAOPSYS/TOOLIO/src/fabric/go/pkg/mod/github.com/danielmiessler/fabric@v1.4.454/internal/plugins/ai/gemini/voices.go
2026-06-09T18:00:42.0000000000Z	427	/mnt/h/AETHIEAOPSYS/TOOLIO/src/fabric/go/pkg/mod/github.com/danielmiessler/fabric@v1.4.454/internal/plugins/ai/openai_compatible/direct_models_call.go
2026-06-09T18:00:46.0000000000Z	11187	/mnt/h/AETHIEAOPSYS/TOOLIO/src/fabric/go/pkg/mod/github.com/danielmiessler/fabric@v1.4.454/internal/plugins/ai/openai_compatible/providers_config.go
2026-06-09T18:00:48.0000000000Z	1198	/mnt/h/AETHIEAOPSYS/TOOLIO/src/fabric/go/pkg/mod/github.com/danielmiessler/fabric@v1.4.454/internal/plugins/ai/openai_compatible/providers_config_test.go
2026-06-09T18:00:56.0000000000Z	8453	/mnt/h/AETHIEAOPSYS/TOOLIO/src/fabric/go/pkg/mod/github.com/danielmiessler/fabric@v1.4.454/internal/plugins/ai/perplexity/perplexity.go
2026-06-09T18:00:58.0000000000Z	10669	/mnt/h/AETHIEAOPSYS/TOOLIO/src/fabric/go/pkg/mod/github.com/danielmiessler/fabric@v1.4.454/internal/plugins/ai/vertexai/vertexai_test.go
2026-06-09T18:00:58.0000000000Z	14013	/mnt/h/AETHIEAOPSYS/TOOLIO/src/fabric/go/pkg/mod/github.com/danielmiessler/fabric@v1.4.454/internal/plugins/ai/vertexai/vertexai.go
2026-06-09T18:00:58.0000000000Z	2193	/mnt/h/AETHIEAOPSYS/TOOLIO/src/fabric/go/pkg/mod/github.com/danielmiessler/fabric@v1.4.454/internal/plugins/ai/vendors_test.go
2026-06-09T18:00:58.0000000000Z	4053	/mnt/h/AETHIEAOPSYS/TOOLIO/src/fabric/go/pkg/mod/github.com/danielmiessler/fabric@v1.4.454/internal/plugins/ai/vendors.go
2026-06-09T18:00:58.0000000000Z	522	/mnt/h/AETHIEAOPSYS/TOOLIO/src/fabric/go/pkg/mod/github.com/danielmiessler/fabric@v1.4.454/internal/plugins/ai/vendor.go
2026-06-09T18:00:58.0000000000Z	7494	/mnt/h/AETHIEAOPSYS/TOOLIO/src/fabric/go/pkg/mod/github.com/danielmiessler/fabric@v1.4.454/internal/plugins/ai/vertexai/models.go
2026-06-09T18:01:00.0000000000Z	1011	/mnt/h/AETHIEAOPSYS/TOOLIO/src/fabric/go/pkg/mod/github.com/danielmiessler/fabric@v1.4.454/internal/plugins/db/fsdb/sessions_test.go
2026-06-09T18:01:00.0000000000Z	1030	/mnt/h/AETHIEAOPSYS/TOOLIO/src/fabric/go/pkg/mod/github.com/danielmiessler/fabric@v1.4.454/internal/plugins/template/Examples/word-generator.py
2026-06-09T18:01:00.0000000000Z	1179	/mnt/h/AETHIEAOPSYS/TOOLIO/src/fabric/go/pkg/mod/github.com/danielmiessler/fabric@v1.4.454/internal/plugins/db/fsdb/db_test.go
2026-06-09T18:01:00.0000000000Z	1300	/mnt/h/AETHIEAOPSYS/TOOLIO/src/fabric/go/pkg/mod/github.com/danielmiessler/fabric@v1.4.454/internal/plugins/db/fsdb/storage_test.go
2026-06-09T18:01:00.0000000000Z	150	/mnt/h/AETHIEAOPSYS/TOOLIO/src/fabric/go/pkg/mod/github.com/danielmiessler/fabric@v1.4.454/internal/plugins/template/Examples/test_pattern.md
2026-06-09T18:01:00.0000000000Z	203	/mnt/h/AETHIEAOPSYS/TOOLIO/src/fabric/go/pkg/mod/github.com/danielmiessler/fabric@v1.4.454/internal/plugins/template/constants.go
2026-06-09T18:01:00.0000000000Z	2277	/mnt/h/AETHIEAOPSYS/TOOLIO/src/fabric/go/pkg/mod/github.com/danielmiessler/fabric@v1.4.454/internal/plugins/db/fsdb/db.go
2026-06-09T18:01:00.0000000000Z	2355	/mnt/h/AETHIEAOPSYS/TOOLIO/src/fabric/go/pkg/mod/github.com/danielmiessler/fabric@v1.4.454/internal/plugins/db/fsdb/sessions.go
2026-06-09T18:01:00.0000000000Z	257	/mnt/h/AETHIEAOPSYS/TOOLIO/src/fabric/go/pkg/mod/github.com/danielmiessler/fabric@v1.4.454/internal/plugins/template/Examples/openai.yaml
2026-06-09T18:01:00.0000000000Z	294	/mnt/h/AETHIEAOPSYS/TOOLIO/src/fabric/go/pkg/mod/github.com/danielmiessler/fabric@v1.4.454/internal/plugins/template/Examples/word-generator.yaml
2026-06-09T18:01:00.0000000000Z	3530	/mnt/h/AETHIEAOPSYS/TOOLIO/src/fabric/go/pkg/mod/github.com/danielmiessler/fabric@v1.4.454/internal/plugins/template/Examples/security-report.sh
2026-06-09T18:01:00.0000000000Z	375	/mnt/h/AETHIEAOPSYS/TOOLIO/src/fabric/go/pkg/mod/github.com/danielmiessler/fabric@v1.4.454/internal/plugins/template/Examples/remote-security-report.yaml
2026-06-09T18:01:00.0000000000Z	388	/mnt/h/AETHIEAOPSYS/TOOLIO/src/fabric/go/pkg/mod/github.com/danielmiessler/fabric@v1.4.454/internal/plugins/template/Examples/security-report.yaml
2026-06-09T18:01:00.0000000000Z	394	/mnt/h/AETHIEAOPSYS/TOOLIO/src/fabric/go/pkg/mod/github.com/danielmiessler/fabric@v1.4.454/internal/plugins/db/api.go
2026-06-09T18:01:00.0000000000Z	4145	/mnt/h/AETHIEAOPSYS/TOOLIO/src/fabric/go/pkg/mod/github.com/danielmiessler/fabric@v1.4.454/internal/plugins/template/datetime.go
2026-06-09T18:01:00.0000000000Z	4169	/mnt/h/AETHIEAOPSYS/TOOLIO/src/fabric/go/pkg/mod/github.com/danielmiessler/fabric@v1.4.454/internal/plugins/db/fsdb/storage.go
2026-06-09T18:01:00.0000000000Z	4404	/mnt/h/AETHIEAOPSYS/TOOLIO/src/fabric/go/pkg/mod/github.com/danielmiessler/fabric@v1.4.454/internal/plugins/strategy/strategy_test.go
2026-06-09T18:01:00.0000000000Z	484	/mnt/h/AETHIEAOPSYS/TOOLIO/src/fabric/go/pkg/mod/github.com/danielmiessler/fabric@v1.4.454/internal/plugins/template/Examples/track_packages.sh
2026-06-09T18:01:00.0000000000Z	563	/mnt/h/AETHIEAOPSYS/TOOLIO/src/fabric/go/pkg/mod/github.com/danielmiessler/fabric@v1.4.454/internal/plugins/db/fsdb/contexts.go
2026-06-09T18:01:00.0000000000Z	615	/mnt/h/AETHIEAOPSYS/TOOLIO/src/fabric/go/pkg/mod/github.com/danielmiessler/fabric@v1.4.454/internal/plugins/template/Examples/openai-chat.sh
2026-06-09T18:01:00.0000000000Z	6937	/mnt/h/AETHIEAOPSYS/TOOLIO/src/fabric/go/pkg/mod/github.com/danielmiessler/fabric@v1.4.454/internal/plugins/plugin_test.go
2026-06-09T18:01:00.0000000000Z	6983	/mnt/h/AETHIEAOPSYS/TOOLIO/src/fabric/go/pkg/mod/github.com/danielmiessler/fabric@v1.4.454/internal/plugins/template/Examples/README.md
2026-06-09T18:01:00.0000000000Z	7140	/mnt/h/AETHIEAOPSYS/TOOLIO/src/fabric/go/pkg/mod/github.com/danielmiessler/fabric@v1.4.454/internal/plugins/strategy/strategy.go
2026-06-09T18:01:00.0000000000Z	730	/mnt/h/AETHIEAOPSYS/TOOLIO/src/fabric/go/pkg/mod/github.com/danielmiessler/fabric@v1.4.454/internal/plugins/db/fsdb/contexts_test.go
2026-06-09T18:01:00.0000000000Z	748	/mnt/h/AETHIEAOPSYS/TOOLIO/src/fabric/go/pkg/mod/github.com/danielmiessler/fabric@v1.4.454/internal/plugins/template/Examples/remote-security-report.sh
2026-06-09T18:01:00.0000000000Z	765	/mnt/h/AETHIEAOPSYS/TOOLIO/src/fabric/go/pkg/mod/github.com/danielmiessler/fabric@v1.4.454/internal/plugins/template/Examples/sqlite3_demo.yaml
2026-06-09T18:01:00.0000000000Z	8192	/mnt/h/AETHIEAOPSYS/TOOLIO/src/fabric/go/pkg/mod/github.com/danielmiessler/fabric@v1.4.454/internal/plugins/template/Examples/memories.db
2026-06-09T18:01:00.0000000000Z	8536	/mnt/h/AETHIEAOPSYS/TOOLIO/src/fabric/go/pkg/mod/github.com/danielmiessler/fabric@v1.4.454/internal/plugins/plugin.go
2026-06-09T18:01:00.0000000000Z	8538	/mnt/h/AETHIEAOPSYS/TOOLIO/src/fabric/go/pkg/mod/github.com/danielmiessler/fabric@v1.4.454/internal/plugins/db/fsdb/patterns.go
2026-06-09T18:01:00.0000000000Z	931	/mnt/h/AETHIEAOPSYS/TOOLIO/src/fabric/go/pkg/mod/github.com/danielmiessler/fabric@v1.4.454/internal/plugins/template/datetime.md
2026-06-09T18:01:00.0000000000Z	9660	/mnt/h/AETHIEAOPSYS/TOOLIO/src/fabric/go/pkg/mod/github.com/danielmiessler/fabric@v1.4.454/internal/plugins/template/README.md
2026-06-09T18:01:00.0000000000Z	9771	/mnt/h/AETHIEAOPSYS/TOOLIO/src/fabric/go/pkg/mod/github.com/danielmiessler/fabric@v1.4.454/internal/plugins/db/fsdb/patterns_test.go
2026-06-09T18:01:01.2100000000Z	0	/mnt/h/AETHIEAOPSYS/TOOLIO/src/fabric/go/pkg/mod/github.com/danielmiessler/fabric@v1.4.454/internal/plugins/template/text.md
2026-06-09T18:01:02.0000000000Z	1052	/mnt/h/AETHIEAOPSYS/TOOLIO/src/fabric/go/pkg/mod/github.com/danielmiessler/fabric@v1.4.454/internal/plugins/template/file.md
2026-06-09T18:01:02.0000000000Z	1101	/mnt/h/AETHIEAOPSYS/TOOLIO/src/fabric/go/pkg/mod/github.com/danielmiessler/fabric@v1.4.454/internal/plugins/template/utils.go
2026-06-09T18:01:02.0000000000Z	1398	/mnt/h/AETHIEAOPSYS/TOOLIO/src/fabric/go/pkg/mod/github.com/danielmiessler/fabric@v1.4.454/internal/server/chat_test.go
2026-06-09T18:01:02.0000000000Z	1478	/mnt/h/AETHIEAOPSYS/TOOLIO/src/fabric/go/pkg/mod/github.com/danielmiessler/fabric@v1.4.454/internal/server/models.go
2026-06-09T18:01:02.0000000000Z	1594	/mnt/h/AETHIEAOPSYS/TOOLIO/src/fabric/go/pkg/mod/github.com/danielmiessler/fabric@v1.4.454/internal/plugins/template/fetch_test.go
2026-06-09T18:01:02.0000000000Z	1676	/mnt/h/AETHIEAOPSYS/TOOLIO/src/fabric/go/pkg/mod/github.com/danielmiessler/fabric@v1.4.454/internal/plugins/template/text.go
2026-06-09T18:01:02.0000000000Z	17655	/mnt/h/AETHIEAOPSYS/TOOLIO/src/fabric/go/pkg/mod/github.com/danielmiessler/fabric@v1.4.454/internal/server/ollama.go
2026-06-09T18:01:02.0000000000Z	1853	/mnt/h/AETHIEAOPSYS/TOOLIO/src/fabric/go/pkg/mod/github.com/danielmiessler/fabric@v1.4.454/internal/plugins/template/text_test.go
2026-06-09T18:01:02.0000000000Z	2067	/mnt/h/AETHIEAOPSYS/TOOLIO/src/fabric/go/pkg/mod/github.com/danielmiessler/fabric@v1.4.454/internal/plugins/template/template_extension_multiple_test.go
2026-06-09T18:01:02.0000000000Z	2083	/mnt/h/AETHIEAOPSYS/TOOLIO/src/fabric/go/pkg/mod/github.com/danielmiessler/fabric@v1.4.454/internal/plugins/template/extension_registry_test.go
2026-06-09T18:01:02.0000000000Z	2416	/mnt/h/AETHIEAOPSYS/TOOLIO/src/fabric/go/pkg/mod/github.com/danielmiessler/fabric@v1.4.454/internal/plugins/template/template_extension_mixed_test.go
2026-06-09T18:01:02.0000000000Z	2423	/mnt/h/AETHIEAOPSYS/TOOLIO/src/fabric/go/pkg/mod/github.com/danielmiessler/fabric@v1.4.454/internal/server/serve.go
2026-06-09T18:01:02.0000000000Z	2476	/mnt/h/AETHIEAOPSYS/TOOLIO/src/fabric/go/pkg/mod/github.com/danielmiessler/fabric@v1.4.454/internal/plugins/template/sys.go
2026-06-09T18:01:02.0000000000Z	2608	/mnt/h/AETHIEAOPSYS/TOOLIO/src/fabric/go/pkg/mod/github.com/danielmiessler/fabric@v1.4.454/internal/server/docs/API_VARIABLES_EXAMPLE.md
2026-06-09T18:01:02.0000000000Z	2925	/mnt/h/AETHIEAOPSYS/TOOLIO/src/fabric/go/pkg/mod/github.com/danielmiessler/fabric@v1.4.454/internal/plugins/template/datetime_test.go
2026-06-09T18:01:02.0000000000Z	2942	/mnt/h/AETHIEAOPSYS/TOOLIO/src/fabric/go/pkg/mod/github.com/danielmiessler/fabric@v1.4.454/internal/plugins/template/hash_test.go
2026-06-09T18:01:02.0000000000Z	3163	/mnt/h/AETHIEAOPSYS/TOOLIO/src/fabric/go/pkg/mod/github.com/danielmiessler/fabric@v1.4.454/internal/plugins/template/sys_test.go
2026-06-09T18:01:02.0000000000Z	3298	/mnt/h/AETHIEAOPSYS/TOOLIO/src/fabric/go/pkg/mod/github.com/danielmiessler/fabric@v1.4.454/internal/plugins/template/file_test.go
2026-06-09T18:01:02.0000000000Z	3302	/mnt/h/AETHIEAOPSYS/TOOLIO/src/fabric/go/pkg/mod/github.com/danielmiessler/fabric@v1.4.454/internal/plugins/template/template_test.go
2026-06-09T18:01:02.0000000000Z	3448	/mnt/h/AETHIEAOPSYS/TOOLIO/src/fabric/go/pkg/mod/github.com/danielmiessler/fabric@v1.4.454/internal/server/patterns.go
2026-06-09T18:01:02.0000000000Z	3968	/mnt/h/AETHIEAOPSYS/TOOLIO/src/fabric/go/pkg/mod/github.com/danielmiessler/fabric@v1.4.454/internal/plugins/template/fetch.go
2026-06-09T18:01:02.0000000000Z	4355	/mnt/h/AETHIEAOPSYS/TOOLIO/src/fabric/go/pkg/mod/github.com/danielmiessler/fabric@v1.4.454/internal/plugins/template/extension_manager.go
2026-06-09T18:01:02.0000000000Z	4438	/mnt/h/AETHIEAOPSYS/TOOLIO/src/fabric/go/pkg/mod/github.com/danielmiessler/fabric@v1.4.454/internal/plugins/template/template.go
2026-06-09T18:01:02.0000000000Z	4712	/mnt/h/AETHIEAOPSYS/TOOLIO/src/fabric/go/pkg/mod/github.com/danielmiessler/fabric@v1.4.454/internal/plugins/template/extension_manager_test.go
2026-06-09T18:01:02.0000000000Z	4768	/mnt/h/AETHIEAOPSYS/TOOLIO/src/fabric/go/pkg/mod/github.com/danielmiessler/fabric@v1.4.454/internal/server/configuration.go
2026-06-09T18:01:02.0000000000Z	5100	/mnt/h/AETHIEAOPSYS/TOOLIO/src/fabric/go/pkg/mod/github.com/danielmiessler/fabric@v1.4.454/internal/plugins/template/file.go
2026-06-09T18:01:02.0000000000Z	548	/mnt/h/AETHIEAOPSYS/TOOLIO/src/fabric/go/pkg/mod/github.com/danielmiessler/fabric@v1.4.454/internal/server/contexts.go
2026-06-09T18:01:02.0000000000Z	5903	/mnt/h/AETHIEAOPSYS/TOOLIO/src/fabric/go/pkg/mod/github.com/danielmiessler/fabric@v1.4.454/internal/plugins/template/extension_executor.go
2026-06-09T18:01:02.0000000000Z	6935	/mnt/h/AETHIEAOPSYS/TOOLIO/src/fabric/go/pkg/mod/github.com/danielmiessler/fabric@v1.4.454/internal/server/chat.go
2026-06-09T18:01:02.0000000000Z	817	/mnt/h/AETHIEAOPSYS/TOOLIO/src/fabric/go/pkg/mod/github.com/danielmiessler/fabric@v1.4.454/internal/plugins/template/hash.go
2026-06-09T18:01:02.0000000000Z	828	/mnt/h/AETHIEAOPSYS/TOOLIO/src/fabric/go/pkg/mod/github.com/danielmiessler/fabric@v1.4.454/internal/plugins/template/fetch.md
2026-06-09T18:01:02.0000000000Z	8483	/mnt/h/AETHIEAOPSYS/TOOLIO/src/fabric/go/pkg/mod/github.com/danielmiessler/fabric@v1.4.454/internal/server/ollama_test.go
2026-06-09T18:01:02.0000000000Z	8487	/mnt/h/AETHIEAOPSYS/TOOLIO/src/fabric/go/pkg/mod/github.com/danielmiessler/fabric@v1.4.454/internal/plugins/template/template_sentinel_test.go
2026-06-09T18:01:02.0000000000Z	8932	/mnt/h/AETHIEAOPSYS/TOOLIO/src/fabric/go/pkg/mod/github.com/danielmiessler/fabric@v1.4.454/internal/plugins/template/extension_registry.go
2026-06-09T18:01:02.0000000000Z	949	/mnt/h/AETHIEAOPSYS/TOOLIO/src/fabric/go/pkg/mod/github.com/danielmiessler/fabric@v1.4.454/internal/plugins/template/sys.md
2026-06-09T18:01:02.0000000000Z	950	/mnt/h/AETHIEAOPSYS/TOOLIO/src/fabric/go/pkg/mod/github.com/danielmiessler/fabric@v1.4.454/internal/server/auth.go
2026-06-09T18:01:02.0000000000Z	9542	/mnt/h/AETHIEAOPSYS/TOOLIO/src/fabric/go/pkg/mod/github.com/danielmiessler/fabric@v1.4.454/internal/plugins/template/extension_executor_test.go
2026-06-09T18:01:04.0000000000Z	11669	/mnt/h/AETHIEAOPSYS/TOOLIO/src/fabric/go/pkg/mod/github.com/danielmiessler/fabric@v1.4.454/internal/tools/patterns_loader.go
2026-06-09T18:01:04.0000000000Z	1408	/mnt/h/AETHIEAOPSYS/TOOLIO/src/fabric/go/pkg/mod/github.com/danielmiessler/fabric@v1.4.454/internal/server/strategies.go
2026-06-09T18:01:04.0000000000Z	16495	/mnt/h/AETHIEAOPSYS/TOOLIO/src/fabric/go/pkg/mod/github.com/danielmiessler/fabric@v1.4.454/internal/tools/spotify/spotify.go
2026-06-09T18:01:04.0000000000Z	1755	/mnt/h/AETHIEAOPSYS/TOOLIO/src/fabric/go/pkg/mod/github.com/danielmiessler/fabric@v1.4.454/internal/tools/youtube/timestamp_test.go
2026-06-09T18:01:04.0000000000Z	1804	/mnt/h/AETHIEAOPSYS/TOOLIO/src/fabric/go/pkg/mod/github.com/danielmiessler/fabric@v1.4.454/internal/tools/jina/jina.go
2026-06-09T18:01:04.0000000000Z	1905	/mnt/h/AETHIEAOPSYS/TOOLIO/src/fabric/go/pkg/mod/github.com/danielmiessler/fabric@v1.4.454/internal/tools/defaults.go
2026-06-09T18:01:04.0000000000Z	1987	/mnt/h/AETHIEAOPSYS/TOOLIO/src/fabric/go/pkg/mod/github.com/danielmiessler/fabric@v1.4.454/internal/tools/custom_patterns/custom_patterns.go
2026-06-09T18:01:04.0000000000Z	2121	/mnt/h/AETHIEAOPSYS/TOOLIO/src/fabric/go/pkg/mod/github.com/danielmiessler/fabric@v1.4.454/internal/tools/custom_patterns/custom_patterns_test.go
2026-06-09T18:01:04.0000000000Z	2683	/mnt/h/AETHIEAOPSYS/TOOLIO/src/fabric/go/pkg/mod/github.com/danielmiessler/fabric@v1.4.454/internal/server/storage.go
2026-06-09T18:01:04.0000000000Z	3778	/mnt/h/AETHIEAOPSYS/TOOLIO/src/fabric/go/pkg/mod/github.com/danielmiessler/fabric@v1.4.454/internal/tools/notifications/notifications.go
2026-06-09T18:01:04.0000000000Z	3994	/mnt/h/AETHIEAOPSYS/TOOLIO/src/fabric/go/pkg/mod/github.com/danielmiessler/fabric@v1.4.454/internal/server/youtube.go
2026-06-09T18:01:04.0000000000Z	4483	/mnt/h/AETHIEAOPSYS/TOOLIO/src/fabric/go/pkg/mod/github.com/danielmiessler/fabric@v1.4.454/internal/tools/notifications/notifications_test.go
2026-06-09T18:01:04.0000000000Z	4737	/mnt/h/AETHIEAOPSYS/TOOLIO/src/fabric/go/pkg/mod/github.com/danielmiessler/fabric@v1.4.454/internal/tools/githelper/githelper.go
2026-06-09T18:01:04.0000000000Z	535	/mnt/h/AETHIEAOPSYS/TOOLIO/src/fabric/go/pkg/mod/github.com/danielmiessler/fabric@v1.4.454/internal/tools/converter/html_readability.go
2026-06-09T18:01:04.0000000000Z	552	/mnt/h/AETHIEAOPSYS/TOOLIO/src/fabric/go/pkg/mod/github.com/danielmiessler/fabric@v1.4.454/internal/server/sessions.go
2026-06-09T18:01:04.0000000000Z	6315	/mnt/h/AETHIEAOPSYS/TOOLIO/src/fabric/go/pkg/mod/github.com/danielmiessler/fabric@v1.4.454/internal/tools/spotify/spotify_integration_test.go
2026-06-09T18:01:04.0000000000Z	827	/mnt/h/AETHIEAOPSYS/TOOLIO/src/fabric/go/pkg/mod/github.com/danielmiessler/fabric@v1.4.454/internal/tools/converter/html_readability_test.go
2026-06-09T18:01:04.0000000000Z	8507	/mnt/h/AETHIEAOPSYS/TOOLIO/src/fabric/go/pkg/mod/github.com/danielmiessler/fabric@v1.4.454/internal/tools/spotify/spotify_test.go
2026-06-09T18:01:04.0000000000Z	984	/mnt/h/AETHIEAOPSYS/TOOLIO/src/fabric/go/pkg/mod/github.com/danielmiessler/fabric@v1.4.454/internal/tools/lang/language.go
2026-06-09T18:01:14.0000000000Z	30847	/mnt/h/AETHIEAOPSYS/TOOLIO/src/fabric/go/pkg/mod/github.com/danielmiessler/fabric@v1.4.454/internal/tools/youtube/youtube.go
2026-06-09T18:01:16.0000000000Z	424	/mnt/h/AETHIEAOPSYS/TOOLIO/src/fabric/go/pkg/mod/github.com/danielmiessler/fabric@v1.4.454/internal/tools/youtube/youtube_optional_test.go
2026-06-09T18:01:18.0000000000Z	3495	/mnt/h/AETHIEAOPSYS/TOOLIO/src/fabric/go/pkg/mod/github.com/danielmiessler/fabric@v1.4.454/internal/tools/youtube/youtube_test.go
2026-06-09T18:01:24.0000000000Z	4687	/mnt/h/AETHIEAOPSYS/TOOLIO/src/fabric/go/pkg/mod/github.com/danielmiessler/fabric@v1.4.454/internal/util/groups_items.go
2026-06-09T18:01:26.0000000000Z	2353	/mnt/h/AETHIEAOPSYS/TOOLIO/src/fabric/go/pkg/mod/github.com/danielmiessler/fabric@v1.4.454/internal/util/utils.go
2026-06-09T18:01:32.0000000000Z	10	/mnt/h/AETHIEAOPSYS/TOOLIO/src/fabric/go/pkg/mod/github.com/danielmiessler/fabric@v1.4.454/nix/pkgs/fabric/version.nix
2026-06-09T18:01:32.0000000000Z	1030	/mnt/h/AETHIEAOPSYS/TOOLIO/src/fabric/go/pkg/mod/github.com/danielmiessler/fabric@v1.4.454/nix/pkgs/fabric/default.nix
2026-06-09T18:01:32.0000000000Z	1772	/mnt/h/AETHIEAOPSYS/TOOLIO/src/fabric/go/pkg/mod/github.com/danielmiessler/fabric@v1.4.454/scripts/docker/README.md
2026-06-09T18:01:32.0000000000Z	1959	/mnt/h/AETHIEAOPSYS/TOOLIO/src/fabric/go/pkg/mod/github.com/danielmiessler/fabric@v1.4.454/scripts/docker/Dockerfile
2026-06-09T18:01:32.0000000000Z	20533	/mnt/h/AETHIEAOPSYS/TOOLIO/src/fabric/go/pkg/mod/github.com/danielmiessler/fabric@v1.4.454/nix/pkgs/fabric/gomod2nix.toml
2026-06-09T18:01:32.0000000000Z	3295	/mnt/h/AETHIEAOPSYS/TOOLIO/src/fabric/go/pkg/mod/github.com/danielmiessler/fabric@v1.4.454/scripts/installer/README.md
2026-06-09T18:01:32.0000000000Z	522	/mnt/h/AETHIEAOPSYS/TOOLIO/src/fabric/go/pkg/mod/github.com/danielmiessler/fabric@v1.4.454/nix/treefmt.nix
2026-06-09T18:01:32.0000000000Z	6113	/mnt/h/AETHIEAOPSYS/TOOLIO/src/fabric/go/pkg/mod/github.com/danielmiessler/fabric@v1.4.454/scripts/installer/install.sh
2026-06-09T18:01:32.0000000000Z	618	/mnt/h/AETHIEAOPSYS/TOOLIO/src/fabric/go/pkg/mod/github.com/danielmiessler/fabric@v1.4.454/nix/shell.nix
2026-06-09T18:01:32.0000000000Z	7742	/mnt/h/AETHIEAOPSYS/TOOLIO/src/fabric/go/pkg/mod/github.com/danielmiessler/fabric@v1.4.454/scripts/installer/install.ps1
2026-06-09T18:01:33.8800000000Z	0	/mnt/h/AETHIEAOPSYS/TOOLIO/src/fabric/go/pkg/mod/github.com/danielmiessler/fabric@v1.4.454/web/myfiles/Fabric_obsidian/.gitkeep
2026-06-09T18:01:33.9500000000Z	0	/mnt/h/AETHIEAOPSYS/TOOLIO/src/fabric/go/pkg/mod/github.com/danielmiessler/fabric@v1.4.454/web/myfiles/inbox/.gitkeep
2026-06-09T18:01:34.0000000000Z	158	/mnt/h/AETHIEAOPSYS/TOOLIO/src/fabric/go/pkg/mod/github.com/danielmiessler/fabric@v1.4.454/scripts/python_ui/requirements.txt
2026-06-09T18:01:34.0000000000Z	1943	/mnt/h/AETHIEAOPSYS/TOOLIO/src/fabric/go/pkg/mod/github.com/danielmiessler/fabric@v1.4.454/web/.vscode/settings.json
2026-06-09T18:01:34.0000000000Z	205	/mnt/h/AETHIEAOPSYS/TOOLIO/src/fabric/go/pkg/mod/github.com/danielmiessler/fabric@v1.4.454/web/.prettierrc
2026-06-09T18:01:34.0000000000Z	22	/mnt/h/AETHIEAOPSYS/TOOLIO/src/fabric/go/pkg/mod/github.com/danielmiessler/fabric@v1.4.454/web/.npmrc
2026-06-09T18:01:34.0000000000Z	2426	/mnt/h/AETHIEAOPSYS/TOOLIO/src/fabric/go/pkg/mod/github.com/danielmiessler/fabric@v1.4.454/web/legacy/pattern-search-implementation.md
2026-06-09T18:01:34.0000000000Z	3058	/mnt/h/AETHIEAOPSYS/TOOLIO/src/fabric/go/pkg/mod/github.com/danielmiessler/fabric@v1.4.454/web/legacy/enhanced-pattern-selection-update.md
2026-06-09T18:01:34.0000000000Z	3294	/mnt/h/AETHIEAOPSYS/TOOLIO/src/fabric/go/pkg/mod/github.com/danielmiessler/fabric@v1.4.454/scripts/readme_updates/README.md
2026-06-09T18:01:34.0000000000Z	3345	/mnt/h/AETHIEAOPSYS/TOOLIO/src/fabric/go/pkg/mod/github.com/danielmiessler/fabric@v1.4.454/scripts/setup_fabric.bat
2026-06-09T18:01:34.0000000000Z	3522	/mnt/h/AETHIEAOPSYS/TOOLIO/src/fabric/go/pkg/mod/github.com/danielmiessler/fabric@v1.4.454/web/README.md
2026-06-09T18:01:34.0000000000Z	3579	/mnt/h/AETHIEAOPSYS/TOOLIO/src/fabric/go/pkg/mod/github.com/danielmiessler/fabric@v1.4.454/scripts/pattern_descriptions/README_Pattern_Descriptions_and_Tags_MGT.md
2026-06-09T18:01:34.0000000000Z	3876	/mnt/h/AETHIEAOPSYS/TOOLIO/src/fabric/go/pkg/mod/github.com/danielmiessler/fabric@v1.4.454/web/legacy/language-options.md
2026-06-09T18:01:34.0000000000Z	422037	/mnt/h/AETHIEAOPSYS/TOOLIO/src/fabric/go/pkg/mod/github.com/danielmiessler/fabric@v1.4.454/scripts/pattern_descriptions/pattern_extracts.json
2026-06-09T18:01:34.0000000000Z	4337	/mnt/h/AETHIEAOPSYS/TOOLIO/src/fabric/go/pkg/mod/github.com/danielmiessler/fabric@v1.4.454/web/legacy/pr-1319_PDF_TO_MARKDOWN_README.md
2026-06-09T18:01:34.0000000000Z	4445	/mnt/h/AETHIEAOPSYS/TOOLIO/src/fabric/go/pkg/mod/github.com/danielmiessler/fabric@v1.4.454/web/my-custom-theme.ts
2026-06-09T18:01:34.0000000000Z	4697	/mnt/h/AETHIEAOPSYS/TOOLIO/src/fabric/go/pkg/mod/github.com/danielmiessler/fabric@v1.4.454/scripts/pattern_descriptions/extract_patterns.py
2026-06-09T18:01:34.0000000000Z	533	/mnt/h/AETHIEAOPSYS/TOOLIO/src/fabric/go/pkg/mod/github.com/danielmiessler/fabric@v1.4.454/web/.github/dependabot.yml
2026-06-09T18:01:34.0000000000Z	56107	/mnt/h/AETHIEAOPSYS/TOOLIO/src/fabric/go/pkg/mod/github.com/danielmiessler/fabric@v1.4.454/scripts/pattern_descriptions/pattern_descriptions.json
2026-06-09T18:01:34.0000000000Z	62	/mnt/h/AETHIEAOPSYS/TOOLIO/src/fabric/go/pkg/mod/github.com/danielmiessler/fabric@v1.4.454/web/.prettierignore
2026-06-09T18:01:34.0000000000Z	6235	/mnt/h/AETHIEAOPSYS/TOOLIO/src/fabric/go/pkg/mod/github.com/danielmiessler/fabric@v1.4.454/web/legacy/Install-Guide.md
2026-06-09T18:01:34.0000000000Z	642	/mnt/h/AETHIEAOPSYS/TOOLIO/src/fabric/go/pkg/mod/github.com/danielmiessler/fabric@v1.4.454/web/eslint.config.js
2026-06-09T18:01:34.0000000000Z	649	/mnt/h/AETHIEAOPSYS/TOOLIO/src/fabric/go/pkg/mod/github.com/danielmiessler/fabric@v1.4.454/web/jsconfig.json
2026-06-09T18:01:34.0000000000Z	76	/mnt/h/AETHIEAOPSYS/TOOLIO/src/fabric/go/pkg/mod/github.com/danielmiessler/fabric@v1.4.454/web/.browserslistrc
2026-06-09T18:01:34.0000000000Z	77393	/mnt/h/AETHIEAOPSYS/TOOLIO/src/fabric/go/pkg/mod/github.com/danielmiessler/fabric@v1.4.454/scripts/python_ui/streamlit.py
2026-06-09T18:01:34.0000000000Z	8748	/mnt/h/AETHIEAOPSYS/TOOLIO/src/fabric/go/pkg/mod/github.com/danielmiessler/fabric@v1.4.454/scripts/readme_updates/update_readme_features.py
2026-06-09T18:01:34.0000000000Z	942	/mnt/h/AETHIEAOPSYS/TOOLIO/src/fabric/go/pkg/mod/github.com/danielmiessler/fabric@v1.4.454/web/STD-README.md
2026-06-09T18:01:34.0000000000Z	9661	/mnt/h/AETHIEAOPSYS/TOOLIO/src/fabric/go/pkg/mod/github.com/danielmiessler/fabric@v1.4.454/web/legacy/pr-1284-update.md
2026-06-09T18:01:34.0000000000Z	99	/mnt/h/AETHIEAOPSYS/TOOLIO/src/fabric/go/pkg/mod/github.com/danielmiessler/fabric@v1.4.454/scripts/pattern_descriptions/.vscode/settings.json
2026-06-09T18:01:36.0000000000Z	11118	/mnt/h/AETHIEAOPSYS/TOOLIO/src/fabric/go/pkg/mod/github.com/danielmiessler/fabric@v1.4.454/web/src/lib/components/chat/Chat.svelte
2026-06-09T18:01:36.0000000000Z	1223	/mnt/h/AETHIEAOPSYS/TOOLIO/src/fabric/go/pkg/mod/github.com/danielmiessler/fabric@v1.4.454/web/src/lib/components/contact/Contact.svelte
2026-06-09T18:01:36.0000000000Z	134755	/mnt/h/AETHIEAOPSYS/TOOLIO/src/fabric/go/pkg/mod/github.com/danielmiessler/fabric@v1.4.454/web/pnpm-lock.yaml
2026-06-09T18:01:36.0000000000Z	148	/mnt/h/AETHIEAOPSYS/TOOLIO/src/fabric/go/pkg/mod/github.com/danielmiessler/fabric@v1.4.454/web/src/index.test.ts
2026-06-09T18:01:36.0000000000Z	18234	/mnt/h/AETHIEAOPSYS/TOOLIO/src/fabric/go/pkg/mod/github.com/danielmiessler/fabric@v1.4.454/web/src/lib/components/chat/ChatInput.svelte
2026-06-09T18:01:36.0000000000Z	189878	/mnt/h/AETHIEAOPSYS/TOOLIO/src/fabric/go/pkg/mod/github.com/danielmiessler/fabric@v1.4.454/web/package-lock.json
2026-06-09T18:01:36.0000000000Z	2251	/mnt/h/AETHIEAOPSYS/TOOLIO/src/fabric/go/pkg/mod/github.com/danielmiessler/fabric@v1.4.454/web/src/lib/components/chat/SessionManager.svelte
2026-06-09T18:01:36.0000000000Z	2312	/mnt/h/AETHIEAOPSYS/TOOLIO/src/fabric/go/pkg/mod/github.com/danielmiessler/fabric@v1.4.454/web/src/lib/components/chat/Patterns.svelte
2026-06-09T18:01:36.0000000000Z	251	/mnt/h/AETHIEAOPSYS/TOOLIO/src/fabric/go/pkg/mod/github.com/danielmiessler/fabric@v1.4.454/web/src/app.d.ts
2026-06-09T18:01:36.0000000000Z	2523	/mnt/h/AETHIEAOPSYS/TOOLIO/src/fabric/go/pkg/mod/github.com/danielmiessler/fabric@v1.4.454/web/src/lib/components/chat/SessionSelector.svelte
2026-06-09T18:01:36.0000000000Z	3162	/mnt/h/AETHIEAOPSYS/TOOLIO/src/fabric/go/pkg/mod/github.com/danielmiessler/fabric@v1.4.454/web/src/lib/components/chat/DropdownGroup.svelte
2026-06-09T18:01:36.0000000000Z	3167	/mnt/h/AETHIEAOPSYS/TOOLIO/src/fabric/go/pkg/mod/github.com/danielmiessler/fabric@v1.4.454/web/src/lib/components/chat/Transcripts.svelte
2026-06-09T18:01:36.0000000000Z	3281	/mnt/h/AETHIEAOPSYS/TOOLIO/src/fabric/go/pkg/mod/github.com/danielmiessler/fabric@v1.4.454/web/src/lib/api/base.ts
2026-06-09T18:01:36.0000000000Z	3281	/mnt/h/AETHIEAOPSYS/TOOLIO/src/fabric/go/pkg/mod/github.com/danielmiessler/fabric@v1.4.454/web/src/lib/components/chat/ModelConfig.svelte
2026-06-09T18:01:36.0000000000Z	3352	/mnt/h/AETHIEAOPSYS/TOOLIO/src/fabric/go/pkg/mod/github.com/danielmiessler/fabric@v1.4.454/web/src/app.css
2026-06-09T18:01:36.0000000000Z	3440	/mnt/h/AETHIEAOPSYS/TOOLIO/src/fabric/go/pkg/mod/github.com/danielmiessler/fabric@v1.4.454/web/package.json
2026-06-09T18:01:36.0000000000Z	392	/mnt/h/AETHIEAOPSYS/TOOLIO/src/fabric/go/pkg/mod/github.com/danielmiessler/fabric@v1.4.454/web/src/lib/actions/clickOutside.ts
2026-06-09T18:01:36.0000000000Z	399	/mnt/h/AETHIEAOPSYS/TOOLIO/src/fabric/go/pkg/mod/github.com/danielmiessler/fabric@v1.4.454/web/src/app.html
2026-06-09T18:01:36.0000000000Z	460	/mnt/h/AETHIEAOPSYS/TOOLIO/src/fabric/go/pkg/mod/github.com/danielmiessler/fabric@v1.4.454/web/src/lib/api/contexts.ts
2026-06-09T18:01:36.0000000000Z	469	/mnt/h/AETHIEAOPSYS/TOOLIO/src/fabric/go/pkg/mod/github.com/danielmiessler/fabric@v1.4.454/web/rollup.config.js
2026-06-09T18:01:36.0000000000Z	602	/mnt/h/AETHIEAOPSYS/TOOLIO/src/fabric/go/pkg/mod/github.com/danielmiessler/fabric@v1.4.454/web/src/lib/components/home/Footer.svelte
2026-06-09T18:01:36.0000000000Z	615	/mnt/h/AETHIEAOPSYS/TOOLIO/src/fabric/go/pkg/mod/github.com/danielmiessler/fabric@v1.4.454/web/src/lib/api/config.ts
2026-06-09T18:01:36.0000000000Z	622	/mnt/h/AETHIEAOPSYS/TOOLIO/src/fabric/go/pkg/mod/github.com/danielmiessler/fabric@v1.4.454/web/src/app.postcss
2026-06-09T18:01:36.0000000000Z	690	/mnt/h/AETHIEAOPSYS/TOOLIO/src/fabric/go/pkg/mod/github.com/danielmiessler/fabric@v1.4.454/web/src/lib/api/models.ts
2026-06-09T18:01:36.0000000000Z	72	/mnt/h/AETHIEAOPSYS/TOOLIO/src/fabric/go/pkg/mod/github.com/danielmiessler/fabric@v1.4.454/web/postcss.config.js
2026-06-09T18:01:36.0000000000Z	7412	/mnt/h/AETHIEAOPSYS/TOOLIO/src/fabric/go/pkg/mod/github.com/danielmiessler/fabric@v1.4.454/web/src/lib/components/chat/ChatMessages.svelte
2026-06-09T18:01:36.0000000000Z	75	/mnt/h/AETHIEAOPSYS/TOOLIO/src/fabric/go/pkg/mod/github.com/danielmiessler/fabric@v1.4.454/web/postcss.config.cjs
2026-06-09T18:01:36.0000000000Z	988	/mnt/h/AETHIEAOPSYS/TOOLIO/src/fabric/go/pkg/mod/github.com/danielmiessler/fabric@v1.4.454/web/src/lib/components/chat/Models.svelte
2026-06-09T18:01:38.0000000000Z	1014	/mnt/h/AETHIEAOPSYS/TOOLIO/src/fabric/go/pkg/mod/github.com/danielmiessler/fabric@v1.4.454/web/src/lib/components/posts/PostMeta.svelte
2026-06-09T18:01:38.0000000000Z	1112	/mnt/h/AETHIEAOPSYS/TOOLIO/src/fabric/go/pkg/mod/github.com/danielmiessler/fabric@v1.4.454/web/src/lib/components/ui/button/index.js
2026-06-09T18:01:38.0000000000Z	1139	/mnt/h/AETHIEAOPSYS/TOOLIO/src/fabric/go/pkg/mod/github.com/danielmiessler/fabric@v1.4.454/web/src/lib/components/ui/cards/card.svelte
2026-06-09T18:01:38.0000000000Z	1295	/mnt/h/AETHIEAOPSYS/TOOLIO/src/fabric/go/pkg/mod/github.com/danielmiessler/fabric@v1.4.454/web/src/lib/components/posts/PostContent.svelte
2026-06-09T18:01:38.0000000000Z	1853	/mnt/h/AETHIEAOPSYS/TOOLIO/src/fabric/go/pkg/mod/github.com/danielmiessler/fabric@v1.4.454/web/src/lib/components/posts/PostCard.svelte
2026-06-09T18:01:38.0000000000Z	405	/mnt/h/AETHIEAOPSYS/TOOLIO/src/fabric/go/pkg/mod/github.com/danielmiessler/fabric@v1.4.454/web/src/lib/components/posts/post-interface.ts
2026-06-09T18:01:38.0000000000Z	4306	/mnt/h/AETHIEAOPSYS/TOOLIO/src/fabric/go/pkg/mod/github.com/danielmiessler/fabric@v1.4.454/web/src/lib/components/patterns/TagFilterPanel.svelte
2026-06-09T18:01:38.0000000000Z	4483	/mnt/h/AETHIEAOPSYS/TOOLIO/src/fabric/go/pkg/mod/github.com/danielmiessler/fabric@v1.4.454/web/src/lib/components/terminal/Terminal.svelte
2026-06-09T18:01:38.0000000000Z	565	/mnt/h/AETHIEAOPSYS/TOOLIO/src/fabric/go/pkg/mod/github.com/danielmiessler/fabric@v1.4.454/web/src/lib/components/ui/checkbox/Checkbox.svelte
2026-06-09T18:01:38.0000000000Z	620	/mnt/h/AETHIEAOPSYS/TOOLIO/src/fabric/go/pkg/mod/github.com/danielmiessler/fabric@v1.4.454/web/src/lib/components/ui/button/button.svelte
2026-06-09T18:01:38.0000000000Z	6613	/mnt/h/AETHIEAOPSYS/TOOLIO/src/fabric/go/pkg/mod/github.com/danielmiessler/fabric@v1.4.454/web/src/lib/components/home/Header.svelte
2026-06-09T18:01:38.0000000000Z	723	/mnt/h/AETHIEAOPSYS/TOOLIO/src/fabric/go/pkg/mod/github.com/danielmiessler/fabric@v1.4.454/web/src/lib/components/posts/PostLayout.svelte
2026-06-09T18:01:38.0000000000Z	7521	/mnt/h/AETHIEAOPSYS/TOOLIO/src/fabric/go/pkg/mod/github.com/danielmiessler/fabric@v1.4.454/web/src/lib/components/patterns/PatternList.svelte
2026-06-09T18:01:38.0000000000Z	778	/mnt/h/AETHIEAOPSYS/TOOLIO/src/fabric/go/pkg/mod/github.com/danielmiessler/fabric@v1.4.454/web/src/lib/components/settings/LanguageSelector.svelte
2026-06-09T18:01:38.0000000000Z	853	/mnt/h/AETHIEAOPSYS/TOOLIO/src/fabric/go/pkg/mod/github.com/danielmiessler/fabric@v1.4.454/web/src/lib/components/ui/buymeacoffee/BuyMeCoffee.svelte
2026-06-09T18:01:50.0000000000Z	88	/mnt/h/AETHIEAOPSYS/TOOLIO/src/fabric/go/pkg/mod/github.com/danielmiessler/fabric@v1.4.454/web/src/lib/components/ui/checkbox/index.ts
2026-06-09T18:01:56.0000000000Z	3576	/mnt/h/AETHIEAOPSYS/TOOLIO/src/fabric/go/pkg/mod/github.com/danielmiessler/fabric@v1.4.454/web/src/lib/components/ui/connections/Connections.svelte
2026-06-09T18:02:00.0000000000Z	3511	/mnt/h/AETHIEAOPSYS/TOOLIO/src/fabric/go/pkg/mod/github.com/danielmiessler/fabric@v1.4.454/web/src/lib/components/ui/connections/ParticleSystem.ts
2026-06-09T18:02:04.0000000000Z	338	/mnt/h/AETHIEAOPSYS/TOOLIO/src/fabric/go/pkg/mod/github.com/danielmiessler/fabric@v1.4.454/web/src/lib/components/ui/connections/canvas.ts
2026-06-09T18:02:06.0000000000Z	180	/mnt/h/AETHIEAOPSYS/TOOLIO/src/fabric/go/pkg/mod/github.com/danielmiessler/fabric@v1.4.454/web/src/lib/components/ui/connections/colors.ts
2026-06-09T18:02:08.0000000000Z	161	/mnt/h/AETHIEAOPSYS/TOOLIO/src/fabric/go/pkg/mod/github.com/danielmiessler/fabric@v1.4.454/web/src/lib/components/ui/connections/particle.ts
2026-06-09T18:02:10.0000000000Z	11385	/mnt/h/AETHIEAOPSYS/TOOLIO/src/fabric/go/pkg/mod/github.com/danielmiessler/fabric@v1.4.454/web/src/lib/components/ui/modal/PatternTilesModal.svelte
2026-06-09T18:02:10.0000000000Z	1172	/mnt/h/AETHIEAOPSYS/TOOLIO/src/fabric/go/pkg/mod/github.com/danielmiessler/fabric@v1.4.454/web/src/lib/components/ui/select/select-content.svelte
2026-06-09T18:02:10.0000000000Z	221	/mnt/h/AETHIEAOPSYS/TOOLIO/src/fabric/go/pkg/mod/github.com/danielmiessler/fabric@v1.4.454/web/src/lib/components/ui/label/label.svelte
2026-06-09T18:02:10.0000000000Z	278	/mnt/h/AETHIEAOPSYS/TOOLIO/src/fabric/go/pkg/mod/github.com/danielmiessler/fabric@v1.4.454/web/src/lib/components/ui/select/select-separator.svelte
2026-06-09T18:02:10.0000000000Z	341	/mnt/h/AETHIEAOPSYS/TOOLIO/src/fabric/go/pkg/mod/github.com/danielmiessler/fabric@v1.4.454/web/src/lib/components/ui/select/select-label.svelte
2026-06-09T18:02:10.0000000000Z	395	/mnt/h/AETHIEAOPSYS/TOOLIO/src/fabric/go/pkg/mod/github.com/danielmiessler/fabric@v1.4.454/web/src/lib/components/ui/select/select-item.svelte
2026-06-09T18:02:10.0000000000Z	436	/mnt/h/AETHIEAOPSYS/TOOLIO/src/fabric/go/pkg/mod/github.com/danielmiessler/fabric@v1.4.454/web/src/lib/components/ui/select/select-value.svelte
2026-06-09T18:02:10.0000000000Z	4399	/mnt/h/AETHIEAOPSYS/TOOLIO/src/fabric/go/pkg/mod/github.com/danielmiessler/fabric@v1.4.454/web/src/lib/components/ui/noteDrawer/NoteDrawer.svelte
2026-06-09T18:02:10.0000000000Z	656	/mnt/h/AETHIEAOPSYS/TOOLIO/src/fabric/go/pkg/mod/github.com/danielmiessler/fabric@v1.4.454/web/src/lib/components/ui/input/Input.svelte
2026-06-09T18:02:10.0000000000Z	69	/mnt/h/AETHIEAOPSYS/TOOLIO/src/fabric/go/pkg/mod/github.com/danielmiessler/fabric@v1.4.454/web/src/lib/components/ui/label/index.js
2026-06-09T18:02:10.0000000000Z	690	/mnt/h/AETHIEAOPSYS/TOOLIO/src/fabric/go/pkg/mod/github.com/danielmiessler/fabric@v1.4.454/web/src/lib/components/ui/select/select-trigger.svelte
2026-06-09T18:02:10.0000000000Z	71	/mnt/h/AETHIEAOPSYS/TOOLIO/src/fabric/go/pkg/mod/github.com/danielmiessler/fabric@v1.4.454/web/src/lib/components/ui/select/index.js
2026-06-09T18:02:10.0000000000Z	720	/mnt/h/AETHIEAOPSYS/TOOLIO/src/fabric/go/pkg/mod/github.com/danielmiessler/fabric@v1.4.454/web/src/lib/components/ui/select/select.svelte
2026-06-09T18:02:10.0000000000Z	76	/mnt/h/AETHIEAOPSYS/TOOLIO/src/fabric/go/pkg/mod/github.com/danielmiessler/fabric@v1.4.454/web/src/lib/components/ui/slider/index.js
2026-06-09T18:02:10.0000000000Z	77	/mnt/h/AETHIEAOPSYS/TOOLIO/src/fabric/go/pkg/mod/github.com/danielmiessler/fabric@v1.4.454/web/src/lib/components/ui/input/index.ts
2026-06-09T18:02:10.0000000000Z	9103	/mnt/h/AETHIEAOPSYS/TOOLIO/src/fabric/go/pkg/mod/github.com/danielmiessler/fabric@v1.4.454/web/src/lib/components/ui/help/HelpModal.svelte
2026-06-09T18:02:10.0000000000Z	931	/mnt/h/AETHIEAOPSYS/TOOLIO/src/fabric/go/pkg/mod/github.com/danielmiessler/fabric@v1.4.454/web/src/lib/components/ui/modal/Modal.svelte
2026-06-09T18:02:12.0000000000Z	123	/mnt/h/AETHIEAOPSYS/TOOLIO/src/fabric/go/pkg/mod/github.com/danielmiessler/fabric@v1.4.454/web/src/lib/content/.obsidian/types.json
2026-06-09T18:02:12.0000000000Z	1292	/mnt/h/AETHIEAOPSYS/TOOLIO/src/fabric/go/pkg/mod/github.com/danielmiessler/fabric@v1.4.454/web/src/lib/content/posts/tutorial.md
2026-06-09T18:02:12.0000000000Z	1312	/mnt/h/AETHIEAOPSYS/TOOLIO/src/fabric/go/pkg/mod/github.com/danielmiessler/fabric@v1.4.454/web/src/lib/components/ui/toc/Toc.svelte
2026-06-09T18:02:12.0000000000Z	1453	/mnt/h/AETHIEAOPSYS/TOOLIO/src/fabric/go/pkg/mod/github.com/danielmiessler/fabric@v1.4.454/web/src/lib/content/posts/product-review.md
2026-06-09T18:02:12.0000000000Z	1573	/mnt/h/AETHIEAOPSYS/TOOLIO/src/fabric/go/pkg/mod/github.com/danielmiessler/fabric@v1.4.454/web/src/lib/config/environment.ts
2026-06-09T18:02:12.0000000000Z	1716	/mnt/h/AETHIEAOPSYS/TOOLIO/src/fabric/go/pkg/mod/github.com/danielmiessler/fabric@v1.4.454/web/src/lib/components/ui/tooltip/Tooltip.test.ts
2026-06-09T18:02:12.0000000000Z	1765	/mnt/h/AETHIEAOPSYS/TOOLIO/src/fabric/go/pkg/mod/github.com/danielmiessler/fabric@v1.4.454/web/src/lib/components/ui/tagSearch/TagList.svelte
2026-06-09T18:02:12.0000000000Z	1798	/mnt/h/AETHIEAOPSYS/TOOLIO/src/fabric/go/pkg/mod/github.com/danielmiessler/fabric@v1.4.454/web/src/lib/components/ui/tagSearch/TagSearch.svelte
2026-06-09T18:02:12.0000000000Z	2	/mnt/h/AETHIEAOPSYS/TOOLIO/src/fabric/go/pkg/mod/github.com/danielmiessler/fabric@v1.4.454/web/src/lib/content/.obsidian/app.json
2026-06-09T18:02:12.0000000000Z	2	/mnt/h/AETHIEAOPSYS/TOOLIO/src/fabric/go/pkg/mod/github.com/danielmiessler/fabric@v1.4.454/web/src/lib/content/.obsidian/appearance.json
2026-06-09T18:02:12.0000000000Z	2398	/mnt/h/AETHIEAOPSYS/TOOLIO/src/fabric/go/pkg/mod/github.com/danielmiessler/fabric@v1.4.454/web/src/lib/content/posts/obsidian.md
2026-06-09T18:02:12.0000000000Z	2515	/mnt/h/AETHIEAOPSYS/TOOLIO/src/fabric/go/pkg/mod/github.com/danielmiessler/fabric@v1.4.454/web/src/lib/components/ui/slider/slider.svelte
2026-06-09T18:02:12.0000000000Z	262	/mnt/h/AETHIEAOPSYS/TOOLIO/src/fabric/go/pkg/mod/github.com/danielmiessler/fabric@v1.4.454/web/src/lib/components/ui/toast/ToastContainer.svelte
2026-06-09T18:02:12.0000000000Z	272	/mnt/h/AETHIEAOPSYS/TOOLIO/src/fabric/go/pkg/mod/github.com/danielmiessler/fabric@v1.4.454/web/src/lib/components/ui/spinner/spinner.svelte
2026-06-09T18:02:12.0000000000Z	3121	/mnt/h/AETHIEAOPSYS/TOOLIO/src/fabric/go/pkg/mod/github.com/danielmiessler/fabric@v1.4.454/web/src/lib/content/posts/opinion.md
2026-06-09T18:02:12.0000000000Z	3247	/mnt/h/AETHIEAOPSYS/TOOLIO/src/fabric/go/pkg/mod/github.com/danielmiessler/fabric@v1.4.454/web/src/lib/content/posts/personal-story.md
2026-06-09T18:02:12.0000000000Z	3344	/mnt/h/AETHIEAOPSYS/TOOLIO/src/fabric/go/pkg/mod/github.com/danielmiessler/fabric@v1.4.454/web/src/lib/content/posts/extract_wisdom.md
2026-06-09T18:02:12.0000000000Z	3516	/mnt/h/AETHIEAOPSYS/TOOLIO/src/fabric/go/pkg/mod/github.com/danielmiessler/fabric@v1.4.454/web/src/lib/content/posts/faq.md
2026-06-09T18:02:12.0000000000Z	389	/mnt/h/AETHIEAOPSYS/TOOLIO/src/fabric/go/pkg/mod/github.com/danielmiessler/fabric@v1.4.454/web/src/lib/config/features.ts
2026-06-09T18:02:12.0000000000Z	3980	/mnt/h/AETHIEAOPSYS/TOOLIO/src/fabric/go/pkg/mod/github.com/danielmiessler/fabric@v1.4.454/web/src/lib/content/posts/resources.md
2026-06-09T18:02:12.0000000000Z	4045	/mnt/h/AETHIEAOPSYS/TOOLIO/src/fabric/go/pkg/mod/github.com/danielmiessler/fabric@v1.4.454/web/src/lib/components/ui/tooltip/Tooltip.svelte
2026-06-09T18:02:12.0000000000Z	4206	/mnt/h/AETHIEAOPSYS/TOOLIO/src/fabric/go/pkg/mod/github.com/danielmiessler/fabric@v1.4.454/web/src/lib/content/posts/tips-n-tricks.md
2026-06-09T18:02:12.0000000000Z	4474	/mnt/h/AETHIEAOPSYS/TOOLIO/src/fabric/go/pkg/mod/github.com/danielmiessler/fabric@v1.4.454/web/src/lib/content/.obsidian/workspace.json
2026-06-09T18:02:12.0000000000Z	637	/mnt/h/AETHIEAOPSYS/TOOLIO/src/fabric/go/pkg/mod/github.com/danielmiessler/fabric@v1.4.454/web/src/lib/content/.obsidian/core-plugins.json
2026-06-09T18:02:12.0000000000Z	680	/mnt/h/AETHIEAOPSYS/TOOLIO/src/fabric/go/pkg/mod/github.com/danielmiessler/fabric@v1.4.454/web/src/lib/components/ui/textarea/textarea.svelte
2026-06-09T18:02:12.0000000000Z	80	/mnt/h/AETHIEAOPSYS/TOOLIO/src/fabric/go/pkg/mod/github.com/danielmiessler/fabric@v1.4.454/web/src/lib/components/ui/textarea/index.js
2026-06-09T18:02:12.0000000000Z	800	/mnt/h/AETHIEAOPSYS/TOOLIO/src/fabric/go/pkg/mod/github.com/danielmiessler/fabric@v1.4.454/web/src/lib/components/ui/tooltip/positioning.ts
2026-06-09T18:02:12.0000000000Z	82	/mnt/h/AETHIEAOPSYS/TOOLIO/src/fabric/go/pkg/mod/github.com/danielmiessler/fabric@v1.4.454/web/src/lib/content/.obsidian/templates.json
2026-06-09T18:02:12.0000000000Z	897	/mnt/h/AETHIEAOPSYS/TOOLIO/src/fabric/go/pkg/mod/github.com/danielmiessler/fabric@v1.4.454/web/src/lib/components/ui/toast/Toast.svelte
2026-06-09T18:02:14.0000000000Z	1008	/mnt/h/AETHIEAOPSYS/TOOLIO/src/fabric/go/pkg/mod/github.com/danielmiessler/fabric@v1.4.454/web/src/lib/store/favorites-store.ts
2026-06-09T18:02:14.0000000000Z	1221	/mnt/h/AETHIEAOPSYS/TOOLIO/src/fabric/go/pkg/mod/github.com/danielmiessler/fabric@v1.4.454/web/src/lib/interfaces/chat-interface.ts
2026-06-09T18:02:14.0000000000Z	1253	/mnt/h/AETHIEAOPSYS/TOOLIO/src/fabric/go/pkg/mod/github.com/danielmiessler/fabric@v1.4.454/web/src/lib/utils/file-utils.ts
2026-06-09T18:02:14.0000000000Z	1445	/mnt/h/AETHIEAOPSYS/TOOLIO/src/fabric/go/pkg/mod/github.com/danielmiessler/fabric@v1.4.454/web/src/lib/store/theme-store.ts
2026-06-09T18:02:14.0000000000Z	153	/mnt/h/AETHIEAOPSYS/TOOLIO/src/fabric/go/pkg/mod/github.com/danielmiessler/fabric@v1.4.454/web/src/lib/utils/validators.ts
2026-06-09T18:02:14.0000000000Z	154	/mnt/h/AETHIEAOPSYS/TOOLIO/src/fabric/go/pkg/mod/github.com/danielmiessler/fabric@v1.4.454/web/src/lib/interfaces/session-interface.ts
2026-06-09T18:02:14.0000000000Z	1608	/mnt/h/AETHIEAOPSYS/TOOLIO/src/fabric/go/pkg/mod/github.com/danielmiessler/fabric@v1.4.454/web/src/lib/content/posts/welcome.md
2026-06-09T18:02:14.0000000000Z	162	/mnt/h/AETHIEAOPSYS/TOOLIO/src/fabric/go/pkg/mod/github.com/danielmiessler/fabric@v1.4.454/web/src/lib/interfaces/storage-interface.ts
2026-06-09T18:02:14.0000000000Z	167	/mnt/h/AETHIEAOPSYS/TOOLIO/src/fabric/go/pkg/mod/github.com/danielmiessler/fabric@v1.4.454/web/src/lib/utils/utils.ts
2026-06-09T18:02:14.0000000000Z	1874	/mnt/h/AETHIEAOPSYS/TOOLIO/src/fabric/go/pkg/mod/github.com/danielmiessler/fabric@v1.4.454/web/src/lib/store/obsidian-store.ts
2026-06-09T18:02:14.0000000000Z	1917	/mnt/h/AETHIEAOPSYS/TOOLIO/src/fabric/go/pkg/mod/github.com/danielmiessler/fabric@v1.4.454/web/src/lib/store/model-store.ts
2026-06-09T18:02:14.0000000000Z	2098	/mnt/h/AETHIEAOPSYS/TOOLIO/src/fabric/go/pkg/mod/github.com/danielmiessler/fabric@v1.4.454/web/src/lib/services/PdfConversionService.ts
2026-06-09T18:02:14.0000000000Z	2317	/mnt/h/AETHIEAOPSYS/TOOLIO/src/fabric/go/pkg/mod/github.com/danielmiessler/fabric@v1.4.454/web/src/lib/services/transcriptService.ts
2026-06-09T18:02:14.0000000000Z	2805	/mnt/h/AETHIEAOPSYS/TOOLIO/src/fabric/go/pkg/mod/github.com/danielmiessler/fabric@v1.4.454/web/src/lib/store/note-store.ts
2026-06-09T18:02:14.0000000000Z	2963	/mnt/h/AETHIEAOPSYS/TOOLIO/src/fabric/go/pkg/mod/github.com/danielmiessler/fabric@v1.4.454/web/src/lib/content/posts/using-svelte-in-markdown.md
2026-06-09T18:02:14.0000000000Z	315	/mnt/h/AETHIEAOPSYS/TOOLIO/src/fabric/go/pkg/mod/github.com/danielmiessler/fabric@v1.4.454/web/src/lib/interfaces/model-interface.ts
2026-06-09T18:02:14.0000000000Z	322	/mnt/h/AETHIEAOPSYS/TOOLIO/src/fabric/go/pkg/mod/github.com/danielmiessler/fabric@v1.4.454/web/src/lib/interfaces/LanguageDisplay.svelte
2026-06-09T18:02:14.0000000000Z	3272	/mnt/h/AETHIEAOPSYS/TOOLIO/src/fabric/go/pkg/mod/github.com/danielmiessler/fabric@v1.4.454/web/src/lib/store/session-store.ts
2026-06-09T18:02:14.0000000000Z	343	/mnt/h/AETHIEAOPSYS/TOOLIO/src/fabric/go/pkg/mod/github.com/danielmiessler/fabric@v1.4.454/web/src/lib/services/toast-service.ts
2026-06-09T18:02:14.0000000000Z	380	/mnt/h/AETHIEAOPSYS/TOOLIO/src/fabric/go/pkg/mod/github.com/danielmiessler/fabric@v1.4.454/web/src/lib/store/language-store.ts
2026-06-09T18:02:14.0000000000Z	4246	/mnt/h/AETHIEAOPSYS/TOOLIO/src/fabric/go/pkg/mod/github.com/danielmiessler/fabric@v1.4.454/web/src/lib/store/chat-store.ts
2026-06-09T18:02:14.0000000000Z	5138	/mnt/h/AETHIEAOPSYS/TOOLIO/src/fabric/go/pkg/mod/github.com/danielmiessler/fabric@v1.4.454/web/src/lib/store/pattern-store.ts
2026-06-09T18:02:14.0000000000Z	536	/mnt/h/AETHIEAOPSYS/TOOLIO/src/fabric/go/pkg/mod/github.com/danielmiessler/fabric@v1.4.454/web/src/lib/store/chat-config.ts
2026-06-09T18:02:14.0000000000Z	624	/mnt/h/AETHIEAOPSYS/TOOLIO/src/fabric/go/pkg/mod/github.com/danielmiessler/fabric@v1.4.454/web/src/lib/interfaces/pattern-interface.ts
2026-06-09T18:02:14.0000000000Z	64	/mnt/h/AETHIEAOPSYS/TOOLIO/src/fabric/go/pkg/mod/github.com/danielmiessler/fabric@v1.4.454/web/src/lib/interfaces/context-interface.ts
2026-06-09T18:02:14.0000000000Z	695	/mnt/h/AETHIEAOPSYS/TOOLIO/src/fabric/go/pkg/mod/github.com/danielmiessler/fabric@v1.4.454/web/src/lib/services/pdf-config.ts
2026-06-09T18:02:14.0000000000Z	732	/mnt/h/AETHIEAOPSYS/TOOLIO/src/fabric/go/pkg/mod/github.com/danielmiessler/fabric@v1.4.454/web/src/lib/utils/markdown.ts
2026-06-09T18:02:14.0000000000Z	74	/mnt/h/AETHIEAOPSYS/TOOLIO/src/fabric/go/pkg/mod/github.com/danielmiessler/fabric@v1.4.454/web/src/lib/types/index.ts
2026-06-09T18:02:14.0000000000Z	794	/mnt/h/AETHIEAOPSYS/TOOLIO/src/fabric/go/pkg/mod/github.com/danielmiessler/fabric@v1.4.454/web/src/lib/store/toast-store.ts
2026-06-09T18:02:14.0000000000Z	8662	/mnt/h/AETHIEAOPSYS/TOOLIO/src/fabric/go/pkg/mod/github.com/danielmiessler/fabric@v1.4.454/web/src/lib/services/ChatService.ts
2026-06-09T18:02:14.0000000000Z	88	/mnt/h/AETHIEAOPSYS/TOOLIO/src/fabric/go/pkg/mod/github.com/danielmiessler/fabric@v1.4.454/web/src/lib/content/templates/{{title}}.md
2026-06-09T18:02:14.0000000000Z	928	/mnt/h/AETHIEAOPSYS/TOOLIO/src/fabric/go/pkg/mod/github.com/danielmiessler/fabric@v1.4.454/web/src/lib/store/strategy-store.ts
2026-06-09T18:02:16.0000000000Z	1006	/mnt/h/AETHIEAOPSYS/TOOLIO/src/fabric/go/pkg/mod/github.com/danielmiessler/fabric@v1.4.454/web/src/routes/posts/+page.ts
2026-06-09T18:02:16.0000000000Z	1124	/mnt/h/AETHIEAOPSYS/TOOLIO/src/fabric/go/pkg/mod/github.com/danielmiessler/fabric@v1.4.454/web/src/routes/posts/[slug]/+page.ts
2026-06-09T18:02:16.0000000000Z	1391	/mnt/h/AETHIEAOPSYS/TOOLIO/src/fabric/go/pkg/mod/github.com/danielmiessler/fabric@v1.4.454/web/src/routes/api/youtube/transcript/+server.ts
2026-06-09T18:02:16.0000000000Z	1393	/mnt/h/AETHIEAOPSYS/TOOLIO/src/fabric/go/pkg/mod/github.com/danielmiessler/fabric@v1.4.454/web/src/routes/+layout.svelte
2026-06-09T18:02:16.0000000000Z	1568	/mnt/h/AETHIEAOPSYS/TOOLIO/src/fabric/go/pkg/mod/github.com/danielmiessler/fabric@v1.4.454/web/src/routes/notes/+server.ts
2026-06-09T18:02:16.0000000000Z	1580	/mnt/h/AETHIEAOPSYS/TOOLIO/src/fabric/go/pkg/mod/github.com/danielmiessler/fabric@v1.4.454/web/src/routes/+page.svelte
2026-06-09T18:02:16.0000000000Z	179	/mnt/h/AETHIEAOPSYS/TOOLIO/src/fabric/go/pkg/mod/github.com/danielmiessler/fabric@v1.4.454/web/src/routes/chat/+page.svelte
2026-06-09T18:02:16.0000000000Z	22876	/mnt/h/AETHIEAOPSYS/TOOLIO/src/fabric/go/pkg/mod/github.com/danielmiessler/fabric@v1.4.454/web/src/routes/about/README.md
2026-06-09T18:02:16.0000000000Z	32	/mnt/h/AETHIEAOPSYS/TOOLIO/src/fabric/go/pkg/mod/github.com/danielmiessler/fabric@v1.4.454/web/src/routes/+page.ts
2026-06-09T18:02:16.0000000000Z	3352	/mnt/h/AETHIEAOPSYS/TOOLIO/src/fabric/go/pkg/mod/github.com/danielmiessler/fabric@v1.4.454/web/src/routes/obsidian/+server.ts
2026-06-09T18:02:16.0000000000Z	376	/mnt/h/AETHIEAOPSYS/TOOLIO/src/fabric/go/pkg/mod/github.com/danielmiessler/fabric@v1.4.454/web/src/routes/posts/[slug]/+page.svelte
2026-06-09T18:02:16.0000000000Z	389	/mnt/h/AETHIEAOPSYS/TOOLIO/src/fabric/go/pkg/mod/github.com/danielmiessler/fabric@v1.4.454/web/src/routes/contact/contact.md
2026-06-09T18:02:16.0000000000Z	5465	/mnt/h/AETHIEAOPSYS/TOOLIO/src/fabric/go/pkg/mod/github.com/danielmiessler/fabric@v1.4.454/web/src/routes/chat/+server.ts
2026-06-09T18:02:16.0000000000Z	551	/mnt/h/AETHIEAOPSYS/TOOLIO/src/fabric/go/pkg/mod/github.com/danielmiessler/fabric@v1.4.454/web/src/routes/contact/+page.svelte
2026-06-09T18:02:16.0000000000Z	58	/mnt/h/AETHIEAOPSYS/TOOLIO/src/fabric/go/pkg/mod/github.com/danielmiessler/fabric@v1.4.454/web/src/routes/+layout.ts
2026-06-09T18:02:16.0000000000Z	619	/mnt/h/AETHIEAOPSYS/TOOLIO/src/fabric/go/pkg/mod/github.com/danielmiessler/fabric@v1.4.454/web/src/routes/about/+page.svelte
2026-06-09T18:02:16.0000000000Z	8092	/mnt/h/AETHIEAOPSYS/TOOLIO/src/fabric/go/pkg/mod/github.com/danielmiessler/fabric@v1.4.454/web/src/routes/posts/+page.svelte
2026-06-09T18:02:16.0000000000Z	8360	/mnt/h/AETHIEAOPSYS/TOOLIO/src/fabric/go/pkg/mod/github.com/danielmiessler/fabric@v1.4.454/web/src/routes/posts/Search.svelte
2026-06-09T18:02:16.0000000000Z	888	/mnt/h/AETHIEAOPSYS/TOOLIO/src/fabric/go/pkg/mod/github.com/danielmiessler/fabric@v1.4.454/web/src/routes/chat/+layout.svelte
2026-06-09T18:02:16.0000000000Z	922	/mnt/h/AETHIEAOPSYS/TOOLIO/src/fabric/go/pkg/mod/github.com/danielmiessler/fabric@v1.4.454/web/src/routes/contact/+error.svelte
2026-06-09T18:02:16.0000000000Z	923	/mnt/h/AETHIEAOPSYS/TOOLIO/src/fabric/go/pkg/mod/github.com/danielmiessler/fabric@v1.4.454/web/src/routes/about/+error.svelte
2026-06-09T18:02:16.0000000000Z	926	/mnt/h/AETHIEAOPSYS/TOOLIO/src/fabric/go/pkg/mod/github.com/danielmiessler/fabric@v1.4.454/web/src/routes/posts/+error.svelte
2026-06-09T18:02:16.0000000000Z	928	/mnt/h/AETHIEAOPSYS/TOOLIO/src/fabric/go/pkg/mod/github.com/danielmiessler/fabric@v1.4.454/web/src/routes/posts/[slug]/+error.svelte
2026-06-09T18:02:16.0000000000Z	98	/mnt/h/AETHIEAOPSYS/TOOLIO/src/fabric/go/pkg/mod/github.com/danielmiessler/fabric@v1.4.454/web/src/routes/about/+page.ts
2026-06-09T18:02:16.0000000000Z	98	/mnt/h/AETHIEAOPSYS/TOOLIO/src/fabric/go/pkg/mod/github.com/danielmiessler/fabric@v1.4.454/web/src/routes/chat/+page.ts
2026-06-09T18:02:16.0000000000Z	98	/mnt/h/AETHIEAOPSYS/TOOLIO/src/fabric/go/pkg/mod/github.com/danielmiessler/fabric@v1.4.454/web/src/routes/contact/+page.ts
2026-06-09T18:02:18.0000000000Z	1236	/mnt/h/AETHIEAOPSYS/TOOLIO/src/fabric/go/pkg/mod/github.com/danielmiessler/fabric@v1.4.454/web/src/routes/tags/[tag]/+page.svelte
2026-06-09T18:02:18.0000000000Z	1819953	/mnt/h/AETHIEAOPSYS/TOOLIO/src/fabric/go/pkg/mod/github.com/danielmiessler/fabric@v1.4.454/web/static/electric.png
2026-06-09T18:02:18.0000000000Z	2048814	/mnt/h/AETHIEAOPSYS/TOOLIO/src/fabric/go/pkg/mod/github.com/danielmiessler/fabric@v1.4.454/web/static/brain.png
2026-06-09T18:02:18.0000000000Z	2472	/mnt/h/AETHIEAOPSYS/TOOLIO/src/fabric/go/pkg/mod/github.com/danielmiessler/fabric@v1.4.454/web/vite.config.ts
2026-06-09T18:02:18.0000000000Z	3062	/mnt/h/AETHIEAOPSYS/TOOLIO/src/fabric/go/pkg/mod/github.com/danielmiessler/fabric@v1.4.454/web/svelte.config.js
2026-06-09T18:02:18.0000000000Z	3536	/mnt/h/AETHIEAOPSYS/TOOLIO/src/fabric/go/pkg/mod/github.com/danielmiessler/fabric@v1.4.454/web/tailwind.config.ts
2026-06-09T18:02:18.0000000000Z	395964	/mnt/h/AETHIEAOPSYS/TOOLIO/src/fabric/go/pkg/mod/github.com/danielmiessler/fabric@v1.4.454/web/static/fabric-logo.png
2026-06-09T18:02:18.0000000000Z	4834	/mnt/h/AETHIEAOPSYS/TOOLIO/src/fabric/go/pkg/mod/github.com/danielmiessler/fabric@v1.4.454/web/static/favicon.png
2026-06-09T18:02:18.0000000000Z	503175	/mnt/h/AETHIEAOPSYS/TOOLIO/src/fabric/go/pkg/mod/github.com/danielmiessler/fabric@v1.4.454/web/static/fabric-summarize.png
2026-06-09T18:02:18.0000000000Z	5694397	/mnt/h/AETHIEAOPSYS/TOOLIO/src/fabric/go/pkg/mod/github.com/danielmiessler/fabric@v1.4.454/web/static/fabric-logo.gif
2026-06-09T18:02:18.0000000000Z	590	/mnt/h/AETHIEAOPSYS/TOOLIO/src/fabric/go/pkg/mod/github.com/danielmiessler/fabric@v1.4.454/web/static/strategies/strategies.json
2026-06-09T18:02:18.0000000000Z	67	/mnt/h/AETHIEAOPSYS/TOOLIO/src/fabric/go/pkg/mod/github.com/danielmiessler/fabric@v1.4.454/web/static/robots.txt
2026-06-09T18:02:18.0000000000Z	672	/mnt/h/AETHIEAOPSYS/TOOLIO/src/fabric/go/pkg/mod/github.com/danielmiessler/fabric@v1.4.454/web/tsconfig.json
2026-06-09T18:02:18.0000000000Z	783	/mnt/h/AETHIEAOPSYS/TOOLIO/src/fabric/go/pkg/mod/github.com/danielmiessler/fabric@v1.4.454/web/src/routes/tags/[tag]/+page.ts
2026-06-09T18:02:18.0000000000Z	834	/mnt/h/AETHIEAOPSYS/TOOLIO/src/fabric/go/pkg/mod/github.com/danielmiessler/fabric@v1.4.454/web/src/routes/tags/+page.svelte
2026-06-09T18:02:18.0000000000Z	841	/mnt/h/AETHIEAOPSYS/TOOLIO/src/fabric/go/pkg/mod/github.com/danielmiessler/fabric@v1.4.454/web/src/routes/tags/+page.ts
2026-06-09T18:02:18.0000000000Z	88095	/mnt/h/AETHIEAOPSYS/TOOLIO/src/fabric/go/pkg/mod/github.com/danielmiessler/fabric@v1.4.454/web/static/obsidian-logo.png
2026-06-09T18:03:00.5800000000Z	0	/mnt/h/AETHIEAOPSYS/TOOLIO/src/fabric/go/pkg/mod/cache/download/github.com/danielmiessler/fabric/@v/v1.4.455.lock
2026-06-09T18:03:02.0000000000Z	201	/mnt/h/AETHIEAOPSYS/TOOLIO/src/fabric/go/pkg/mod/cache/download/github.com/danielmiessler/fabric/@v/v1.4.455.info
2026-06-09T18:08:14.0000000000Z	16071285	/mnt/h/AETHIEAOPSYS/TOOLIO/src/fabric/go/pkg/mod/cache/download/github.com/danielmiessler/fabric/@v/v1.4.455.zip188009959.tmp
2026-06-09T18:33:10.0000000000Z	1573	/mnt/h/AETHIEAOPSYS/ENV/RUNTIME/npm-cache/_logs/2026-06-09T22_33_09_753Z-debug-0.log
2026-06-09T18:33:14.0000000000Z	1960	/mnt/h/AETHIEAOPSYS/PROGRAMS/VERIFY/aesoft_audit_RUBIII_20260609T223308Z.tsv
2026-06-09T19:01:46.0000000000Z	100725055	/mnt/h/AETHIEAOPSYS/TOOLIO/bin/fabric
2026-06-09T19:01:50.0000000000Z	1573	/mnt/h/AETHIEAOPSYS/ENV/RUNTIME/npm-cache/_logs/2026-06-09T23_01_49_381Z-debug-0.log
2026-06-09T19:01:54.0000000000Z	1960	/mnt/h/AETHIEAOPSYS/PROGRAMS/VERIFY/aesoft_audit_RUBIII_20260609T230147Z.tsv
2026-06-09T19:04:22.0000000000Z	1574	/mnt/h/AETHIEAOPSYS/ENV/RUNTIME/npm-cache/_logs/2026-06-09T23_04_21_660Z-debug-0.log
2026-06-09T19:04:26.0000000000Z	1964	/mnt/h/AETHIEAOPSYS/PROGRAMS/VERIFY/aesoft_audit_RUBIII_20260609T230420Z.tsv
2026-06-09T19:07:04.0000000000Z	1574	/mnt/h/AETHIEAOPSYS/ENV/RUNTIME/npm-cache/_logs/2026-06-09T23_07_03_236Z-debug-0.log
2026-06-09T19:07:08.0000000000Z	1964	/mnt/h/AETHIEAOPSYS/PROGRAMS/VERIFY/aesoft_audit_RUBIII_20260609T230701Z.tsv
2026-06-09T19:07:08.0000000000Z	4254	/mnt/h/AETHIEAOPSYS/TOOLIO/fabric/receipts/fabric_proof_RUBIII_20260609T230658Z.txt
2026-06-09T20:48:18.0000000000Z	817	/mnt/h/AETHIEAOPSYS/DATA/OBSIDIAN/obsidian_windows_install_RUBIII_20260609T204813Z.txt
2026-06-09T21:04:28.0000000000Z	565	/mnt/h/AETHIEAOPSYS/CONFIG/provider/proxmox/provider.json
2026-06-09T21:04:58.0000000000Z	621	/mnt/h/AETHIEAOPSYS/CONFIG/provider/runpod/provider.json
2026-06-09T21:05:04.0000000000Z	1444	/mnt/h/AETHIEAOPSYS/CONFIG/network/vlans/aethiea_vlan_map.json
2026-06-09T21:05:18.0000000000Z	803	/mnt/h/AETHIEAOPSYS/CONFIG/network/vlans/receipts/proxmox_runpod_vlan_registration_RUBIII_20260610T010515Z.txt
2026-06-09T21:05:18.0000000000Z	803	/mnt/h/AETHIEAOPSYS/SERVICES/proxmox/receipts/proxmox_runpod_vlan_registration_RUBIII_20260610T010515Z.txt
2026-06-09T21:05:18.0000000000Z	803	/mnt/h/AETHIEAOPSYS/SERVICES/runpod/receipts/proxmox_runpod_vlan_registration_RUBIII_20260610T010515Z.txt
2026-06-09T21:11:42.0000000000Z	1574	/mnt/h/AETHIEAOPSYS/ENV/RUNTIME/npm-cache/_logs/2026-06-10T01_11_39_907Z-debug-0.log
2026-06-09T21:11:44.0000000000Z	1964	/mnt/h/AETHIEAOPSYS/PROGRAMS/VERIFY/aesoft_audit_RUBIII_20260610T011138Z.tsv
2026-06-09T21:17:18.0000000000Z	136	/mnt/h/AETHIEAOPSYS/SERVICES/prometheus/config/prometheus.yml
2026-06-09T21:23:14.0000000000Z	13676706	/mnt/h/AETHIEAOPSYS/TOOLIO/bin/runpodctl
2026-06-09T21:23:50.0000000000Z	1573	/mnt/h/AETHIEAOPSYS/ENV/RUNTIME/npm-cache/_logs/2026-06-10T01_23_48_000Z-debug-0.log
2026-06-09T21:23:52.0000000000Z	2056	/mnt/h/AETHIEAOPSYS/PROGRAMS/VERIFY/aesoft_audit_RUBIII_20260610T012346Z.tsv
2026-06-09T21:23:54.0000000000Z	4793	/mnt/h/AETHIEAOPSYS/SERVICES/grafana/receipts/gap_fill_prometheus_grafana_runpod_RUBIII_20260610T012345Z.txt
2026-06-09T21:23:54.0000000000Z	4793	/mnt/h/AETHIEAOPSYS/SERVICES/prometheus/receipts/gap_fill_prometheus_grafana_runpod_RUBIII_20260610T012345Z.txt
2026-06-09T21:23:54.0000000000Z	4793	/mnt/h/AETHIEAOPSYS/SERVICES/runpod/receipts/gap_fill_prometheus_grafana_runpod_RUBIII_20260610T012345Z.txt
2026-06-09T21:29:58.0000000000Z	1573	/mnt/h/AETHIEAOPSYS/ENV/RUNTIME/npm-cache/_logs/2026-06-10T01_29_57_764Z-debug-0.log
2026-06-09T21:30:02.0000000000Z	2056	/mnt/h/AETHIEAOPSYS/PROGRAMS/VERIFY/aesoft_audit_RUBIII_20260610T012956Z.tsv
2026-06-09T21:30:04.0000000000Z	3706	/mnt/h/AETHIEAOPSYS/SERVICES/grafana/receipts/grafana_fix_RUBIII_20260610T012955Z.txt
2026-06-09T21:34:00.0000000000Z	1574	/mnt/h/AETHIEAOPSYS/ENV/RUNTIME/npm-cache/_logs/2026-06-10T01_33_59_374Z-debug-0.log
2026-06-09T21:34:08.0000000000Z	2215	/mnt/h/AETHIEAOPSYS/PROGRAMS/VERIFY/aesoft_audit_RUBIII_20260610T013354Z.tsv
2026-06-09T21:36:12.0000000000Z	1573	/mnt/h/AETHIEAOPSYS/ENV/RUNTIME/npm-cache/_logs/2026-06-10T01_36_10_264Z-debug-0.log
2026-06-09T21:36:14.0000000000Z	2215	/mnt/h/AETHIEAOPSYS/PROGRAMS/VERIFY/aesoft_audit_RUBIII_20260610T013609Z.tsv
2026-06-09T21:36:14.0000000000Z	5500	/mnt/h/AETHIEAOPSYS/SERVICES/grafana/receipts/grafana_success_RUBIII_20260610T013609Z.txt
2026-06-09T21:42:26.0000000000Z	1573	/mnt/h/AETHIEAOPSYS/ENV/RUNTIME/npm-cache/_logs/2026-06-10T01_42_25_222Z-debug-0.log
2026-06-09T21:42:30.0000000000Z	2215	/mnt/h/AETHIEAOPSYS/PROGRAMS/VERIFY/aesoft_audit_RUBIII_20260610T014224Z.tsv
2026-06-09T21:42:32.0000000000Z	5500	/mnt/h/AETHIEAOPSYS/SERVICES/grafana/receipts/grafana_success_RUBIII_20260610T014223Z.txt
2026-06-09T21:50:34.0000000000Z	82	/mnt/h/AETHIEAOPSYS/CONFIG/ssh/aethiea_operator.pub
2026-06-09T21:51:40.0000000000Z	660	/mnt/h/AETHIEAOPSYS/SERVICES/ssh/receipts/ssh_public_key_register_RUBIII_20260610T015137Z.txt
2026-06-09T21:53:32.0000000000Z	257	/mnt/h/AETHIEAOPSYS/CONFIG/ssh/inventory/ssh_targets.tsv
2026-06-09T21:53:44.0000000000Z	1229	/mnt/h/AETHIEAOPSYS/TOOLIO/ssh/aessh-push-key
2026-06-09T21:57:22.0000000000Z	1573	/mnt/h/AETHIEAOPSYS/ENV/RUNTIME/npm-cache/_logs/2026-06-10T01_57_20_428Z-debug-0.log
2026-06-09T21:57:26.0000000000Z	2215	/mnt/h/AETHIEAOPSYS/PROGRAMS/VERIFY/aesoft_audit_RUBIII_20260610T015719Z.tsv
2026-06-09T22:04:50.0000000000Z	1380	/mnt/h/AETHIEAOPSYS/CONFIG/observability/observability_modes.json
2026-06-09T22:05:02.0000000000Z	1934	/mnt/h/AETHIEAOPSYS/SERVICES/observability/receipts/observability_modes_RUBIII_20260610T020500Z.txt
2026-06-09T22:08:22.0000000000Z	1680	/mnt/h/AETHIEAOPSYS/TOOLIO/bin/ae-status
2026-06-09T22:08:26.0000000000Z	1573	/mnt/h/AETHIEAOPSYS/ENV/RUNTIME/npm-cache/_logs/2026-06-10T02_08_24_187Z-debug-0.log
2026-06-09T22:08:30.0000000000Z	2215	/mnt/h/AETHIEAOPSYS/PROGRAMS/VERIFY/aesoft_audit_RUBIII_20260610T020822Z.tsv
2026-06-09T22:08:38.0000000000Z	1574	/mnt/h/AETHIEAOPSYS/ENV/RUNTIME/npm-cache/_logs/2026-06-10T02_08_36_505Z-debug-0.log
2026-06-09T22:08:40.0000000000Z	2215	/mnt/h/AETHIEAOPSYS/PROGRAMS/VERIFY/aesoft_audit_RUBIII_20260610T020835Z.tsv
2026-06-09T22:08:42.0000000000Z	5233	/mnt/h/AETHIEAOPSYS/DATA/STATUS/receipts/ae_status_RUBIII_20260610T020835Z.txt
2026-06-09T22:13:02.0000000000Z	623	/mnt/h/AETHIEAOPSYS/TOOLIO/bin/ae-status-boot-receipt
2026-06-09T22:13:18.0000000000Z	1502	/mnt/h/AETHIEAOPSYS/ENV/RUNTIME/npm-cache/_logs/2026-06-10T02_13_15_903Z-debug-0.log
2026-06-09T22:13:20.0000000000Z	2040	/mnt/h/AETHIEAOPSYS/PROGRAMS/VERIFY/aesoft_audit_RUBIII_20260610T021314Z.tsv
2026-06-09T22:13:20.0000000000Z	3147	/mnt/h/AETHIEAOPSYS/LOGS/BOOT/aevps_startup.log
2026-06-09T22:13:20.0000000000Z	4807	/mnt/h/AETHIEAOPSYS/DATA/STATUS/receipts/ae_status_BOOT_RUBIII_20260610T021314Z.txt
2026-06-09T22:20:30.0000000000Z	1969	/mnt/h/AETHIEAOPSYS/TOOLIO/bin/ae-bootproof
2026-06-10T11:03:30.0000000000Z	2602	/mnt/h/AETHIEAOPSYS/TOOLIO/bin/aesoft-audit.bak.20260610T150328Z
2026-06-10T11:03:30.0000000000Z	2644	/mnt/h/AETHIEAOPSYS/TOOLIO/bin/aesoft-audit
2026-06-10T11:03:34.0000000000Z	1574	/mnt/h/AETHIEAOPSYS/ENV/RUNTIME/npm-cache/_logs/2026-06-10T15_03_31_983Z-debug-0.log
2026-06-10T11:03:38.0000000000Z	2281	/mnt/h/AETHIEAOPSYS/PROGRAMS/VERIFY/aesoft_audit_RUBIII_20260610T150330Z.tsv
2026-06-10T11:03:54.0000000000Z	1573	/mnt/h/AETHIEAOPSYS/ENV/RUNTIME/npm-cache/_logs/2026-06-10T15_03_53_475Z-debug-0.log
2026-06-10T11:03:58.0000000000Z	2281	/mnt/h/AETHIEAOPSYS/PROGRAMS/VERIFY/aesoft_audit_RUBIII_20260610T150352Z.tsv
2026-06-10T11:04:10.0000000000Z	6178	/mnt/h/AETHIEAOPSYS/HERMES/receipts/hermes_proof_RUBIII_20260610T150352Z.txt
2026-06-10T11:04:22.0000000000Z	1573	/mnt/h/AETHIEAOPSYS/ENV/RUNTIME/npm-cache/_logs/2026-06-10T15_04_20_547Z-debug-0.log
2026-06-10T11:04:26.0000000000Z	2281	/mnt/h/AETHIEAOPSYS/PROGRAMS/VERIFY/aesoft_audit_RUBIII_20260610T150419Z.tsv
2026-06-10T11:04:30.0000000000Z	271	/mnt/h/AETHIEAOPSYS/DATA/RUNTIME/AESOFT_AUDIT_STATUS.md
2026-06-10T11:04:34.0000000000Z	6178	/mnt/h/AETHIEAOPSYS/HERMES/receipts/hermes_proof_RUBIII_20260610T150419Z.txt
2026-06-10T16:52:34.0000000000Z	105	/mnt/h/AETHIEAOPSYS/DATA/AUDIT/filesystem/20260610T205228Z/01_ROOTS.txt
2026-06-10T16:52:34.0000000000Z	98	/mnt/h/AETHIEAOPSYS/DATA/AUDIT/filesystem/20260610T205228Z/00_AUDIT_HEADER.txt
2026-06-10T16:52:42.0000000000Z	211355	/mnt/h/AETHIEAOPSYS/DATA/AUDIT/filesystem/20260610T205228Z/02_DIRECTORIES_FULL.txt
2026-06-10T16:52:48.9100000000Z	0	/mnt/h/AETHIEAOPSYS/DATA/AUDIT/filesystem/20260610T205228Z/04_SYMLINKS.txt
2026-06-10T16:52:50.0000000000Z	561881	/mnt/h/AETHIEAOPSYS/DATA/AUDIT/filesystem/20260610T205228Z/03_FILES_FULL.txt
2026-06-10T16:52:55.8600000000Z	0	/mnt/h/AETHIEAOPSYS/DATA/AUDIT/filesystem/20260610T205228Z/05_FILE_METADATA.tsv
